time,area,model,actual,predicted
2013-12-16 00:00:00+01:00,5161,AR,346.4602756860823,330.84302006243604
2013-12-16 00:10:00+01:00,5161,AR,335.47935978758,332.6675033931167
2013-12-16 00:20:00+01:00,5161,AR,321.9108181220995,327.88900447885555
2013-12-16 00:30:00+01:00,5161,AR,286.600020724892,318.4179467171392
2013-12-16 00:40:00+01:00,5161,AR,299.6622130058684,290.0360663950443
2013-12-16 00:50:00+01:00,5161,AR,247.85451044061097,291.34019116529123
2013-12-16 01:00:00+01:00,5161,AR,235.4923578044656,258.5095601954081
2013-12-16 01:10:00+01:00,5161,AR,268.6986469622539,246.58493007612805
2013-12-16 01:20:00+01:00,5161,AR,252.07262947594268,257.58110878788773
2013-12-16 01:30:00+01:00,5161,AR,218.3795688570358,252.26405863320625
2013-12-16 01:40:00+01:00,5161,AR,231.68236946057067,239.57827127433015
2013-12-16 01:50:00+01:00,5161,AR,209.62328125234657,241.23628972706967
2013-12-16 02:00:00+01:00,5161,AR,209.11710109328376,232.48403973850185
2013-12-16 02:10:00+01:00,5161,AR,235.20218140229807,222.99070832329028
2013-12-16 02:20:00+01:00,5161,AR,214.24267087954345,235.8539617078857
2013-12-16 02:30:00+01:00,5161,AR,207.9650075191223,233.5044379826495
2013-12-16 02:40:00+01:00,5161,AR,218.9016873174376,228.45409670583905
2013-12-16 02:50:00+01:00,5161,AR,192.52117308206127,237.79285557628003
2013-12-16 03:00:00+01:00,5161,AR,199.50375341265507,221.156767146015
2013-12-16 03:10:00+01:00,5161,AR,205.08748105394343,219.4869956937586
2013-12-16 03:20:00+01:00,5161,AR,198.84102663165817,223.0906708839602
2013-12-16 03:30:00+01:00,5161,AR,199.2838699268772,222.03027775333976
2013-12-16 03:40:00+01:00,5161,AR,209.1224585157593,220.17927386318473
2013-12-16 03:50:00+01:00,5161,AR,184.26078191472104,226.3301710184315
2013-12-16 04:00:00+01:00,5161,AR,201.11851402503288,213.878362147365
2013-12-16 04:10:00+01:00,5161,AR,209.11015269754415,216.88252664144457
2013-12-16 04:20:00+01:00,5161,AR,183.43297665352517,228.04217696587756
2013-12-16 04:30:00+01:00,5161,AR,199.9571860767021,213.34102872318343
2013-12-16 04:40:00+01:00,5161,AR,200.83169763798787,218.04552993940433
2013-12-16 04:50:00+01:00,5161,AR,179.14809387736145,221.67148427534465
2013-12-16 05:00:00+01:00,5161,AR,210.14604922304895,210.86186871284863
2013-12-16 05:10:00+01:00,5161,AR,205.1439227582623,223.36022817967165
2013-12-16 05:20:00+01:00,5161,AR,189.92653477212093,224.6934207576711
2013-12-16 05:30:00+01:00,5161,AR,202.235955127159,223.14946127645808
2013-12-16 05:40:00+01:00,5161,AR,209.58280854964187,221.52488440123025
2013-12-16 05:50:00+01:00,5161,AR,187.69509257088845,234.56759032869775
2013-12-16 06:00:00+01:00,5161,AR,199.1373964912097,220.52444471214693
2013-12-16 06:10:00+01:00,5161,AR,207.1425943707448,222.39325274310744
2013-12-16 06:20:00+01:00,5161,AR,193.52404734417755,232.34063714711596
2013-12-16 06:30:00+01:00,5161,AR,233.35507042522215,225.00130940259712
2013-12-16 06:40:00+01:00,5161,AR,318.2608912096858,242.9492474616191
2013-12-16 06:50:00+01:00,5161,AR,289.0319077610065,299.3612574677595
2013-12-16 07:00:00+01:00,5161,AR,270.3490785552023,311.36193802705606
2013-12-16 07:10:00+01:00,5161,AR,247.3762025310514,308.44176855924775
2013-12-16 07:20:00+01:00,5161,AR,269.4000826550063,295.2735908372047
2013-12-16 07:30:00+01:00,5161,AR,277.75619658853867,303.2128386020511
2013-12-16 07:40:00+01:00,5161,AR,299.5086220330908,310.63972087355376
2013-12-16 07:50:00+01:00,5161,AR,318.2389965910482,324.6663920403639
2013-12-16 08:00:00+01:00,5161,AR,395.3235506470523,359.8644610695295
2013-12-16 08:10:00+01:00,5161,AR,432.19434248309,400.75090790111346
2013-12-16 08:20:00+01:00,5161,AR,419.6881915490129,446.5704479155707
2013-12-16 08:30:00+01:00,5161,AR,572.1271501097597,455.8919272181706
2013-12-16 08:40:00+01:00,5161,AR,695.2920762105917,569.665231508927
2013-12-16 08:50:00+01:00,5161,AR,704.8020496166409,680.9836344281824
2013-12-16 09:00:00+01:00,5161,AR,789.2131820467196,725.2981606213455
2013-12-16 09:10:00+01:00,5161,AR,869.7986213305568,817.9377821743523
2013-12-16 09:20:00+01:00,5161,AR,834.4705463862927,899.3863355317965
2013-12-16 09:30:00+01:00,5161,AR,946.5521361813196,906.1557191077884
2013-12-16 09:40:00+01:00,5161,AR,943.608273600397,980.9770349727332
2013-12-16 09:50:00+01:00,5161,AR,961.7044601238024,1023.0218363025724
2013-12-16 10:00:00+01:00,5161,AR,1011.94957642315,1074.1454227564511
2013-12-16 10:10:00+01:00,5161,AR,947.5970402099954,1102.7067054351985
2013-12-16 10:20:00+01:00,5161,AR,1048.6559854844909,1098.7460195759572
2013-12-16 10:30:00+01:00,5161,AR,1179.4794231089295,1212.2357240735205
2013-12-16 10:40:00+01:00,5161,AR,1383.9190538649898,1260.8715576920922
2013-12-16 10:50:00+01:00,5161,AR,1328.741719369997,1430.483286807667
2013-12-16 11:00:00+01:00,5161,AR,1379.0597497974818,1479.6269167940802
2013-12-16 11:10:00+01:00,5161,AR,1550.8689446759556,1540.7252786739184
2013-12-16 11:20:00+01:00,5161,AR,1559.009767136589,1695.8201349549545
2013-12-16 11:30:00+01:00,5161,AR,1864.441210866045,1732.0868544430175
2013-12-16 11:40:00+01:00,5161,AR,1848.0159730803723,1970.4394452387648
2013-12-16 11:50:00+01:00,5161,AR,1709.3956800194203,2070.5980202336905
2013-12-16 12:00:00+01:00,5161,AR,1961.1586501560191,2080.878947252798
2013-12-16 12:10:00+01:00,5161,AR,2086.6458370194973,2191.208484040553
2013-12-16 12:20:00+01:00,5161,AR,1910.078748875039,2269.2173252084685
2013-12-16 12:30:00+01:00,5161,AR,2116.0875529682694,2274.4592587640864
2013-12-16 12:40:00+01:00,5161,AR,2292.748232383706,2350.1653393918455
2013-12-16 12:50:00+01:00,5161,AR,2109.0093096825776,2464.8456064285497
2013-12-16 13:00:00+01:00,5161,AR,2360.444586874856,2468.685360501357
2013-12-16 13:10:00+01:00,5161,AR,2505.1448609885597,2521.421759021284
2013-12-16 13:20:00+01:00,5161,AR,2585.237945075984,2686.268366582672
2013-12-16 13:30:00+01:00,5161,AR,2969.4912966951615,2778.5813868976293
2013-12-16 13:40:00+01:00,5161,AR,3057.329998717289,3005.4145984305487
2013-12-16 13:50:00+01:00,5161,AR,2938.0559341446656,3176.414736856873
2013-12-16 14:00:00+01:00,5161,AR,2866.0698551966134,3161.95708690937
2013-12-16 14:10:00+01:00,5161,AR,2798.730042548761,3116.312151007052
2013-12-16 14:20:00+01:00,5161,AR,2803.0944132442064,3077.12171572532
2013-12-16 14:30:00+01:00,5161,AR,2646.839995041431,3105.927049251119
2013-12-16 14:40:00+01:00,5161,AR,2462.657669090256,2943.6911960261245
2013-12-16 14:50:00+01:00,5161,AR,2350.5298729564715,2786.933449297243
2013-12-16 15:00:00+01:00,5161,AR,2328.2551919181833,2658.158088475055
2013-12-16 15:10:00+01:00,5161,AR,2480.486210220391,2572.829560210622
2013-12-16 15:20:00+01:00,5161,AR,2310.557989680255,2567.4804570004785
2013-12-16 15:30:00+01:00,5161,AR,2615.6434931024114,2457.024624727768
2013-12-16 15:40:00+01:00,5161,AR,2538.410514803179,2630.8433591503713
2013-12-16 15:50:00+01:00,5161,AR,2448.4735785178286,2623.992968696211
2013-12-16 16:00:00+01:00,5161,AR,2772.0136173328397,2607.735142647622
2013-12-16 16:10:00+01:00,5161,AR,2690.519512294492,2807.4353727563766
2013-12-16 16:20:00+01:00,5161,AR,2592.6479521449105,2796.568277536824
2013-12-16 16:30:00+01:00,5161,AR,2785.390971012687,2779.944625355225
2013-12-16 16:40:00+01:00,5161,AR,2619.2588713685946,2912.7881664505503
2013-12-16 16:50:00+01:00,5161,AR,2633.5863525536292,2825.3108212808875
2013-12-16 17:00:00+01:00,5161,AR,2544.4759066480965,2830.3093391626658
2013-12-16 17:10:00+01:00,5161,AR,2674.0369944306767,2741.283703056167
2013-12-16 17:20:00+01:00,5161,AR,2557.115005499669,2777.7865814229554
2013-12-16 17:30:00+01:00,5161,AR,2391.7550214881935,2732.325106145025
2013-12-16 17:40:00+01:00,5161,AR,2553.3016046389957,2584.9706872484007
2013-12-16 17:50:00+01:00,5161,AR,2696.691356432064,2633.5470078749768
2013-12-16 18:00:00+01:00,5161,AR,2386.359150415242,2691.020198365023
2013-12-16 18:10:00+01:00,5161,AR,2363.5816467366058,2590.2921061127017
2013-12-16 18:20:00+01:00,5161,AR,2429.0901584813646,2554.4482589149834
2013-12-16 18:30:00+01:00,5161,AR,2416.330809952751,2535.0950318193945
2013-12-16 18:40:00+01:00,5161,AR,2332.473836769392,2506.135293739509
2013-12-16 18:50:00+01:00,5161,AR,2197.7908076534222,2384.1950345327245
2013-12-16 19:00:00+01:00,5161,AR,2127.2325690818066,2310.7458299388445
2013-12-16 19:10:00+01:00,5161,AR,2131.436996204718,2240.1214355505435
2013-12-16 19:20:00+01:00,5161,AR,1931.2818337151923,2196.170914114537
2013-12-16 19:30:00+01:00,5161,AR,1857.6205597025655,2040.8738966009432
2013-12-16 19:40:00+01:00,5161,AR,1720.8193322763295,1942.3345008422225
2013-12-16 19:50:00+01:00,5161,AR,1719.8895638319543,1791.031702149418
2013-12-16 20:00:00+01:00,5161,AR,1494.5802591991269,1740.359083564731
2013-12-16 20:10:00+01:00,5161,AR,1387.2497562192434,1542.870724717979
2013-12-16 20:20:00+01:00,5161,AR,1310.2693516543166,1425.4032762747388
2013-12-16 20:30:00+01:00,5161,AR,1161.102544897296,1325.6750896467388
2013-12-16 20:40:00+01:00,5161,AR,1097.7890773365518,1156.3278673694094
2013-12-16 20:50:00+01:00,5161,AR,1052.0191730358947,1060.9887955974705
2013-12-16 21:00:00+01:00,5161,AR,966.3624734017344,976.4384887514613
2013-12-16 21:10:00+01:00,5161,AR,789.5047907686429,941.4928694665936
2013-12-16 21:20:00+01:00,5161,AR,889.2621867595232,785.2006552286902
2013-12-16 21:30:00+01:00,5161,AR,790.8689030678371,824.3732450654221
2013-12-16 21:40:00+01:00,5161,AR,795.4713223064675,781.4759787270941
2013-12-16 21:50:00+01:00,5161,AR,769.1046473823518,725.1867609117094
2013-12-16 22:00:00+01:00,5161,AR,695.0575355658402,755.3302814936321
2013-12-16 22:10:00+01:00,5161,AR,614.0004076521011,683.9810718941608
2013-12-16 22:20:00+01:00,5161,AR,642.0886257461541,610.0043782280374
2013-12-16 22:30:00+01:00,5161,AR,682.7367134788166,588.9858546597806
2013-12-16 22:40:00+01:00,5161,AR,582.5713171728919,609.0967737023655
2013-12-16 22:50:00+01:00,5161,AR,860.3829426100458,572.9363382073519
2013-12-16 23:00:00+01:00,5161,AR,633.4714392077531,732.8102132121805
2013-12-16 23:10:00+01:00,5161,AR,543.3787492850882,662.0038546814651
2013-12-16 23:20:00+01:00,5161,AR,597.4091750516162,588.3500642713195
2013-12-16 23:30:00+01:00,5161,AR,610.5447066159588,562.8566149069964
2013-12-16 23:40:00+01:00,5161,AR,333.73604574735816,563.2228752314933
2013-12-16 23:50:00+01:00,5161,AR,394.09169937420666,426.224918251707
2013-12-17 00:00:00+01:00,5161,AR,417.1658336622054,400.4544619316547
2013-12-17 00:10:00+01:00,5161,AR,311.190922064494,395.8042880664337
2013-12-17 00:20:00+01:00,5161,AR,445.8624530921254,327.4467204056009
2013-12-17 00:30:00+01:00,5161,AR,342.1665759456991,360.2101459480051
2013-12-17 00:40:00+01:00,5161,AR,318.0864419863345,324.0804912709348
2013-12-17 00:50:00+01:00,5161,AR,304.5793150069837,317.5110564397972
2013-12-17 01:00:00+01:00,5161,AR,302.764988141766,285.76192540157126
2013-12-17 01:10:00+01:00,5161,AR,232.7316643734294,287.7583554674992
2013-12-17 01:20:00+01:00,5161,AR,268.7747995622892,252.4392445170023
2013-12-17 01:30:00+01:00,5161,AR,226.48288796489103,257.30353437170686
2013-12-17 01:40:00+01:00,5161,AR,187.17806591260253,241.5638232834901
2013-12-17 01:50:00+01:00,5161,AR,223.17185846057697,218.49411435952763
2013-12-17 02:00:00+01:00,5161,AR,234.36075561978643,216.57259735741096
2013-12-17 02:10:00+01:00,5161,AR,216.70508100954143,219.8304476881443
2013-12-17 02:20:00+01:00,5161,AR,229.82294206070475,224.99057359066785
2013-12-17 02:30:00+01:00,5161,AR,209.51703585982187,229.4679671988711
2013-12-17 02:40:00+01:00,5161,AR,183.13840232603152,224.917369428524
2013-12-17 02:50:00+01:00,5161,AR,202.82635390458003,212.54644096500587
2013-12-17 03:00:00+01:00,5161,AR,204.5113759135692,213.7457376513612
2013-12-17 03:10:00+01:00,5161,AR,173.604901178288,214.83663640503988
2013-12-17 03:20:00+01:00,5161,AR,195.62657722787543,209.1526300311388
2013-12-17 03:30:00+01:00,5161,AR,199.53999388768037,215.22146702395435
2013-12-17 03:40:00+01:00,5161,AR,188.96452205209215,214.3858254334038
2013-12-17 03:50:00+01:00,5161,AR,206.67401810190816,219.0446774323863
2013-12-17 04:00:00+01:00,5161,AR,213.5412026694256,218.53987909718637
2013-12-17 04:10:00+01:00,5161,AR,164.38318781264684,225.5641452639942
2013-12-17 04:20:00+01:00,5161,AR,205.71875081404303,215.424347412248
2013-12-17 04:30:00+01:00,5161,AR,189.8337937590183,221.6422123335399
2013-12-17 04:40:00+01:00,5161,AR,165.30069476948887,213.98595748303737
2013-12-17 04:50:00+01:00,5161,AR,211.25015265660855,206.287590886197
2013-12-17 05:00:00+01:00,5161,AR,207.73287305906223,222.72484187729293
2013-12-17 05:10:00+01:00,5161,AR,186.83726648585449,224.1875529524299
2013-12-17 05:20:00+01:00,5161,AR,212.57007106479435,221.08636518627588
2013-12-17 05:30:00+01:00,5161,AR,199.1200000905363,227.05377666090425
2013-12-17 05:40:00+01:00,5161,AR,189.68363995546855,225.65113045461288
2013-12-17 05:50:00+01:00,5161,AR,206.416556683001,224.39134606357845
2013-12-17 06:00:00+01:00,5161,AR,199.1442836261162,225.5234673748772
2013-12-17 06:10:00+01:00,5161,AR,175.57236746877405,225.9477008081492
2013-12-17 06:20:00+01:00,5161,AR,211.8952069101305,217.6922460605603
2013-12-17 06:30:00+01:00,5161,AR,229.9729622000492,226.17715181540476
2013-12-17 06:40:00+01:00,5161,AR,222.1182693543896,246.66515940435863
2013-12-17 06:50:00+01:00,5161,AR,266.95532831615634,251.7119178536304
2013-12-17 07:00:00+01:00,5161,AR,266.657720025219,277.42751542631373
2013-12-17 07:10:00+01:00,5161,AR,264.9793853207954,287.81841117584514
2013-12-17 07:20:00+01:00,5161,AR,299.7556316617965,304.21134190623246
2013-12-17 07:30:00+01:00,5161,AR,341.2189995132583,319.3074619912272
2013-12-17 07:40:00+01:00,5161,AR,302.00634130821595,353.2411636886296
2013-12-17 07:50:00+01:00,5161,AR,336.06756291396573,352.3412752796906
2013-12-17 08:00:00+01:00,5161,AR,375.193126163595,381.21727895637326
2013-12-17 08:10:00+01:00,5161,AR,397.58103424537035,409.2297934206256
2013-12-17 08:20:00+01:00,5161,AR,489.1837540406109,442.19502529650464
2013-12-17 08:30:00+01:00,5161,AR,534.2421996729204,515.5613831444792
2013-12-17 08:40:00+01:00,5161,AR,660.0386766733408,575.5166160054218
2013-12-17 08:50:00+01:00,5161,AR,617.4211150070694,727.2313221126238
2013-12-17 09:00:00+01:00,5161,AR,824.7165321501712,715.6656210787933
2013-12-17 09:10:00+01:00,5161,AR,862.9117006227889,839.5830839931364
2013-12-17 09:20:00+01:00,5161,AR,903.3844859707318,907.3119165256876
2013-12-17 09:30:00+01:00,5161,AR,993.210595650582,986.0280418823196
2013-12-17 09:40:00+01:00,5161,AR,1057.962274297578,1058.357371227777
2013-12-17 09:50:00+01:00,5161,AR,1036.068800256966,1134.8920448470078
2013-12-17 10:00:00+01:00,5161,AR,1217.511462221508,1150.1654666223778
2013-12-17 10:10:00+01:00,5161,AR,1188.263378878907,1266.717189242308
2013-12-17 10:20:00+01:00,5161,AR,1214.9234997508631,1282.5448038912616
2013-12-17 10:30:00+01:00,5161,AR,1532.373814153843,1332.7613953956304
2013-12-17 10:40:00+01:00,5161,AR,1466.265536923937,1528.0082031278723
2013-12-17 10:50:00+01:00,5161,AR,1664.7877122926457,1559.536540187999
2013-12-17 11:00:00+01:00,5161,AR,1818.2194392016495,1725.4358173977469
2013-12-17 11:10:00+01:00,5161,AR,1694.5821651072915,1835.4691086971784
2013-12-17 11:20:00+01:00,5161,AR,1874.4421670010972,1879.598154233466
2013-12-17 11:30:00+01:00,5161,AR,2035.2654295938864,1985.2963757241564
2013-12-17 11:40:00+01:00,5161,AR,2138.9643839805203,2099.393121820077
2013-12-17 11:50:00+01:00,5161,AR,2250.6002373228757,2207.28088244647
2013-12-17 12:00:00+01:00,5161,AR,2388.4728607154652,2354.5780080304576
2013-12-17 12:10:00+01:00,5161,AR,2460.7340250945,2474.5415456240744
2013-12-17 12:20:00+01:00,5161,AR,2415.10364278647,2529.3359700046335
2013-12-17 12:30:00+01:00,5161,AR,2763.06830619554,2562.390034894249
2013-12-17 12:40:00+01:00,5161,AR,2744.7373200107468,2751.618883792836
2013-12-17 12:50:00+01:00,5161,AR,2774.442905314343,2794.9739714338075
2013-12-17 13:00:00+01:00,5161,AR,3062.45790754789,2868.3031407655085
2013-12-17 13:10:00+01:00,5161,AR,3291.7274686501946,3060.30312578339
2013-12-17 13:20:00+01:00,5161,AR,3444.1061813997912,3263.4804012343134
2013-12-17 13:30:00+01:00,5161,AR,3373.385469124204,3419.6748917965774
2013-12-17 13:40:00+01:00,5161,AR,3342.42710469514,3486.807191194037
2013-12-17 13:50:00+01:00,5161,AR,3505.4326047263203,3542.0004970443006
2013-12-17 14:00:00+01:00,5161,AR,3803.937616319148,3564.691941979492
2013-12-17 14:10:00+01:00,5161,AR,3543.513444996852,3709.8482994464416
2013-12-17 14:20:00+01:00,5161,AR,3208.639047949593,3640.725349555591
2013-12-17 14:30:00+01:00,5161,AR,3234.573184153639,3407.0234772301555
2013-12-17 14:40:00+01:00,5161,AR,3110.679375492337,3337.522647633476
2013-12-17 14:50:00+01:00,5161,AR,3139.696400012281,3161.4184450560024
2013-12-17 15:00:00+01:00,5161,AR,2945.246655483483,3085.636973754576
2013-12-17 15:10:00+01:00,5161,AR,2766.0856261656504,2963.151211803298
2013-12-17 15:20:00+01:00,5161,AR,3100.9320527364307,2851.665847552711
2013-12-17 15:30:00+01:00,5161,AR,3517.6779838970688,2937.586753322663
2013-12-17 15:40:00+01:00,5161,AR,3524.8950637229223,3191.977285306332
2013-12-17 15:50:00+01:00,5161,AR,3358.1033771379425,3270.5953801808705
2013-12-17 16:00:00+01:00,5161,AR,3876.9596688803167,3273.2907657465403
2013-12-17 16:10:00+01:00,5161,AR,3759.0381920283567,3572.971133860363
2013-12-17 16:20:00+01:00,5161,AR,3837.149429379931,3599.9689654934764
2013-12-17 16:30:00+01:00,5161,AR,3774.9139555075462,3701.532065844256
2013-12-17 16:40:00+01:00,5161,AR,3495.152450283321,3706.889496471877
2013-12-17 16:50:00+01:00,5161,AR,3764.598747655105,3586.7823259650154
2013-12-17 17:00:00+01:00,5161,AR,3746.0461928270543,3716.689502664156
2013-12-17 17:10:00+01:00,5161,AR,3641.879833568656,3680.7769703039025
2013-12-17 17:20:00+01:00,5161,AR,3795.9837000928255,3629.6309836678897
2013-12-17 17:30:00+01:00,5161,AR,3566.969016036498,3611.681770323907
2013-12-17 17:40:00+01:00,5161,AR,3228.2769520553015,3519.6196933207225
2013-12-17 17:50:00+01:00,5161,AR,3273.0973652775074,3274.9970511021324
2013-12-17 18:00:00+01:00,5161,AR,3197.365310400741,3169.8185938879665
2013-12-17 18:10:00+01:00,5161,AR,3225.8514510239543,3070.7556909038103
2013-12-17 18:20:00+01:00,5161,AR,2850.038959897034,3080.582458796719
2013-12-17 18:30:00+01:00,5161,AR,3065.798054716381,2848.3153984971887
2013-12-17 18:40:00+01:00,5161,AR,2853.2895455813655,2890.7609180951204
2013-12-17 18:50:00+01:00,5161,AR,2902.8008407747493,2705.2585253811285
2013-12-17 19:00:00+01:00,5161,AR,2814.6861456313604,2696.5481884783476
2013-12-17 19:10:00+01:00,5161,AR,2951.3239482580657,2644.577905534573
2013-12-17 19:20:00+01:00,5161,AR,2730.481583025756,2701.3915147213183
2013-12-17 19:30:00+01:00,5161,AR,2447.7034023463807,2625.2061305925636
2013-12-17 19:40:00+01:00,5161,AR,2416.36748363333,2417.040651623308
2013-12-17 19:50:00+01:00,5161,AR,2257.174864360952,2327.6750612812048
2013-12-17 20:00:00+01:00,5161,AR,2049.735272998335,2175.0882298288225
2013-12-17 20:10:00+01:00,5161,AR,1769.0593633250392,1996.654766741854
2013-12-17 20:20:00+01:00,5161,AR,1671.03085540267,1774.3381083257686
2013-12-17 20:30:00+01:00,5161,AR,1472.3549846994715,1604.7295735953796
2013-12-17 20:40:00+01:00,5161,AR,1444.258579760407,1425.1510004124254
2013-12-17 20:50:00+01:00,5161,AR,1219.8507002396602,1295.072329717468
2013-12-17 21:00:00+01:00,5161,AR,1171.962370084583,1106.152820821469
2013-12-17 21:10:00+01:00,5161,AR,1066.5071142007228,1027.3927926802626
2013-12-17 21:20:00+01:00,5161,AR,1065.675344189218,965.9519119744708
2013-12-17 21:30:00+01:00,5161,AR,1107.4399986278922,941.5841569336086
2013-12-17 21:40:00+01:00,5161,AR,1170.1950808339616,942.8396730811088
2013-12-17 21:50:00+01:00,5161,AR,881.8594319027436,986.1190375807804
2013-12-17 22:00:00+01:00,5161,AR,747.4791263684058,868.4283711642975
2013-12-17 22:10:00+01:00,5161,AR,636.7719475721574,750.1121875381994
2013-12-17 22:20:00+01:00,5161,AR,549.4325508128481,634.8953897235403
2013-12-17 22:30:00+01:00,5161,AR,636.7148057202292,538.7804954662789
2013-12-17 22:40:00+01:00,5161,AR,583.7481411863653,549.5377437850847
2013-12-17 22:50:00+01:00,5161,AR,538.865437764789,530.4745433334591
2013-12-17 23:00:00+01:00,5161,AR,543.9615330632641,507.36948872284376
2013-12-17 23:10:00+01:00,5161,AR,439.515768418845,476.40778617588705
2013-12-17 23:20:00+01:00,5161,AR,424.5902526558876,407.92853013052513
2013-12-17 23:30:00+01:00,5161,AR,452.1990424364424,383.7189814151823
2013-12-17 23:40:00+01:00,5161,AR,361.02265938382374,386.9390127242552
2013-12-17 23:50:00+01:00,5161,AR,371.8660477250394,366.8983202366624
2013-12-18 00:00:00+01:00,5161,AR,434.7363969546022,364.1523642291869
2013-12-18 00:10:00+01:00,5161,AR,406.5353036257435,382.86290651838453
2013-12-18 00:20:00+01:00,5161,AR,314.7143768670994,386.8593801368101
2013-12-18 00:30:00+01:00,5161,AR,311.52431694473506,330.69275173481446
2013-12-18 00:40:00+01:00,5161,AR,268.6449901889773,311.84596373173815
2013-12-18 00:50:00+01:00,5161,AR,269.0886359117024,285.8787320757359
2013-12-18 01:00:00+01:00,5161,AR,303.0961481591804,272.76302228222386
2013-12-18 01:10:00+01:00,5161,AR,274.72975729454504,280.1760961262001
2013-12-18 01:20:00+01:00,5161,AR,234.2820494847288,277.5967760217029
2013-12-18 01:30:00+01:00,5161,AR,258.46707144337455,255.83210477159471
2013-12-18 01:40:00+01:00,5161,AR,235.9508028704756,253.16304671694456
2013-12-18 01:50:00+01:00,5161,AR,214.01556383036043,236.5177599972514
2013-12-18 02:00:00+01:00,5161,AR,244.06613829384204,226.7695146270187
2013-12-18 02:10:00+01:00,5161,AR,221.3958276509302,237.4357609927206
2013-12-18 02:20:00+01:00,5161,AR,390.53134448762887,235.95862340123557
2013-12-18 02:30:00+01:00,5161,AR,385.1137114509063,329.39792944768743
2013-12-18 02:40:00+01:00,5161,AR,443.7337166404427,351.26077540360177
2013-12-18 02:50:00+01:00,5161,AR,424.5218189918709,411.99413325529144
2013-12-18 03:00:00+01:00,5161,AR,514.8599377290959,426.360947070031
2013-12-18 03:10:00+01:00,5161,AR,243.27391662521072,481.26388452245465
2013-12-18 03:20:00+01:00,5161,AR,216.10473306227644,353.5885496062293
2013-12-18 03:30:00+01:00,5161,AR,226.12570898861824,303.13691726883394
2013-12-18 03:40:00+01:00,5161,AR,232.0737385738167,269.9621956038014
2013-12-18 03:50:00+01:00,5161,AR,208.0513115206819,259.1073602958344
2013-12-18 04:00:00+01:00,5161,AR,225.40231883691752,232.89612596241832
2013-12-18 04:10:00+01:00,5161,AR,227.49485929936256,221.528018232156
2013-12-18 04:20:00+01:00,5161,AR,215.5400516402809,227.63233075782549
2013-12-18 04:30:00+01:00,5161,AR,227.69819403531625,208.5712774449672
2013-12-18 04:40:00+01:00,5161,AR,220.47952551752596,205.0980554212192
2013-12-18 04:50:00+01:00,5161,AR,219.93323423727847,215.71470138871447
2013-12-18 05:00:00+01:00,5161,AR,234.73873484598008,229.0541793181548
2013-12-18 05:10:00+01:00,5161,AR,256.2188555144022,244.4477613540868
2013-12-18 05:20:00+01:00,5161,AR,246.57612592377367,262.028319242827
2013-12-18 05:30:00+01:00,5161,AR,248.08905066449177,265.2748271924344
2013-12-18 05:40:00+01:00,5161,AR,257.0532949204877,267.3592795700169
2013-12-18 05:50:00+01:00,5161,AR,243.37932740814935,278.3162749679585
2013-12-18 06:00:00+01:00,5161,AR,263.17789343777645,265.5448517402481
2013-12-18 06:10:00+01:00,5161,AR,227.6866219765991,271.72608403696574
2013-12-18 06:20:00+01:00,5161,AR,237.63648193237864,261.7642056452221
2013-12-18 06:30:00+01:00,5161,AR,320.88790613884976,262.0456989500953
2013-12-18 06:40:00+01:00,5161,AR,246.09838605413316,301.49233325740835
2013-12-18 06:50:00+01:00,5161,AR,260.014967945567,280.3036644897716
2013-12-18 07:00:00+01:00,5161,AR,350.64961349855326,288.7937466383692
2013-12-18 07:10:00+01:00,5161,AR,396.91444262208506,329.70543370367807
2013-12-18 07:20:00+01:00,5161,AR,404.74668790510873,382.9882221340693
2013-12-18 07:30:00+01:00,5161,AR,444.6405702249598,407.86266366387025
2013-12-18 07:40:00+01:00,5161,AR,383.82409815627034,442.8635025147285
2013-12-18 07:50:00+01:00,5161,AR,396.33360008328873,433.3565286692593
2013-12-18 08:00:00+01:00,5161,AR,413.6523713092924,445.8709366463983
2013-12-18 08:10:00+01:00,5161,AR,642.7807981404414,444.00905717521937
2013-12-18 08:20:00+01:00,5161,AR,541.2099035896497,585.9032609943167
2013-12-18 08:30:00+01:00,5161,AR,618.9033906617368,588.7970559614073
2013-12-18 08:40:00+01:00,5161,AR,646.4804250593488,674.6920830980637
2013-12-18 08:50:00+01:00,5161,AR,736.5292137771426,722.8429445485758
2013-12-18 09:00:00+01:00,5161,AR,844.3093291363506,801.7740620127616
2013-12-18 09:10:00+01:00,5161,AR,899.549622996776,862.645565501925
2013-12-18 09:20:00+01:00,5161,AR,958.5369743205648,929.5080485036776
2013-12-18 09:30:00+01:00,5161,AR,1156.9510131636562,1015.1798200260914
2013-12-18 09:40:00+01:00,5161,AR,1070.9885273908935,1170.4926897756443
2013-12-18 09:50:00+01:00,5161,AR,1130.08438330247,1168.4468585879526
2013-12-18 10:00:00+01:00,5161,AR,1296.1780485477595,1238.9734675515128
2013-12-18 10:10:00+01:00,5161,AR,1440.5530194214932,1329.3763174714634
2013-12-18 10:20:00+01:00,5161,AR,1529.7800595619285,1457.706848710226
2013-12-18 10:30:00+01:00,5161,AR,1691.0552866925966,1606.744306567679
2013-12-18 10:40:00+01:00,5161,AR,1911.0960679719487,1721.8171316408946
2013-12-18 10:50:00+01:00,5161,AR,1785.5616468634723,1932.3651142721685
2013-12-18 11:00:00+01:00,5161,AR,2071.8499346707868,1939.9175747201184
2013-12-18 11:10:00+01:00,5161,AR,2104.38380354869,2088.890076818894
2013-12-18 11:20:00+01:00,5161,AR,2088.582863376562,2179.794118449273
2013-12-18 11:30:00+01:00,5161,AR,2219.1139890295003,2247.5600040015565
2013-12-18 11:40:00+01:00,5161,AR,2249.7116483369614,2328.151366677717
2013-12-18 11:50:00+01:00,5161,AR,2448.1500848046576,2382.6126686398866
2013-12-18 12:00:00+01:00,5161,AR,2599.891008292166,2533.489208609195
2013-12-18 12:10:00+01:00,5161,AR,2445.932020288153,2659.7078673008173
2013-12-18 12:20:00+01:00,5161,AR,2537.6950762035267,2585.8782398458343
2013-12-18 12:30:00+01:00,5161,AR,2588.7941060367298,2671.354985180523
2013-12-18 12:40:00+01:00,5161,AR,2524.91801599414,2704.289641845395
2013-12-18 12:50:00+01:00,5161,AR,2801.2404911584017,2682.1301795626855
2013-12-18 13:00:00+01:00,5161,AR,2847.331544108135,2818.064999920547
2013-12-18 13:10:00+01:00,5161,AR,3144.238023041749,2914.273783443915
2013-12-18 13:20:00+01:00,5161,AR,3527.2244496763883,3160.0274146087463
2013-12-18 13:30:00+01:00,5161,AR,3725.4207645288634,3416.7549713101607
2013-12-18 13:40:00+01:00,5161,AR,3822.5182078349007,3668.8666177749474
2013-12-18 13:50:00+01:00,5161,AR,3866.7158500755895,3876.802837041252
2013-12-18 14:00:00+01:00,5161,AR,3877.370026805758,3936.1952117183782
2013-12-18 14:10:00+01:00,5161,AR,3581.297248901585,3992.414319996224
2013-12-18 14:20:00+01:00,5161,AR,3756.336587606974,3835.262387482464
2013-12-18 14:30:00+01:00,5161,AR,3436.1637969550616,3873.3860424744385
2013-12-18 14:40:00+01:00,5161,AR,3591.041634336808,3659.517858155534
2013-12-18 14:50:00+01:00,5161,AR,3316.722194513904,3625.335016283851
2013-12-18 15:00:00+01:00,5161,AR,3167.5090616678713,3504.698821455698
2013-12-18 15:10:00+01:00,5161,AR,3138.9187678562535,3279.4425391132654
2013-12-18 15:20:00+01:00,5161,AR,3047.2730093875666,3195.1734729168516
2013-12-18 15:30:00+01:00,5161,AR,3150.526410924985,3095.2492710593274
2013-12-18 15:40:00+01:00,5161,AR,2938.9462944045526,3068.471862587875
2013-12-18 15:50:00+01:00,5161,AR,3039.379008595899,2953.622616689413
2013-12-18 16:00:00+01:00,5161,AR,3118.2081082170716,2992.7494459547165
2013-12-18 16:10:00+01:00,5161,AR,3213.492216331038,3028.5071413894257
2013-12-18 16:20:00+01:00,5161,AR,3012.903616167264,3113.498406703544
2013-12-18 16:30:00+01:00,5161,AR,2953.887235994936,3051.1817279870174
2013-12-18 16:40:00+01:00,5161,AR,2920.784697090147,2996.067334305226
2013-12-18 16:50:00+01:00,5161,AR,2932.3621629515956,3011.723758795705
2013-12-18 17:00:00+01:00,5161,AR,3075.2097358720193,3002.6006901336664
2013-12-18 17:10:00+01:00,5161,AR,3023.2146461970497,3057.9310152468765
2013-12-18 17:20:00+01:00,5161,AR,2955.8096825580797,3035.565641580046
2013-12-18 17:30:00+01:00,5161,AR,2909.4140309420695,3029.3525896291335
2013-12-18 17:40:00+01:00,5161,AR,2701.297098109609,2945.5518060821632
2013-12-18 17:50:00+01:00,5161,AR,2824.2447358914164,2789.21436293107
2013-12-18 18:00:00+01:00,5161,AR,2610.159367569728,2821.0596390698465
2013-12-18 18:10:00+01:00,5161,AR,2438.946404722023,2705.4789360166915
2013-12-18 18:20:00+01:00,5161,AR,2638.442059133726,2550.5466678840103
2013-12-18 18:30:00+01:00,5161,AR,2572.860467556091,2643.540749273906
2013-12-18 18:40:00+01:00,5161,AR,2564.8270013137253,2590.5116808397324
2013-12-18 18:50:00+01:00,5161,AR,2356.0194800955564,2527.4892444134043
2013-12-18 19:00:00+01:00,5161,AR,2361.877506626192,2433.1337048554788
2013-12-18 19:10:00+01:00,5161,AR,2249.489893491232,2463.9769240309984
2013-12-18 19:20:00+01:00,5161,AR,2056.950612153902,2311.6590640256227
2013-12-18 19:30:00+01:00,5161,AR,2078.265930617188,2139.9366595787023
2013-12-18 19:40:00+01:00,5161,AR,2282.8702344669236,2101.8035051927873
2013-12-18 19:50:00+01:00,5161,AR,2069.8320473197828,2191.914518457236
2013-12-18 20:00:00+01:00,5161,AR,1856.3399395959125,2053.2829333704412
2013-12-18 20:10:00+01:00,5161,AR,1593.6848404836917,1872.809297206452
2013-12-18 20:20:00+01:00,5161,AR,1380.718501108397,1665.828784382887
2013-12-18 20:30:00+01:00,5161,AR,1368.4242757138204,1436.1435335840945
2013-12-18 20:40:00+01:00,5161,AR,1136.792249422685,1332.9959738621558
2013-12-18 20:50:00+01:00,5161,AR,1057.0448974885364,1163.1884718398042
2013-12-18 21:00:00+01:00,5161,AR,952.5083094111518,1048.6965878778567
2013-12-18 21:10:00+01:00,5161,AR,885.5503789645999,939.3781005410896
2013-12-18 21:20:00+01:00,5161,AR,945.3039765700032,874.3484364459158
2013-12-18 21:30:00+01:00,5161,AR,955.264414278512,842.1007054051296
2013-12-18 21:40:00+01:00,5161,AR,908.5028626962757,802.5544852952016
2013-12-18 21:50:00+01:00,5161,AR,948.1961829441356,820.1844676471648
2013-12-18 22:00:00+01:00,5161,AR,824.9544105694688,846.9431657510329
2013-12-18 22:10:00+01:00,5161,AR,795.2902571378482,795.2538168311492
2013-12-18 22:20:00+01:00,5161,AR,611.8898132580771,798.8723493793806
2013-12-18 22:30:00+01:00,5161,AR,578.9331160593663,657.0278525998908
2013-12-18 22:40:00+01:00,5161,AR,579.758380728512,601.7282698283685
2013-12-18 22:50:00+01:00,5161,AR,505.07068586891967,576.3013328715808
2013-12-18 23:00:00+01:00,5161,AR,457.7309837729682,533.7271906622308
2013-12-18 23:10:00+01:00,5161,AR,554.7293924602143,452.3236377995856
2013-12-18 23:20:00+01:00,5161,AR,463.8495192179038,491.9669890658985
2013-12-18 23:30:00+01:00,5161,AR,405.31707405852785,438.3175429498104
2013-12-18 23:40:00+01:00,5161,AR,362.2332987076172,390.6232747075176
2013-12-18 23:50:00+01:00,5161,AR,315.83979004875897,355.13068702202423
2013-12-19 00:00:00+01:00,5161,AR,274.15971413353014,321.3491795268795
2013-12-19 00:10:00+01:00,5161,AR,267.61262626934615,284.6146815942451
2013-12-19 00:20:00+01:00,5161,AR,269.4348143521607,264.6571921276758
2013-12-19 00:30:00+01:00,5161,AR,251.59936031068108,264.26420735870505
2013-12-19 00:40:00+01:00,5161,AR,241.11077549617795,270.0600950409756
2013-12-19 00:50:00+01:00,5161,AR,217.61387908115543,243.177620087108
2013-12-19 01:00:00+01:00,5161,AR,203.93836896901365,225.3673175474747
2013-12-19 01:10:00+01:00,5161,AR,204.19021109794605,207.66359565928383
2013-12-19 01:20:00+01:00,5161,AR,169.83191805344853,213.77966985522605
2013-12-19 01:30:00+01:00,5161,AR,162.96949533698893,203.18493208481297
2013-12-19 01:40:00+01:00,5161,AR,188.53651545443145,194.95970412139695
2013-12-19 01:50:00+01:00,5161,AR,145.82473974649017,203.14304791729057
2013-12-19 02:00:00+01:00,5161,AR,147.12279347960083,197.9601885707473
2013-12-19 02:10:00+01:00,5161,AR,160.8532692142406,172.34384852049263
2013-12-19 02:20:00+01:00,5161,AR,167.06289120360285,184.87251278446143
2013-12-19 02:30:00+01:00,5161,AR,144.11838169526197,190.69041249627017
2013-12-19 02:40:00+01:00,5161,AR,168.72064638973615,186.57356780397208
2013-12-19 02:50:00+01:00,5161,AR,163.0735970957352,197.52957443208163
2013-12-19 03:00:00+01:00,5161,AR,140.690203533808,201.282850831402
2013-12-19 03:10:00+01:00,5161,AR,169.99310076299008,183.42661068147416
2013-12-19 03:20:00+01:00,5161,AR,146.30840908528077,193.20469240776015
2013-12-19 03:30:00+01:00,5161,AR,139.73345358089506,183.6505511945413
2013-12-19 03:40:00+01:00,5161,AR,157.5361068964527,182.72512710186143
2013-12-19 03:50:00+01:00,5161,AR,149.20889286245782,186.6078439491356
2013-12-19 04:00:00+01:00,5161,AR,137.03987324181455,182.57892608774017
2013-12-19 04:10:00+01:00,5161,AR,161.42362473173466,178.30283005237794
2013-12-19 04:20:00+01:00,5161,AR,149.15988373353292,187.95533475073825
2013-12-19 04:30:00+01:00,5161,AR,137.6941780938017,204.225445951521
2013-12-19 04:40:00+01:00,5161,AR,167.33061109865338,177.45294598595785
2013-12-19 04:50:00+01:00,5161,AR,163.0625850532912,196.41488988165747
2013-12-19 05:00:00+01:00,5161,AR,148.12736079806203,199.70957227219017
2013-12-19 05:10:00+01:00,5161,AR,192.28413701945345,189.88384025887444
2013-12-19 05:20:00+01:00,5161,AR,164.71341985199507,210.88232820889823
2013-12-19 05:30:00+01:00,5161,AR,144.27452155604877,216.08449050879017
2013-12-19 05:40:00+01:00,5161,AR,199.83220208558296,198.11204092959304
2013-12-19 05:50:00+01:00,5161,AR,156.33419538909803,216.78984510368667
2013-12-19 06:00:00+01:00,5161,AR,143.32223407904334,202.4907909665904
2013-12-19 06:10:00+01:00,5161,AR,201.51145994190713,191.81842949199824
2013-12-19 06:20:00+01:00,5161,AR,182.4923689474145,217.3798819515737
2013-12-19 06:30:00+01:00,5161,AR,133.89031098882396,217.07286323151015
2013-12-19 06:40:00+01:00,5161,AR,189.73953941261328,198.41444418015976
2013-12-19 06:50:00+01:00,5161,AR,187.9349339469853,213.9862846293017
2013-12-19 07:00:00+01:00,5161,AR,209.46092881455084,222.8696400838323
2013-12-19 07:10:00+01:00,5161,AR,197.4262665671401,243.37451334360023
2013-12-19 07:20:00+01:00,5161,AR,212.63688567675612,246.4834227503814
2013-12-19 07:30:00+01:00,5161,AR,216.06083141924427,267.91215153913845
2013-12-19 07:40:00+01:00,5161,AR,261.4317023752601,264.49858446969057
2013-12-19 07:50:00+01:00,5161,AR,296.27100234562073,292.93224804031337
2013-12-19 08:00:00+01:00,5161,AR,342.76181921731956,329.0050446402727
2013-12-19 08:10:00+01:00,5161,AR,346.69257314533564,395.1948062526409
2013-12-19 08:20:00+01:00,5161,AR,422.22979830298686,403.2469113628955
2013-12-19 08:30:00+01:00,5161,AR,488.4607549887773,458.74918054630217
2013-12-19 08:40:00+01:00,5161,AR,604.7331293745741,533.2785928036419
2013-12-19 08:50:00+01:00,5161,AR,607.3706342493139,639.8339206228543
2013-12-19 09:00:00+01:00,5161,AR,717.0960681246434,689.3982377397275
2013-12-19 09:10:00+01:00,5161,AR,744.4125955030348,780.6422487857508
2013-12-19 09:20:00+01:00,5161,AR,885.8691646569248,846.7009629487793
2013-12-19 09:30:00+01:00,5161,AR,956.9749876230774,972.9053362962076
2013-12-19 09:40:00+01:00,5161,AR,974.4222874115708,1021.4859620875764
2013-12-19 09:50:00+01:00,5161,AR,1099.8968903830028,1089.3744867510177
2013-12-19 10:00:00+01:00,5161,AR,1223.0265098359564,1191.880520727615
2013-12-19 10:10:00+01:00,5161,AR,1343.7740895969175,1298.3115635597503
2013-12-19 10:20:00+01:00,5161,AR,1372.3714407262266,1435.635900907348
2013-12-19 10:30:00+01:00,5161,AR,1541.0252950144395,1493.9002164401566
2013-12-19 10:40:00+01:00,5161,AR,1538.6102731116111,1661.34101751537
2013-12-19 10:50:00+01:00,5161,AR,1767.8144305583835,1730.5236174813026
2013-12-19 11:00:00+01:00,5161,AR,1720.500174003359,1876.5074710085453
2013-12-19 11:10:00+01:00,5161,AR,1655.2977562718884,1900.4641202404384
2013-12-19 11:20:00+01:00,5161,AR,1764.8961707210094,1891.0941642951536
2013-12-19 11:30:00+01:00,5161,AR,1819.63407851865,1964.490020033216
2013-12-19 11:40:00+01:00,5161,AR,2052.6956170451535,2007.047654209532
2013-12-19 11:50:00+01:00,5161,AR,2101.996980461677,2145.6726653998844
2013-12-19 12:00:00+01:00,5161,AR,2135.135202435923,2214.080799687744
2013-12-19 12:10:00+01:00,5161,AR,2269.4614446858836,2306.9920918905054
2013-12-19 12:20:00+01:00,5161,AR,2298.4728828523553,2432.6793694030257
2013-12-19 12:30:00+01:00,5161,AR,2442.7432280781572,2381.38177820138
2013-12-19 12:40:00+01:00,5161,AR,2534.7805491728077,2500.952322379226
2013-12-19 12:50:00+01:00,5161,AR,2562.878688500337,2707.7074735251704
2013-12-19 13:00:00+01:00,5161,AR,2649.3839015617605,2737.826125492017
2013-12-19 13:10:00+01:00,5161,AR,3079.733514443519,2817.464266839983
2013-12-19 13:20:00+01:00,5161,AR,2879.35255560068,3083.307561940618
2013-12-19 13:30:00+01:00,5161,AR,3051.982532613996,3074.098311658215
2013-12-19 13:40:00+01:00,5161,AR,3203.6880296283844,3227.5083471400767
2013-12-19 13:50:00+01:00,5161,AR,3184.920364559773,3335.9563832903086
2013-12-19 14:00:00+01:00,5161,AR,3255.8199028504423,3391.354829151673
2013-12-19 14:10:00+01:00,5161,AR,3134.4021135381454,3382.511993685671
2013-12-19 14:20:00+01:00,5161,AR,3258.1519848721173,3340.145520824922
2013-12-19 14:30:00+01:00,5161,AR,3144.5691178525626,3383.87494122892
2013-12-19 14:40:00+01:00,5161,AR,3201.752331425179,3314.3954235641986
2013-12-19 14:50:00+01:00,5161,AR,2828.0122826513634,3270.5513974261357
2013-12-19 15:00:00+01:00,5161,AR,3105.1985250868565,3043.131185212643
2013-12-19 15:10:00+01:00,5161,AR,2825.0268339070653,3107.9139999562367
2013-12-19 15:20:00+01:00,5161,AR,2680.860336062098,2931.9448001478595
2013-12-19 15:30:00+01:00,5161,AR,2901.1643579075926,2787.9290240011837
2013-12-19 15:40:00+01:00,5161,AR,2752.326020835195,2865.7960414959116
2013-12-19 15:50:00+01:00,5161,AR,2739.160734550718,2788.580870567768
2013-12-19 16:00:00+01:00,5161,AR,2807.926953434118,2814.103692788494
2013-12-19 16:10:00+01:00,5161,AR,2584.6474008854693,2793.7204378740994
2013-12-19 16:20:00+01:00,5161,AR,2495.299646205601,2680.398282509101
2013-12-19 16:30:00+01:00,5161,AR,2745.7068867091157,2588.7045872109015
2013-12-19 16:40:00+01:00,5161,AR,2450.8028465302978,2683.841729778396
2013-12-19 16:50:00+01:00,5161,AR,2718.514610508947,2572.8551290735804
2013-12-19 17:00:00+01:00,5161,AR,2651.8242539923936,2701.2612756960216
2013-12-19 17:10:00+01:00,5161,AR,2449.5355814077093,2697.841514214841
2013-12-19 17:20:00+01:00,5161,AR,2364.176910891732,2606.686211190212
2013-12-19 17:30:00+01:00,5161,AR,2622.1045934692197,2513.802516247492
2013-12-19 17:40:00+01:00,5161,AR,2355.841113979691,2591.1745438564767
2013-12-19 17:50:00+01:00,5161,AR,2382.0018107642663,2475.543340354483
2013-12-19 18:00:00+01:00,5161,AR,2420.424755823487,2475.3621117045827
2013-12-19 18:10:00+01:00,5161,AR,2299.2362821535503,2441.50409533524
2013-12-19 18:20:00+01:00,5161,AR,2240.367438013967,2390.2680300674233
2013-12-19 18:30:00+01:00,5161,AR,2492.787193393898,2341.3574726627407
2013-12-19 18:40:00+01:00,5161,AR,2202.0071146875607,2409.321913723798
2013-12-19 18:50:00+01:00,5161,AR,2133.3736147695986,2287.4813885861363
2013-12-19 19:00:00+01:00,5161,AR,2326.3214458188877,2228.5939091881464
2013-12-19 19:10:00+01:00,5161,AR,1970.2567844627372,2291.787022980444
2013-12-19 19:20:00+01:00,5161,AR,1808.8307854157467,2140.018243094137
2013-12-19 19:30:00+01:00,5161,AR,1778.773170198912,1977.5755376054449
2013-12-19 19:40:00+01:00,5161,AR,1635.787719109659,1881.438005440095
2013-12-19 19:50:00+01:00,5161,AR,1787.263753204616,1780.661582413803
2013-12-19 20:00:00+01:00,5161,AR,1440.88867218802,1732.858314762747
2013-12-19 20:10:00+01:00,5161,AR,1445.5644674539708,1531.596438547907
2013-12-19 20:20:00+01:00,5161,AR,1165.5590391534608,1457.586210697098
2013-12-19 20:30:00+01:00,5161,AR,983.6175479920738,1238.8967843934886
2013-12-19 20:40:00+01:00,5161,AR,1067.5725188758042,1045.220926935859
2013-12-19 20:50:00+01:00,5161,AR,1064.618223935173,995.2661344419816
2013-12-19 21:00:00+01:00,5161,AR,953.1277380167766,979.4699926442426
2013-12-19 21:10:00+01:00,5161,AR,991.1119054543544,938.4234986009812
2013-12-19 21:20:00+01:00,5161,AR,837.1151397881081,927.6545828336724
2013-12-19 21:30:00+01:00,5161,AR,743.8278799292221,848.4433753822875
2013-12-19 21:40:00+01:00,5161,AR,719.1316889898058,754.0125141776738
2013-12-19 21:50:00+01:00,5161,AR,640.9126234522488,703.7682474893551
2013-12-19 22:00:00+01:00,5161,AR,713.2597044109507,649.8705628093605
2013-12-19 22:10:00+01:00,5161,AR,645.8009501561384,664.6228766315303
2013-12-19 22:20:00+01:00,5161,AR,572.8273669647257,633.1157486129973
2013-12-19 22:30:00+01:00,5161,AR,602.1082651205094,582.8959452008352
2013-12-19 22:40:00+01:00,5161,AR,612.7761073387327,561.3268122987704
2013-12-19 22:50:00+01:00,5161,AR,511.6283892034663,562.4324957398449
2013-12-19 23:00:00+01:00,5161,AR,441.1131532476022,510.8927464927347
2013-12-19 23:10:00+01:00,5161,AR,420.68939333691895,469.35982112030456
2013-12-19 23:20:00+01:00,5161,AR,422.76393097167903,457.73205236774106
2013-12-19 23:30:00+01:00,5161,AR,424.813802766231,428.12352611800475
2013-12-19 23:40:00+01:00,5161,AR,384.168111792852,408.666009402635
2013-12-19 23:50:00+01:00,5161,AR,292.08993344227594,385.34676301174034
2013-12-20 00:00:00+01:00,5161,AR,320.8548608702784,330.9902673859516
2013-12-20 00:10:00+01:00,5161,AR,295.0888240231719,320.11803116768283
2013-12-20 00:20:00+01:00,5161,AR,295.930735817044,290.52676646014345
2013-12-20 00:30:00+01:00,5161,AR,256.0935387514627,288.6312065908659
2013-12-20 00:40:00+01:00,5161,AR,206.02028699020244,262.2817079027084
2013-12-20 00:50:00+01:00,5161,AR,217.9249505451503,237.6144970811781
2013-12-20 01:00:00+01:00,5161,AR,242.2610904780719,229.93533949831348
2013-12-20 01:10:00+01:00,5161,AR,174.30727529920304,226.92134875893765
2013-12-20 01:20:00+01:00,5161,AR,178.3624895996379,198.6564777109915
2013-12-20 01:30:00+01:00,5161,AR,175.14631321298384,194.68942895834937
2013-12-20 01:40:00+01:00,5161,AR,152.33877903626714,190.80916792659625
2013-12-20 01:50:00+01:00,5161,AR,180.4087312079657,176.9551776269939
2013-12-20 02:00:00+01:00,5161,AR,171.04825715394256,185.86362902937583
2013-12-20 02:10:00+01:00,5161,AR,161.85027633466174,184.1756077267164
2013-12-20 02:20:00+01:00,5161,AR,185.78027659485545,190.71104009551863
2013-12-20 02:30:00+01:00,5161,AR,189.96631002664577,201.1973391554784
2013-12-20 02:40:00+01:00,5161,AR,159.52863581588178,202.7710735542585
2013-12-20 02:50:00+01:00,5161,AR,174.6532072077503,194.13380871658416
2013-12-20 03:00:00+01:00,5161,AR,173.67646954474253,197.60034884738903
2013-12-20 03:10:00+01:00,5161,AR,210.40674521528015,205.21863468480188
2013-12-20 03:20:00+01:00,5161,AR,215.7389642710228,222.19724415315295
2013-12-20 03:30:00+01:00,5161,AR,178.25207816386845,230.88731644222804
2013-12-20 03:40:00+01:00,5161,AR,188.90145295184752,215.6969856891143
2013-12-20 03:50:00+01:00,5161,AR,167.10315362723503,221.41105634011208
2013-12-20 04:00:00+01:00,5161,AR,169.19827912810726,202.81256755414216
2013-12-20 04:10:00+01:00,5161,AR,178.67270202915898,198.85024680920156
2013-12-20 04:20:00+01:00,5161,AR,154.4512476431332,201.56082795930985
2013-12-20 04:30:00+01:00,5161,AR,164.45603344192114,190.86913957252065
2013-12-20 04:40:00+01:00,5161,AR,150.4502013784426,191.578029168978
2013-12-20 04:50:00+01:00,5161,AR,157.78348111259098,181.26970006138149
2013-12-20 05:00:00+01:00,5161,AR,150.8773208692979,181.8606605217223
2013-12-20 05:10:00+01:00,5161,AR,154.23660128905453,177.09803152800183
2013-12-20 05:20:00+01:00,5161,AR,181.1986822665034,178.0451936969034
2013-12-20 05:30:00+01:00,5161,AR,191.88644164475403,195.8594085520162
2013-12-20 05:40:00+01:00,5161,AR,183.4331477599359,206.39883331810643
2013-12-20 05:50:00+01:00,5161,AR,154.4609675948949,210.39028281344395
2013-12-20 06:00:00+01:00,5161,AR,191.37867000837028,195.1247822168816
2013-12-20 06:10:00+01:00,5161,AR,142.15965745180588,211.73923783198933
2013-12-20 06:20:00+01:00,5161,AR,163.77123826219886,191.76755856201845
2013-12-20 06:30:00+01:00,5161,AR,186.41087200627024,195.7405603569632
2013-12-20 06:40:00+01:00,5161,AR,174.15650488207154,206.68911493413896
2013-12-20 06:50:00+01:00,5161,AR,208.7821609085626,211.62710302984428
2013-12-20 07:00:00+01:00,5161,AR,232.60472252868115,238.4196299937218
2013-12-20 07:10:00+01:00,5161,AR,239.04326388395523,248.03213398427852
2013-12-20 07:20:00+01:00,5161,AR,270.3587549846594,268.0719830733399
2013-12-20 07:30:00+01:00,5161,AR,315.4996875703942,293.7929951446296
2013-12-20 07:40:00+01:00,5161,AR,319.7182355636193,329.0202570514897
2013-12-20 07:50:00+01:00,5161,AR,377.8523219965641,351.31241724298184
2013-12-20 08:00:00+01:00,5161,AR,352.55076036185295,401.1222921312572
2013-12-20 08:10:00+01:00,5161,AR,383.3799070414188,412.233161889344
2013-12-20 08:20:00+01:00,5161,AR,457.79138152961445,434.6519124922763
2013-12-20 08:30:00+01:00,5161,AR,519.1234567663073,500.7031763135741
2013-12-20 08:40:00+01:00,5161,AR,592.0156234283002,553.6350783256947
2013-12-20 08:50:00+01:00,5161,AR,682.5120157015942,632.4681538315887
2013-12-20 09:00:00+01:00,5161,AR,815.2566292754293,709.8520330924603
2013-12-20 09:10:00+01:00,5161,AR,893.1666128774606,813.7745460512658
2013-12-20 09:20:00+01:00,5161,AR,951.8005583399396,918.5470256357764
2013-12-20 09:30:00+01:00,5161,AR,889.665675614137,1003.7741422090209
2013-12-20 09:40:00+01:00,5161,AR,1044.0207602265416,1007.465882673248
2013-12-20 09:50:00+01:00,5161,AR,1141.5234197001528,1127.547405699001
2013-12-20 10:00:00+01:00,5161,AR,1331.0219964449902,1236.4106212531549
2013-12-20 10:10:00+01:00,5161,AR,1221.1820332134453,1360.013025958788
2013-12-20 10:20:00+01:00,5161,AR,1363.394858811753,1382.129962980693
2013-12-20 10:30:00+01:00,5161,AR,1549.3874315385597,1473.377197010187
2013-12-20 10:40:00+01:00,5161,AR,1544.8606875603273,1595.0224930187148
2013-12-20 10:50:00+01:00,5161,AR,1697.7923816756988,1659.5522525270435
2013-12-20 11:00:00+01:00,5161,AR,1738.712584381243,1792.9243025228
2013-12-20 11:10:00+01:00,5161,AR,1758.3699015189936,1843.1871025510263
2013-12-20 11:20:00+01:00,5161,AR,1717.3818826052743,1916.5176981122377
2013-12-20 11:30:00+01:00,5161,AR,2046.7504347800004,1929.861487048357
2013-12-20 11:40:00+01:00,5161,AR,1989.8289110019257,2097.3482101897703
2013-12-20 11:50:00+01:00,5161,AR,2381.054740755782,2123.302873081186
2013-12-20 12:00:00+01:00,5161,AR,2271.234629529279,2382.249113944547
2013-12-20 12:10:00+01:00,5161,AR,2400.4789142208974,2377.1957941942665
2013-12-20 12:20:00+01:00,5161,AR,2226.841008112969,2473.7705433352535
2013-12-20 12:30:00+01:00,5161,AR,2358.4517378261557,2437.8607151317274
2013-12-20 12:40:00+01:00,5161,AR,2492.564143740062,2486.650289901919
2013-12-20 12:50:00+01:00,5161,AR,2654.988314825337,2566.2707412369396
2013-12-20 13:00:00+01:00,5161,AR,2834.7442128128732,2712.2649942644134
2013-12-20 13:10:00+01:00,5161,AR,2796.3366893389975,2927.415399899525
2013-12-20 13:20:00+01:00,5161,AR,3057.389463717066,2949.643372933094
2013-12-20 13:30:00+01:00,5161,AR,3188.3403287128986,3116.898622393633
2013-12-20 13:40:00+01:00,5161,AR,3221.6808742543085,3253.5197716394596
2013-12-20 13:50:00+01:00,5161,AR,3524.606273250652,3286.529453143936
2013-12-20 14:00:00+01:00,5161,AR,3223.604677930405,3516.6098275691165
2013-12-20 14:10:00+01:00,5161,AR,3420.8806611306845,3376.2540624400526
2013-12-20 14:20:00+01:00,5161,AR,3430.3382613975123,3486.3573911642297
2013-12-20 14:30:00+01:00,5161,AR,3298.109749673952,3512.2984762651945
2013-12-20 14:40:00+01:00,5161,AR,3026.864699942121,3425.703902520879
2013-12-20 14:50:00+01:00,5161,AR,3372.5327205685285,3247.386975585764
2013-12-20 15:00:00+01:00,5161,AR,3101.1761112674367,3365.932948581864
2013-12-20 15:10:00+01:00,5161,AR,3045.330459174396,3207.6432277969975
2013-12-20 15:20:00+01:00,5161,AR,3055.9317954110975,3118.332645154351
2013-12-20 15:30:00+01:00,5161,AR,2986.764935956224,3063.0222575748976
2013-12-20 15:40:00+01:00,5161,AR,3136.2237396105165,3004.287363200352
2013-12-20 15:50:00+01:00,5161,AR,3131.0836766029715,3051.258114703691
2013-12-20 16:00:00+01:00,5161,AR,3260.1056479460967,3091.3743722707973
2013-12-20 16:10:00+01:00,5161,AR,3274.444813113249,3161.6851763989534
2013-12-20 16:20:00+01:00,5161,AR,3278.2549995689146,3232.432291274895
2013-12-20 16:30:00+01:00,5161,AR,3278.9110789634487,3247.310498359686
2013-12-20 16:40:00+01:00,5161,AR,3529.724724717096,3231.376573227093
2013-12-20 16:50:00+01:00,5161,AR,3394.1941948771764,3392.138128731686
2013-12-20 17:00:00+01:00,5161,AR,3234.2071748373237,3380.6316421349043
2013-12-20 17:10:00+01:00,5161,AR,3389.9430555221684,3296.55193387945
2013-12-20 17:20:00+01:00,5161,AR,3076.8204748194617,3351.774497258549
2013-12-20 17:30:00+01:00,5161,AR,3169.025651437151,3180.1762154009007
2013-12-20 17:40:00+01:00,5161,AR,3152.813292928823,3171.4646921117346
2013-12-20 17:50:00+01:00,5161,AR,2945.2570829354527,3118.9621524864874
2013-12-20 18:00:00+01:00,5161,AR,2751.240705762398,3018.2776777211316
2013-12-20 18:10:00+01:00,5161,AR,2526.086363808874,2866.785883282979
2013-12-20 18:20:00+01:00,5161,AR,2513.1202697284134,2648.1526773573933
2013-12-20 18:30:00+01:00,5161,AR,2452.488978619407,2520.8780048633143
2013-12-20 18:40:00+01:00,5161,AR,2226.2948976824414,2383.738169425064
2013-12-20 18:50:00+01:00,5161,AR,2231.854043691212,2265.9965716170036
2013-12-20 19:00:00+01:00,5161,AR,2045.1723911260908,2209.7415143739427
2013-12-20 19:10:00+01:00,5161,AR,1932.1817819671628,2028.6185371528047
2013-12-20 19:20:00+01:00,5161,AR,1809.0938692333532,1919.3585795022923
2013-12-20 19:30:00+01:00,5161,AR,1682.2748232455915,1784.4247261032888
2013-12-20 19:40:00+01:00,5161,AR,1658.539386443391,1666.8606800200491
2013-12-20 19:50:00+01:00,5161,AR,1627.131812896983,1632.0624280965649
2013-12-20 20:00:00+01:00,5161,AR,1571.7871199941262,1572.694546166604
2013-12-20 20:10:00+01:00,5161,AR,1417.9407513716644,1499.7786052679442
2013-12-20 20:20:00+01:00,5161,AR,1296.3013396407566,1401.8770396510097
2013-12-20 20:30:00+01:00,5161,AR,1142.2091077956493,1269.0554961497496
2013-12-20 20:40:00+01:00,5161,AR,1166.7402506036506,1164.990306548765
2013-12-20 20:50:00+01:00,5161,AR,1058.700025643568,1099.4418279076529
2013-12-20 21:00:00+01:00,5161,AR,881.5584106411061,1035.0537399042496
2013-12-20 21:10:00+01:00,5161,AR,897.3151194870408,908.4819639281249
2013-12-20 21:20:00+01:00,5161,AR,777.0236581361161,861.7169235375206
2013-12-20 21:30:00+01:00,5161,AR,764.1147387323558,751.8719651351669
2013-12-20 21:40:00+01:00,5161,AR,716.7286343989678,713.3425927998576
2013-12-20 21:50:00+01:00,5161,AR,641.4411633097075,664.7022574652702
2013-12-20 22:00:00+01:00,5161,AR,796.3833848117757,636.9762724225681
2013-12-20 22:10:00+01:00,5161,AR,612.7666021978904,722.4979218450853
2013-12-20 22:20:00+01:00,5161,AR,640.7963391743687,626.5933649596934
2013-12-20 22:30:00+01:00,5161,AR,594.8789978391299,607.5909580247929
2013-12-20 22:40:00+01:00,5161,AR,603.3621102896907,580.022772754435
2013-12-20 22:50:00+01:00,5161,AR,514.1576935703727,571.6878604321457
2013-12-20 23:00:00+01:00,5161,AR,460.330469444625,522.7620527401374
2013-12-20 23:10:00+01:00,5161,AR,372.4422441896763,471.1350452675816
2013-12-20 23:20:00+01:00,5161,AR,336.6106990216673,416.24686338892866
2013-12-20 23:30:00+01:00,5161,AR,280.37223634351284,366.7099135111474
2013-12-20 23:40:00+01:00,5161,AR,322.4158153523704,306.7185728376817
2013-12-20 23:50:00+01:00,5161,AR,283.09523696169595,302.6892669249539
2013-12-21 00:00:00+01:00,5161,AR,408.7940283350604,287.1171186907245
2013-12-21 00:10:00+01:00,5161,AR,251.3852793634796,354.01562189641504
2013-12-21 00:20:00+01:00,5161,AR,240.89424085063004,283.5373670499855
2013-12-21 00:30:00+01:00,5161,AR,218.96946807047425,262.2027499014549
2013-12-21 00:40:00+01:00,5161,AR,215.77421086978103,227.63851144814765
2013-12-21 00:50:00+01:00,5161,AR,185.7218044804621,221.73210014295705
2013-12-21 01:00:00+01:00,5161,AR,219.384309088298,207.35235289769295
2013-12-21 01:10:00+01:00,5161,AR,211.2913277228449,218.36068053176328
2013-12-21 01:20:00+01:00,5161,AR,178.29423170755484,227.42011973398968
2013-12-21 01:30:00+01:00,5161,AR,155.89793725996577,204.85409641007996
2013-12-21 01:40:00+01:00,5161,AR,151.62740792268534,178.86103263007075
2013-12-21 01:50:00+01:00,5161,AR,149.15113078382652,171.21533039294368
2013-12-21 02:00:00+01:00,5161,AR,150.27457309929034,170.2570971955946
2013-12-21 02:10:00+01:00,5161,AR,152.64250469395122,170.36189423530806
2013-12-21 02:20:00+01:00,5161,AR,146.28990190594385,176.58050108666052
2013-12-21 02:30:00+01:00,5161,AR,124.0085975070541,176.51296354227406
2013-12-21 02:40:00+01:00,5161,AR,140.75583912090602,159.88596160859234
2013-12-21 02:50:00+01:00,5161,AR,125.73199348243068,164.53977662042666
2013-12-21 03:00:00+01:00,5161,AR,123.5893081080935,158.46311009725767
2013-12-21 03:10:00+01:00,5161,AR,146.92788417205597,158.78902730697166
2013-12-21 03:20:00+01:00,5161,AR,124.38357141287877,179.7975955093935
2013-12-21 03:30:00+01:00,5161,AR,133.63641824487547,161.31972419612782
2013-12-21 03:40:00+01:00,5161,AR,151.0684975065832,165.8281800499001
2013-12-21 03:50:00+01:00,5161,AR,124.37742687108396,174.63806168961088
2013-12-21 04:00:00+01:00,5161,AR,127.79239741942702,164.12467216914865
2013-12-21 04:10:00+01:00,5161,AR,139.45918071108613,163.80680806067136
2013-12-21 04:20:00+01:00,5161,AR,113.9314597596248,169.03335114246084
2013-12-21 04:30:00+01:00,5161,AR,122.52346714731334,158.96614808288643
2013-12-21 04:40:00+01:00,5161,AR,140.00160070819962,155.6316454645854
2013-12-21 04:50:00+01:00,5161,AR,114.01265830259102,164.60674291808044
2013-12-21 05:00:00+01:00,5161,AR,134.51646904289706,154.09052161072515
2013-12-21 05:10:00+01:00,5161,AR,143.63505929629918,162.65244184405418
2013-12-21 05:20:00+01:00,5161,AR,108.21251555999136,170.3527245046675
2013-12-21 05:30:00+01:00,5161,AR,125.43552749159907,155.6615461553199
2013-12-21 05:40:00+01:00,5161,AR,124.96248377447156,157.60783217691318
2013-12-21 05:50:00+01:00,5161,AR,126.73486948731588,158.39757734711105
2013-12-21 06:00:00+01:00,5161,AR,122.21121178304308,160.93759249870703
2013-12-21 06:10:00+01:00,5161,AR,121.18921194734097,156.99856241360072
2013-12-21 06:20:00+01:00,5161,AR,108.1540278214958,159.4937974044526
2013-12-21 06:30:00+01:00,5161,AR,142.08627214890706,152.19196919671649
2013-12-21 06:40:00+01:00,5161,AR,152.99304643296284,165.3634683944
2013-12-21 06:50:00+01:00,5161,AR,118.65697548662529,178.08556090850277
2013-12-21 07:00:00+01:00,5161,AR,147.33125052069272,166.4887951570314
2013-12-21 07:10:00+01:00,5161,AR,190.51249076320627,178.49258441055937
2013-12-21 07:20:00+01:00,5161,AR,157.04752999065758,214.59978545125847
2013-12-21 07:30:00+01:00,5161,AR,164.99595827680673,205.7681977323728
2013-12-21 07:40:00+01:00,5161,AR,186.3249070583533,212.70326236925104
2013-12-21 07:50:00+01:00,5161,AR,186.6871942685496,228.2780358296847
2013-12-21 08:00:00+01:00,5161,AR,205.5593693826721,240.97544473471427
2013-12-21 08:10:00+01:00,5161,AR,196.1885981959485,244.2201731648484
2013-12-21 08:20:00+01:00,5161,AR,191.4324255467889,246.69091606439724
2013-12-21 08:30:00+01:00,5161,AR,309.6654694035888,256.7704597603155
2013-12-21 08:40:00+01:00,5161,AR,279.31417103308496,316.67579573802584
2013-12-21 08:50:00+01:00,5161,AR,268.88685877728386,335.61129325903323
2013-12-21 09:00:00+01:00,5161,AR,373.03028041005814,342.1109998763035
2013-12-21 09:10:00+01:00,5161,AR,390.9395820209723,418.0906384719132
2013-12-21 09:20:00+01:00,5161,AR,502.5740759657853,452.26895061628824
2013-12-21 09:30:00+01:00,5161,AR,582.1602023010976,535.515765369308
2013-12-21 09:40:00+01:00,5161,AR,601.1610928559709,614.157167497811
2013-12-21 09:50:00+01:00,5161,AR,754.6819569557177,689.1205080017583
2013-12-21 10:00:00+01:00,5161,AR,991.0583984087248,824.2512360236694
2013-12-21 10:10:00+01:00,5161,AR,1191.5288993278507,1003.6049376159758
2013-12-21 10:20:00+01:00,5161,AR,1183.197351601158,1210.644000891073
2013-12-21 10:30:00+01:00,5161,AR,1464.592219430088,1325.3640787351524
2013-12-21 10:40:00+01:00,5161,AR,1627.2996510372031,1538.4900731343537
2013-12-21 10:50:00+01:00,5161,AR,1823.7963255160344,1729.9277198426032
2013-12-21 11:00:00+01:00,5161,AR,1806.9460479528143,1955.0417343648928
2013-12-21 11:10:00+01:00,5161,AR,2013.106949287701,2031.437444617749
2013-12-21 11:20:00+01:00,5161,AR,2429.833733579505,2204.2343161339813
2013-12-21 11:30:00+01:00,5161,AR,2454.531025786859,2524.3793253377166
2013-12-21 11:40:00+01:00,5161,AR,2610.0925066717796,2641.3557049931383
2013-12-21 11:50:00+01:00,5161,AR,3039.9406525916265,2839.7171605399044
2013-12-21 12:00:00+01:00,5161,AR,3289.7625262860306,3121.189711391815
2013-12-21 12:10:00+01:00,5161,AR,3277.990797374002,3333.2567029460656
2013-12-21 12:20:00+01:00,5161,AR,3280.968589605382,3422.2671250981953
2013-12-21 12:30:00+01:00,5161,AR,3712.0480794312016,3468.2025449159432
2013-12-21 12:40:00+01:00,5161,AR,3323.207979211927,3760.71075154648
2013-12-21 12:50:00+01:00,5161,AR,3579.2656451159773,3644.512862640244
2013-12-21 13:00:00+01:00,5161,AR,3672.262724219391,3712.617660613967
2013-12-21 13:10:00+01:00,5161,AR,3719.9592210341184,3745.2179739302624
2013-12-21 13:20:00+01:00,5161,AR,3381.267252710608,3815.0743758581098
2013-12-21 13:30:00+01:00,5161,AR,3742.539503306832,3640.9900203322786
2013-12-21 13:40:00+01:00,5161,AR,3613.5343041575966,3771.368467283656
2013-12-21 13:50:00+01:00,5161,AR,3626.544659109674,3687.571686466527
2013-12-21 14:00:00+01:00,5161,AR,3952.7931212495537,3692.865403688256
2013-12-21 14:10:00+01:00,5161,AR,4221.103758177352,3866.8354830107664
2013-12-21 14:20:00+01:00,5161,AR,4256.291757440721,4061.2439917009174
2013-12-21 14:30:00+01:00,5161,AR,4343.981501853526,4193.491760805196
2013-12-21 14:40:00+01:00,5161,AR,4247.047316841919,4283.933863403621
2013-12-21 14:50:00+01:00,5161,AR,4482.816748523907,4319.946824461698
2013-12-21 15:00:00+01:00,5161,AR,4332.15493913882,4482.214352955322
2013-12-21 15:10:00+01:00,5161,AR,4579.6783638822135,4447.769013358746
2013-12-21 15:20:00+01:00,5161,AR,4600.044053857118,4584.404180525346
2013-12-21 15:30:00+01:00,5161,AR,4888.674485362086,4617.086068706277
2013-12-21 15:40:00+01:00,5161,AR,4814.121333423062,4821.155751454258
2013-12-21 15:50:00+01:00,5161,AR,5115.530077872614,4794.90997725301
2013-12-21 16:00:00+01:00,5161,AR,4931.131627617077,4986.011907510467
2013-12-21 16:10:00+01:00,5161,AR,5197.421780300487,5001.656105918499
2013-12-21 16:20:00+01:00,5161,AR,5152.100810177666,5113.3039263401
2013-12-21 16:30:00+01:00,5161,AR,5161.937927241287,5156.078087021462
2013-12-21 16:40:00+01:00,5161,AR,5238.319086874514,5196.483441372708
2013-12-21 16:50:00+01:00,5161,AR,5195.2694844972175,5246.191919731074
2013-12-21 17:00:00+01:00,5161,AR,5096.810631920019,5218.629645223625
2013-12-21 17:10:00+01:00,5161,AR,4723.405888823007,5178.023634295361
2013-12-21 17:20:00+01:00,5161,AR,4707.659783618528,4897.793936633017
2013-12-21 17:30:00+01:00,5161,AR,4619.044402270679,4807.308349732123
2013-12-21 17:40:00+01:00,5161,AR,4474.986686322363,4672.91181287823
2013-12-21 17:50:00+01:00,5161,AR,4293.82570614815,4478.46837741659
2013-12-21 18:00:00+01:00,5161,AR,4229.7149582419415,4294.652208121819
2013-12-21 18:10:00+01:00,5161,AR,3847.86343394863,4182.321617545614
2013-12-21 18:20:00+01:00,5161,AR,3759.31599737606,3902.048089460074
2013-12-21 18:30:00+01:00,5161,AR,3328.403921099786,3742.3294604608545
2013-12-21 18:40:00+01:00,5161,AR,3298.841322768742,3396.581352264833
2013-12-21 18:50:00+01:00,5161,AR,3376.934106025026,3259.3786573391108
2013-12-21 19:00:00+01:00,5161,AR,3115.285019527269,3179.886794824242
2013-12-21 19:10:00+01:00,5161,AR,2839.473807662675,3009.049712298484
2013-12-21 19:20:00+01:00,5161,AR,2628.260390958282,2829.2049205774333
2013-12-21 19:30:00+01:00,5161,AR,2649.719648210177,2625.890847214788
2013-12-21 19:40:00+01:00,5161,AR,2409.682414159707,2563.6693593648424
2013-12-21 19:50:00+01:00,5161,AR,2318.0323085558994,2378.0780274496387
2013-12-21 20:00:00+01:00,5161,AR,2096.1625344200265,2250.1034460204673
2013-12-21 20:10:00+01:00,5161,AR,1898.7650910446844,2089.0878741793476
2013-12-21 20:20:00+01:00,5161,AR,1636.9044185192909,1923.092966022162
2013-12-21 20:30:00+01:00,5161,AR,1420.662717306328,1664.1563569177638
2013-12-21 20:40:00+01:00,5161,AR,1195.5849223490814,1420.5459177080315
2013-12-21 20:50:00+01:00,5161,AR,1291.733854235984,1226.2436886185578
2013-12-21 21:00:00+01:00,5161,AR,1121.3543032920002,1198.6905617706534
2013-12-21 21:10:00+01:00,5161,AR,1123.299937440474,1041.4312114044387
2013-12-21 21:20:00+01:00,5161,AR,1009.416706674426,1022.4462441975172
2013-12-21 21:30:00+01:00,5161,AR,1009.5737335816184,959.8643581208316
2013-12-21 21:40:00+01:00,5161,AR,845.9598634600504,934.5901299583926
2013-12-21 21:50:00+01:00,5161,AR,824.4452441923612,834.2172505226691
2013-12-21 22:00:00+01:00,5161,AR,1049.9864373531293,803.8835250806371
2013-12-21 22:10:00+01:00,5161,AR,899.4313977898921,903.5910042316012
2013-12-21 22:20:00+01:00,5161,AR,778.8371637441145,877.1241946188493
2013-12-21 22:30:00+01:00,5161,AR,784.36580353829,842.0654966445807
2013-12-21 22:40:00+01:00,5161,AR,847.2651406560348,786.6904020819085
2013-12-21 22:50:00+01:00,5161,AR,807.6160762664845,832.6054818371588
2013-12-21 23:00:00+01:00,5161,AR,717.5034726855594,809.5982597112518
2013-12-21 23:10:00+01:00,5161,AR,554.8813937001861,735.8185063760462
2013-12-21 23:20:00+01:00,5161,AR,431.04717023434733,631.9987775403421
2013-12-21 23:30:00+01:00,5161,AR,450.6121769880062,516.8412780927845
2013-12-21 23:40:00+01:00,5161,AR,378.2580786536508,454.7209498071653
2013-12-21 23:50:00+01:00,5161,AR,413.0445940637046,385.07998891684554
2013-12-22 00:00:00+01:00,5161,AR,416.8296093782527,392.7501187397072
2013-12-22 00:10:00+01:00,5161,AR,471.00954055518264,384.3595015504516
2013-12-22 00:20:00+01:00,5161,AR,364.3126021276758,416.41984774651553
2013-12-22 00:30:00+01:00,5161,AR,317.0771730456263,353.22454533315744
2013-12-22 00:40:00+01:00,5161,AR,296.89960472115786,313.77703158273073
2013-12-22 00:50:00+01:00,5161,AR,202.7472035232973,293.80964355934117
2013-12-22 01:00:00+01:00,5161,AR,218.88101507982455,240.56752561053267
2013-12-22 01:10:00+01:00,5161,AR,220.17167093383344,235.6766594412074
2013-12-22 01:20:00+01:00,5161,AR,203.02659052435948,228.01477103752285
2013-12-22 01:30:00+01:00,5161,AR,209.57048833729024,219.8124152374845
2013-12-22 01:40:00+01:00,5161,AR,187.7339602812038,211.8639448960284
2013-12-22 01:50:00+01:00,5161,AR,179.95673049985345,195.67807724733376
2013-12-22 02:00:00+01:00,5161,AR,176.4017854183797,190.39986366499664
2013-12-22 02:10:00+01:00,5161,AR,158.6114392386203,183.42695700764824
2013-12-22 02:20:00+01:00,5161,AR,179.7534012548501,182.5755885072021
2013-12-22 02:30:00+01:00,5161,AR,155.42877259099075,195.47748369970608
2013-12-22 02:40:00+01:00,5161,AR,161.6168273398002,185.87515222116497
2013-12-22 02:50:00+01:00,5161,AR,163.4289298904495,201.52431200986703
2013-12-22 03:00:00+01:00,5161,AR,154.28815858915044,193.7145331216139
2013-12-22 03:10:00+01:00,5161,AR,142.01356809290058,188.96914077690496
2013-12-22 03:20:00+01:00,5161,AR,155.68127779351605,178.6809354569043
2013-12-22 03:30:00+01:00,5161,AR,147.1571722435796,181.07126198979927
2013-12-22 03:40:00+01:00,5161,AR,156.03911416114346,179.3978164250442
2013-12-22 03:50:00+01:00,5161,AR,151.3917168856451,183.23017119660423
2013-12-22 04:00:00+01:00,5161,AR,144.24456309247435,181.1131297541103
2013-12-22 04:10:00+01:00,5161,AR,145.3460915261887,177.31315967357543
2013-12-22 04:20:00+01:00,5161,AR,149.29714434083576,181.28964256230432
2013-12-22 04:30:00+01:00,5161,AR,156.20475504467814,178.68972773381728
2013-12-22 04:40:00+01:00,5161,AR,148.22444127633,182.64615494621847
2013-12-22 04:50:00+01:00,5161,AR,137.2813747147883,181.68775241944255
2013-12-22 05:00:00+01:00,5161,AR,175.68719091322677,174.99625884062834
2013-12-22 05:10:00+01:00,5161,AR,188.8816134241458,194.2341463767416
2013-12-22 05:20:00+01:00,5161,AR,153.52302096724787,203.98059305458204
2013-12-22 05:30:00+01:00,5161,AR,166.2394470179146,193.0866969425434
2013-12-22 05:40:00+01:00,5161,AR,139.73801486826935,198.27938385045135
2013-12-22 05:50:00+01:00,5161,AR,167.0637719974169,187.55481147137257
2013-12-22 06:00:00+01:00,5161,AR,157.21971454113216,193.8376112833703
2013-12-22 06:10:00+01:00,5161,AR,191.821710833738,187.2083965854636
2013-12-22 06:20:00+01:00,5161,AR,174.44112259031152,209.0991696007456
2013-12-22 06:30:00+01:00,5161,AR,181.11990544922463,209.90348601380688
2013-12-22 06:40:00+01:00,5161,AR,198.58918026155553,212.53334293372632
2013-12-22 06:50:00+01:00,5161,AR,175.9436205489722,222.5691995931527
2013-12-22 07:00:00+01:00,5161,AR,185.95341991045296,210.6901815543615
2013-12-22 07:10:00+01:00,5161,AR,169.45209018535897,220.22113579902992
2013-12-22 07:20:00+01:00,5161,AR,143.3639778399359,212.08407792996545
2013-12-22 07:30:00+01:00,5161,AR,193.8992605487866,196.52950396829175
2013-12-22 07:40:00+01:00,5161,AR,184.4760690249251,216.64512490919503
2013-12-22 07:50:00+01:00,5161,AR,240.3191368601998,214.7268867162854
2013-12-22 08:00:00+01:00,5161,AR,326.52258469975754,248.88389215838043
2013-12-22 08:10:00+01:00,5161,AR,215.6933941485963,307.67272513636885
2013-12-22 08:20:00+01:00,5161,AR,260.6025096451664,278.04336141043376
2013-12-22 08:30:00+01:00,5161,AR,264.78929717822166,304.1447717374187
2013-12-22 08:40:00+01:00,5161,AR,250.5629491356295,311.6920631683288
2013-12-22 08:50:00+01:00,5161,AR,314.7869743669099,310.3043178185422
2013-12-22 09:00:00+01:00,5161,AR,313.99712481951934,349.8563246230599
2013-12-22 09:10:00+01:00,5161,AR,307.73665236057286,365.5464699378256
2013-12-22 09:20:00+01:00,5161,AR,368.3241752335688,401.0756070220128
2013-12-22 09:30:00+01:00,5161,AR,479.69914216241466,422.1778137461798
2013-12-22 09:40:00+01:00,5161,AR,485.31550537303855,499.670439756763
2013-12-22 09:50:00+01:00,5161,AR,637.482538949372,557.3677806276032
2013-12-22 10:00:00+01:00,5161,AR,769.569564059458,692.8856316751765
2013-12-22 10:10:00+01:00,5161,AR,1042.9388336685054,826.9346416128768
2013-12-22 10:20:00+01:00,5161,AR,1120.011347963156,1047.7547689197474
2013-12-22 10:30:00+01:00,5161,AR,1506.157873603909,1203.132663996872
2013-12-22 10:40:00+01:00,5161,AR,1612.7490363956852,1518.9626378005933
2013-12-22 10:50:00+01:00,5161,AR,1948.4682011097043,1715.5781164894545
2013-12-22 11:00:00+01:00,5161,AR,1964.9064539732367,2010.7174001205271
2013-12-22 11:10:00+01:00,5161,AR,2264.9587628771915,2157.492439648182
2013-12-22 11:20:00+01:00,5161,AR,2556.042499417857,2398.6787526931093
2013-12-22 11:30:00+01:00,5161,AR,2781.13015790421,2677.016048976444
2013-12-22 11:40:00+01:00,5161,AR,2721.0408313901685,2958.2477087615966
2013-12-22 11:50:00+01:00,5161,AR,2945.8359127470176,3075.3318312395777
2013-12-22 12:00:00+01:00,5161,AR,3088.5342199496004,3191.491602077548
2013-12-22 12:10:00+01:00,5161,AR,3307.929562441435,3327.4298062508483
2013-12-22 12:20:00+01:00,5161,AR,3401.137343246787,3494.3090371787243
2013-12-22 12:30:00+01:00,5161,AR,3480.9958449625265,3664.680555052805
2013-12-22 12:40:00+01:00,5161,AR,3382.059676105009,3684.4236858431527
2013-12-22 12:50:00+01:00,5161,AR,3540.3796854421607,3679.958626089874
2013-12-22 13:00:00+01:00,5161,AR,3520.1590104648026,3754.9126693172543
2013-12-22 13:10:00+01:00,5161,AR,3635.4125051131423,3704.294882159884
2013-12-22 13:20:00+01:00,5161,AR,3604.935454893525,3741.958145206509
2013-12-22 13:30:00+01:00,5161,AR,3322.6200073549853,3794.8369322083176
2013-12-22 13:40:00+01:00,5161,AR,3709.61231872574,3608.2667619249846
2013-12-22 13:50:00+01:00,5161,AR,3698.95286248572,3776.192868726185
2013-12-22 14:00:00+01:00,5161,AR,3807.0194962603705,3743.0545860449265
2013-12-22 14:10:00+01:00,5161,AR,3881.281894465513,3860.032404948406
2013-12-22 14:20:00+01:00,5161,AR,4090.7812081881775,3944.443887733708
2013-12-22 14:30:00+01:00,5161,AR,4110.350402820069,4107.971751061719
2013-12-22 14:40:00+01:00,5161,AR,4074.6942031786457,4192.124880055463
2013-12-22 14:50:00+01:00,5161,AR,3939.663159952486,4185.958126847923
2013-12-22 15:00:00+01:00,5161,AR,4441.477820527754,4166.34875499684
2013-12-22 15:10:00+01:00,5161,AR,4475.814961576271,4407.539872207772
2013-12-22 15:20:00+01:00,5161,AR,4638.559704939302,4499.371837880355
2013-12-22 15:30:00+01:00,5161,AR,4911.654077576722,4673.812888477702
2013-12-22 15:40:00+01:00,5161,AR,4693.617679539193,4884.421553970591
2013-12-22 15:50:00+01:00,5161,AR,4772.321099778948,4855.726253841183
2013-12-22 16:00:00+01:00,5161,AR,4917.944017950382,4881.783676403201
2013-12-22 16:10:00+01:00,5161,AR,5202.036631359948,4986.734654394389
2013-12-22 16:20:00+01:00,5161,AR,5496.4403854578595,5159.0951837828015
2013-12-22 16:30:00+01:00,5161,AR,5148.81158982959,5395.021210409609
2013-12-22 16:40:00+01:00,5161,AR,5170.472629814423,5272.959026715753
2013-12-22 16:50:00+01:00,5161,AR,5197.568751682298,5267.999276128767
2013-12-22 17:00:00+01:00,5161,AR,5111.876428163607,5227.284431473183
2013-12-22 17:10:00+01:00,5161,AR,5203.03169193535,5143.711197900209
2013-12-22 17:20:00+01:00,5161,AR,4704.434690350707,5135.454021575437
2013-12-22 17:30:00+01:00,5161,AR,4574.606537064018,4899.898437971441
2013-12-22 17:40:00+01:00,5161,AR,4689.867550626104,4725.723839307059
2013-12-22 17:50:00+01:00,5161,AR,4508.65791216911,4613.340509882055
2013-12-22 18:00:00+01:00,5161,AR,4076.436612416734,4455.241776867746
2013-12-22 18:10:00+01:00,5161,AR,3945.8662614360273,4111.019459394721
2013-12-22 18:20:00+01:00,5161,AR,3792.109761020168,3944.335288700568
2013-12-22 18:30:00+01:00,5161,AR,3426.2137000001617,3792.5530627462463
2013-12-22 18:40:00+01:00,5161,AR,3258.9499234076898,3456.538485959138
2013-12-22 18:50:00+01:00,5161,AR,3132.630531760205,3228.8280217458178
2013-12-22 19:00:00+01:00,5161,AR,2755.733242790056,3055.0752317409415
2013-12-22 19:10:00+01:00,5161,AR,2439.4657256567234,2781.155758086151
2013-12-22 19:20:00+01:00,5161,AR,2133.37202831053,2509.7149455770605
2013-12-22 19:30:00+01:00,5161,AR,1886.3403506154264,2168.10510999537
2013-12-22 19:40:00+01:00,5161,AR,1736.2621937173112,1898.719703661513
2013-12-22 19:50:00+01:00,5161,AR,1414.5423195553344,1669.8097436947278
2013-12-22 20:00:00+01:00,5161,AR,1426.41164303257,1418.4410898605868
2013-12-22 20:10:00+01:00,5161,AR,1313.5432271547998,1341.3059679231608
2013-12-22 20:20:00+01:00,5161,AR,1210.7014954379897,1188.9691777058083
2013-12-22 20:30:00+01:00,5161,AR,1004.964262562729,1087.0943283340212
2013-12-22 20:40:00+01:00,5161,AR,878.2758662668552,908.8615088970266
2013-12-22 20:50:00+01:00,5161,AR,916.8409539747544,819.4353362670328
2013-12-22 21:00:00+01:00,5161,AR,756.3445135291237,796.2370785961837
2013-12-22 21:10:00+01:00,5161,AR,573.8010003448504,702.2649232531564
2013-12-22 21:20:00+01:00,5161,AR,561.5312070123823,598.0965875332882
2013-12-22 21:30:00+01:00,5161,AR,604.3314224731174,558.5716987240723
2013-12-22 21:40:00+01:00,5161,AR,415.2735720260944,559.6210930794717
2013-12-22 21:50:00+01:00,5161,AR,512.7651764803225,452.0341507155607
2013-12-22 22:00:00+01:00,5161,AR,696.9035033897693,486.085141896784
2013-12-22 22:10:00+01:00,5161,AR,547.4472136521374,595.1609923630032
2013-12-22 22:20:00+01:00,5161,AR,431.0218169809493,542.6878003412136
2013-12-22 22:30:00+01:00,5161,AR,381.1056221544883,486.18835736082286
2013-12-22 22:40:00+01:00,5161,AR,402.650281825026,427.5737942957519
2013-12-22 22:50:00+01:00,5161,AR,363.7020645735495,423.67196064305153
2013-12-22 23:00:00+01:00,5161,AR,364.7059557561185,393.13910025262777
2013-12-22 23:10:00+01:00,5161,AR,293.6267240139538,385.37353899110366
2013-12-22 23:20:00+01:00,5161,AR,271.7980308667129,345.33327087741003
2013-12-22 23:30:00+01:00,5161,AR,254.00237531429568,318.91698369916344
2013-12-22 23:40:00+01:00,5161,AR,280.6933213264304,274.3182017280633
2013-12-22 23:50:00+01:00,5161,AR,230.58523003984712,263.12668469862706
2013-12-16 00:00:00+01:00,5161,LSTM,346.4602756860823,360.41589082577366
2013-12-16 00:10:00+01:00,5161,LSTM,335.47935978758,338.1509740704598
2013-12-16 00:20:00+01:00,5161,LSTM,321.9108181220995,320.57602276288776
2013-12-16 00:30:00+01:00,5161,LSTM,286.600020724892,304.65496164399815
2013-12-16 00:40:00+01:00,5161,LSTM,299.6622130058684,283.0837475443152
2013-12-16 00:50:00+01:00,5161,LSTM,247.85451044061097,272.752133056576
2013-12-16 01:00:00+01:00,5161,LSTM,235.4923578044656,250.13493423897785
2013-12-16 01:10:00+01:00,5161,LSTM,268.6986469622539,231.09149549156427
2013-12-16 01:20:00+01:00,5161,LSTM,252.07262947594268,229.14670316970975
2013-12-16 01:30:00+01:00,5161,LSTM,218.3795688570358,223.026391719558
2013-12-16 01:40:00+01:00,5161,LSTM,231.68236946057067,208.1035753737183
2013-12-16 01:50:00+01:00,5161,LSTM,209.62328125234657,202.36669903629172
2013-12-16 02:00:00+01:00,5161,LSTM,209.11710109328376,192.36707502933336
2013-12-16 02:10:00+01:00,5161,LSTM,235.20218140229807,185.71109950646385
2013-12-16 02:20:00+01:00,5161,LSTM,214.24267087954345,190.20825283120575
2013-12-16 02:30:00+01:00,5161,LSTM,207.9650075191223,187.46173254638052
2013-12-16 02:40:00+01:00,5161,LSTM,218.9016873174376,183.85959794106495
2013-12-16 02:50:00+01:00,5161,LSTM,192.52117308206127,185.87477931742933
2013-12-16 03:00:00+01:00,5161,LSTM,199.50375341265507,179.95250023116205
2013-12-16 03:10:00+01:00,5161,LSTM,205.08748105394343,178.90558934147725
2013-12-16 03:20:00+01:00,5161,LSTM,198.84102663165817,181.59199265869483
2013-12-16 03:30:00+01:00,5161,LSTM,199.2838699268772,182.8148761846544
2013-12-16 03:40:00+01:00,5161,LSTM,209.1224585157593,185.08315504649363
2013-12-16 03:50:00+01:00,5161,LSTM,184.26078191472104,191.46515212034956
2013-12-16 04:00:00+01:00,5161,LSTM,201.11851402503288,189.3905273558464
2013-12-16 04:10:00+01:00,5161,LSTM,209.11015269754415,194.69749159718708
2013-12-16 04:20:00+01:00,5161,LSTM,183.43297665352517,203.29691228297335
2013-12-16 04:30:00+01:00,5161,LSTM,199.9571860767021,202.46638879770308
2013-12-16 04:40:00+01:00,5161,LSTM,200.83169763798787,208.59293085794295
2013-12-16 04:50:00+01:00,5161,LSTM,179.14809387736145,215.51025521478232
2013-12-16 05:00:00+01:00,5161,LSTM,210.14604922304895,214.72991339995224
2013-12-16 05:10:00+01:00,5161,LSTM,205.1439227582623,225.9517473534013
2013-12-16 05:20:00+01:00,5161,LSTM,189.92653477212093,234.7764803715661
2013-12-16 05:30:00+01:00,5161,LSTM,202.235955127159,237.11413791871155
2013-12-16 05:40:00+01:00,5161,LSTM,209.58280854964187,244.16988285642947
2013-12-16 05:50:00+01:00,5161,LSTM,187.69509257088845,253.67392076907527
2013-12-16 06:00:00+01:00,5161,LSTM,199.1373964912097,254.4650398554095
2013-12-16 06:10:00+01:00,5161,LSTM,207.1425943707448,259.7011098576386
2013-12-16 06:20:00+01:00,5161,LSTM,193.52404734417755,267.9965778080407
2013-12-16 06:30:00+01:00,5161,LSTM,233.35507042522215,270.62926316260587
2013-12-16 06:40:00+01:00,5161,LSTM,318.2608912096858,287.03631186837515
2013-12-16 06:50:00+01:00,5161,LSTM,289.0319077610065,330.9484730059346
2013-12-16 07:00:00+01:00,5161,LSTM,270.3490785552023,355.09646536425635
2013-12-16 07:10:00+01:00,5161,LSTM,247.3762025310514,364.366097621692
2013-12-16 07:20:00+01:00,5161,LSTM,269.4000826550063,362.17107052710617
2013-12-16 07:30:00+01:00,5161,LSTM,277.75619658853867,368.0085627977137
2013-12-16 07:40:00+01:00,5161,LSTM,299.5086220330908,376.41407679386293
2013-12-16 07:50:00+01:00,5161,LSTM,318.2389965910482,390.75913035017265
2013-12-16 08:00:00+01:00,5161,LSTM,395.3235506470523,408.6244786063148
2013-12-16 08:10:00+01:00,5161,LSTM,432.19434248309,450.0600564312488
2013-12-16 08:20:00+01:00,5161,LSTM,419.6881915490129,495.7878510274832
2013-12-16 08:30:00+01:00,5161,LSTM,572.1271501097597,524.0077996707441
2013-12-16 08:40:00+01:00,5161,LSTM,695.2920762105917,599.997835860231
2013-12-16 08:50:00+01:00,5161,LSTM,704.8020496166409,707.2437275571708
2013-12-16 09:00:00+01:00,5161,LSTM,789.2131820467196,790.4479682544564
2013-12-16 09:10:00+01:00,5161,LSTM,869.7986213305568,879.762837697027
2013-12-16 09:20:00+01:00,5161,LSTM,834.4705463862927,974.5843876934952
2013-12-16 09:30:00+01:00,5161,LSTM,946.5521361813196,1023.6207204439972
2013-12-16 09:40:00+01:00,5161,LSTM,943.608273600397,1095.2680214020088
2013-12-16 09:50:00+01:00,5161,LSTM,961.7044601238024,1141.3218284612367
2013-12-16 10:00:00+01:00,5161,LSTM,1011.94957642315,1172.554277082142
2013-12-16 10:10:00+01:00,5161,LSTM,947.5970402099954,1208.5121593197036
2013-12-16 10:20:00+01:00,5161,LSTM,1048.6559854844909,1200.0406766343094
2013-12-16 10:30:00+01:00,5161,LSTM,1179.4794231089295,1228.3285305077884
2013-12-16 10:40:00+01:00,5161,LSTM,1383.9190538649898,1303.6963897615085
2013-12-16 10:50:00+01:00,5161,LSTM,1328.741719369997,1446.2582214126994
2013-12-16 11:00:00+01:00,5161,LSTM,1379.0597497974818,1518.7601157973188
2013-12-16 11:10:00+01:00,5161,LSTM,1550.8689446759556,1577.2090480475506
2013-12-16 11:20:00+01:00,5161,LSTM,1559.009767136589,1685.7001250656813
2013-12-16 11:30:00+01:00,5161,LSTM,1864.441210866045,1755.9776600747757
2013-12-16 11:40:00+01:00,5161,LSTM,1848.0159730803723,1932.8290649643377
2013-12-16 11:50:00+01:00,5161,LSTM,1709.3956800194203,2036.2889348609265
2013-12-16 12:00:00+01:00,5161,LSTM,1961.1586501560191,2018.238015461076
2013-12-16 12:10:00+01:00,5161,LSTM,2086.6458370194973,2104.709200780419
2013-12-16 12:20:00+01:00,5161,LSTM,1910.078748875039,2212.833103315193
2013-12-16 12:30:00+01:00,5161,LSTM,2116.0875529682694,2184.8443608246644
2013-12-16 12:40:00+01:00,5161,LSTM,2292.748232383706,2247.6473949599103
2013-12-16 12:50:00+01:00,5161,LSTM,2109.0093096825776,2364.2031652875585
2013-12-16 13:00:00+01:00,5161,LSTM,2360.444586874856,2336.8754568484146
2013-12-16 13:10:00+01:00,5161,LSTM,2505.1448609885597,2425.2662594569583
2013-12-16 13:20:00+01:00,5161,LSTM,2585.237945075984,2540.93677796748
2013-12-16 13:30:00+01:00,5161,LSTM,2969.4912966951615,2638.2134409309997
2013-12-16 13:40:00+01:00,5161,LSTM,3057.329998717289,2868.9163456026045
2013-12-16 13:50:00+01:00,5161,LSTM,2938.0559341446656,3035.762906244323
2013-12-16 14:00:00+01:00,5161,LSTM,2866.0698551966134,3058.5344389577544
2013-12-16 14:10:00+01:00,5161,LSTM,2798.730042548761,3014.8679659315103
2013-12-16 14:20:00+01:00,5161,LSTM,2803.0944132442064,2941.0478660013896
2013-12-16 14:30:00+01:00,5161,LSTM,2646.839995041431,2893.3042164493218
2013-12-16 14:40:00+01:00,5161,LSTM,2462.657669090256,2786.2946669485655
2013-12-16 14:50:00+01:00,5161,LSTM,2350.5298729564715,2632.0281290620896
2013-12-16 15:00:00+01:00,5161,LSTM,2328.2551919181833,2489.182973046753
2013-12-16 15:10:00+01:00,5161,LSTM,2480.486210220391,2399.0267186499746
2013-12-16 15:20:00+01:00,5161,LSTM,2310.557989680255,2421.19270342078
2013-12-16 15:30:00+01:00,5161,LSTM,2615.6434931024114,2348.0537607286797
2013-12-16 15:40:00+01:00,5161,LSTM,2538.410514803179,2448.8320265617676
2013-12-16 15:50:00+01:00,5161,LSTM,2448.4735785178286,2463.0979345304704
2013-12-16 16:00:00+01:00,5161,LSTM,2772.0136173328397,2421.4938776408544
2013-12-16 16:10:00+01:00,5161,LSTM,2690.519512294492,2550.3621754771207
2013-12-16 16:20:00+01:00,5161,LSTM,2592.6479521449105,2581.262886209546
2013-12-16 16:30:00+01:00,5161,LSTM,2785.390971012687,2546.3217932297903
2013-12-16 16:40:00+01:00,5161,LSTM,2619.2588713685946,2615.939515050288
2013-12-16 16:50:00+01:00,5161,LSTM,2633.5863525536292,2571.6647155661085
2013-12-16 17:00:00+01:00,5161,LSTM,2544.4759066480965,2550.0957747971333
2013-12-16 17:10:00+01:00,5161,LSTM,2674.0369944306767,2491.9052444706945
2013-12-16 17:20:00+01:00,5161,LSTM,2557.115005499669,2521.3230700021286
2013-12-16 17:30:00+01:00,5161,LSTM,2391.7550214881935,2481.009591375106
2013-12-16 17:40:00+01:00,5161,LSTM,2553.3016046389957,2376.4350316547648
2013-12-16 17:50:00+01:00,5161,LSTM,2696.691356432064,2394.197490647018
2013-12-16 18:00:00+01:00,5161,LSTM,2386.359150415242,2475.115265836802
2013-12-16 18:10:00+01:00,5161,LSTM,2363.5816467366058,2371.0309877724553
2013-12-16 18:20:00+01:00,5161,LSTM,2429.0901584813646,2297.88960335478
2013-12-16 18:30:00+01:00,5161,LSTM,2416.330809952751,2287.2749170951956
2013-12-16 18:40:00+01:00,5161,LSTM,2332.473836769392,2276.4186683985436
2013-12-16 18:50:00+01:00,5161,LSTM,2197.7908076534222,2230.536792498777
2013-12-16 19:00:00+01:00,5161,LSTM,2127.2325690818066,2139.702159379287
2013-12-16 19:10:00+01:00,5161,LSTM,2131.436996204718,2054.5647456059874
2013-12-16 19:20:00+01:00,5161,LSTM,1931.2818337151923,2009.0695885188568
2013-12-16 19:30:00+01:00,5161,LSTM,1857.6205597025655,1891.195349528727
2013-12-16 19:40:00+01:00,5161,LSTM,1720.8193322763295,1791.0453438959858
2013-12-16 19:50:00+01:00,5161,LSTM,1719.8895638319543,1673.5672433063794
2013-12-16 20:00:00+01:00,5161,LSTM,1494.5802591991269,1607.215161047718
2013-12-16 20:10:00+01:00,5161,LSTM,1387.2497562192434,1472.2519478122167
2013-12-16 20:20:00+01:00,5161,LSTM,1310.2693516543166,1350.9565776497054
2013-12-16 20:30:00+01:00,5161,LSTM,1161.102544897296,1251.8397797743264
2013-12-16 20:40:00+01:00,5161,LSTM,1097.7890773365518,1137.3263234460285
2013-12-16 20:50:00+01:00,5161,LSTM,1052.0191730358947,1048.923312209609
2013-12-16 21:00:00+01:00,5161,LSTM,966.3624734017344,982.531025676392
2013-12-16 21:10:00+01:00,5161,LSTM,789.5047907686429,913.714358239396
2013-12-16 21:20:00+01:00,5161,LSTM,889.2621867595232,811.5990371603541
2013-12-16 21:30:00+01:00,5161,LSTM,790.8689030678371,788.451394510923
2013-12-16 21:40:00+01:00,5161,LSTM,795.4713223064675,742.2642187168343
2013-12-16 21:50:00+01:00,5161,LSTM,769.1046473823518,716.2352556913453
2013-12-16 22:00:00+01:00,5161,LSTM,695.0575355658402,692.4006461809734
2013-12-16 22:10:00+01:00,5161,LSTM,614.0004076521011,652.7633571433877
2013-12-16 22:20:00+01:00,5161,LSTM,642.0886257461541,601.4955398095403
2013-12-16 22:30:00+01:00,5161,LSTM,682.7367134788166,580.3707405029335
2013-12-16 22:40:00+01:00,5161,LSTM,582.5713171728919,582.3119123351421
2013-12-16 22:50:00+01:00,5161,LSTM,860.3829426100458,549.7482180912026
2013-12-16 23:00:00+01:00,5161,LSTM,633.4714392077531,625.3437893041595
2013-12-16 23:10:00+01:00,5161,LSTM,543.3787492850882,595.1076489153306
2013-12-16 23:20:00+01:00,5161,LSTM,597.4091750516162,541.1754879918753
2013-12-16 23:30:00+01:00,5161,LSTM,610.5447066159588,527.1384286477636
2013-12-16 23:40:00+01:00,5161,LSTM,333.73604574735816,524.9599884476015
2013-12-16 23:50:00+01:00,5161,LSTM,394.09169937420666,430.67713363146186
2013-12-17 00:00:00+01:00,5161,LSTM,417.1658336622054,390.48784621903496
2013-12-17 00:10:00+01:00,5161,LSTM,311.190922064494,376.13100502201814
2013-12-17 00:20:00+01:00,5161,LSTM,445.8624530921254,333.45250468192194
2013-12-17 00:30:00+01:00,5161,LSTM,342.1665759456991,349.052268394101
2013-12-17 00:40:00+01:00,5161,LSTM,318.0864419863345,327.2530476441634
2013-12-17 00:50:00+01:00,5161,LSTM,304.5793150069837,303.82502754076336
2013-12-17 01:00:00+01:00,5161,LSTM,302.764988141766,285.1152632228027
2013-12-17 01:10:00+01:00,5161,LSTM,232.7316643734294,273.04168803080984
2013-12-17 01:20:00+01:00,5161,LSTM,268.7747995622892,243.43803876336688
2013-12-17 01:30:00+01:00,5161,LSTM,226.48288796489103,235.53038419223824
2013-12-17 01:40:00+01:00,5161,LSTM,187.17806591260253,218.40361582384844
2013-12-17 01:50:00+01:00,5161,LSTM,223.17185846057697,194.76097646214
2013-12-17 02:00:00+01:00,5161,LSTM,234.36075561978643,191.1753445538147
2013-12-17 02:10:00+01:00,5161,LSTM,216.70508100954143,193.94156703810813
2013-12-17 02:20:00+01:00,5161,LSTM,229.82294206070475,190.83097705029127
2013-12-17 02:30:00+01:00,5161,LSTM,209.51703585982187,193.48538534273143
2013-12-17 02:40:00+01:00,5161,LSTM,183.13840232603152,189.98900271404796
2013-12-17 02:50:00+01:00,5161,LSTM,202.82635390458003,179.86426132072393
2013-12-17 03:00:00+01:00,5161,LSTM,204.5113759135692,180.48816430388
2013-12-17 03:10:00+01:00,5161,LSTM,173.604901178288,183.44147348568663
2013-12-17 03:20:00+01:00,5161,LSTM,195.62657722787543,176.7311064206956
2013-12-17 03:30:00+01:00,5161,LSTM,199.53999388768037,180.3741609787528
2013-12-17 03:40:00+01:00,5161,LSTM,188.96452205209215,186.4481638404111
2013-12-17 03:50:00+01:00,5161,LSTM,206.67401810190816,188.74574340915137
2013-12-17 04:00:00+01:00,5161,LSTM,213.5412026694256,197.67218692713436
2013-12-17 04:10:00+01:00,5161,LSTM,164.38318781264684,208.3261933882211
2013-12-17 04:20:00+01:00,5161,LSTM,205.71875081404303,200.9513401770671
2013-12-17 04:30:00+01:00,5161,LSTM,189.8337937590183,210.3674759690091
2013-12-17 04:40:00+01:00,5161,LSTM,165.30069476948887,214.68933023694535
2013-12-17 04:50:00+01:00,5161,LSTM,211.25015265660855,210.62444653643047
2013-12-17 05:00:00+01:00,5161,LSTM,207.73287305906223,224.63102640957027
2013-12-17 05:10:00+01:00,5161,LSTM,186.83726648585449,236.35787656989805
2013-12-17 05:20:00+01:00,5161,LSTM,212.57007106479435,238.68913511208825
2013-12-17 05:30:00+01:00,5161,LSTM,199.1200000905363,250.0844157788033
2013-12-17 05:40:00+01:00,5161,LSTM,189.68363995546855,255.8034422603016
2013-12-17 05:50:00+01:00,5161,LSTM,206.416556683001,257.47223539473543
2013-12-17 06:00:00+01:00,5161,LSTM,199.1442836261162,265.5590621046167
2013-12-17 06:10:00+01:00,5161,LSTM,175.57236746877405,270.62379032942044
2013-12-17 06:20:00+01:00,5161,LSTM,211.8952069101305,266.9650750487092
2013-12-17 06:30:00+01:00,5161,LSTM,229.9729622000492,277.4224805022832
2013-12-17 06:40:00+01:00,5161,LSTM,222.1182693543896,293.5016644015193
2013-12-17 06:50:00+01:00,5161,LSTM,266.95532831615634,303.4793970757355
2013-12-17 07:00:00+01:00,5161,LSTM,266.657720025219,326.6336913224229
2013-12-17 07:10:00+01:00,5161,LSTM,264.9793853207954,345.0207268773015
2013-12-17 07:20:00+01:00,5161,LSTM,299.7556316617965,357.55713536192707
2013-12-17 07:30:00+01:00,5161,LSTM,341.2189995132583,378.9160877314432
2013-12-17 07:40:00+01:00,5161,LSTM,302.00634130821595,410.3535571032239
2013-12-17 07:50:00+01:00,5161,LSTM,336.06756291396573,419.6312723142876
2013-12-17 08:00:00+01:00,5161,LSTM,375.193126163595,436.4590555958773
2013-12-17 08:10:00+01:00,5161,LSTM,397.58103424537035,463.6554160385674
2013-12-17 08:20:00+01:00,5161,LSTM,489.1837540406109,492.1006770142071
2013-12-17 08:30:00+01:00,5161,LSTM,534.2421996729204,546.542990187992
2013-12-17 08:40:00+01:00,5161,LSTM,660.0386766733408,604.9567279109688
2013-12-17 08:50:00+01:00,5161,LSTM,617.4211150070694,695.3699528751686
2013-12-17 09:00:00+01:00,5161,LSTM,824.7165321501712,745.6784246503004
2013-12-17 09:10:00+01:00,5161,LSTM,862.9117006227889,858.6632976205074
2013-12-17 09:20:00+01:00,5161,LSTM,903.3844859707318,959.8770325803
2013-12-17 09:30:00+01:00,5161,LSTM,993.210595650582,1043.909776024449
2013-12-17 09:40:00+01:00,5161,LSTM,1057.962274297578,1134.840478415704
2013-12-17 09:50:00+01:00,5161,LSTM,1036.068800256966,1221.597029886958
2013-12-17 10:00:00+01:00,5161,LSTM,1217.511462221508,1265.4880995673946
2013-12-17 10:10:00+01:00,5161,LSTM,1188.263378878907,1363.6163774733077
2013-12-17 10:20:00+01:00,5161,LSTM,1214.9234997508631,1416.237542256515
2013-12-17 10:30:00+01:00,5161,LSTM,1532.373814153843,1451.5417998168512
2013-12-17 10:40:00+01:00,5161,LSTM,1466.265536923937,1609.0626737596986
2013-12-17 10:50:00+01:00,5161,LSTM,1664.7877122926457,1687.6057234821835
2013-12-17 11:00:00+01:00,5161,LSTM,1818.2194392016495,1815.27900714302
2013-12-17 11:10:00+01:00,5161,LSTM,1694.5821651072915,1963.536626784029
2013-12-17 11:20:00+01:00,5161,LSTM,1874.4421670010972,1991.233288377315
2013-12-17 11:30:00+01:00,5161,LSTM,2035.2654295938864,2070.560826638236
2013-12-17 11:40:00+01:00,5161,LSTM,2138.9643839805203,2186.5846375802457
2013-12-17 11:50:00+01:00,5161,LSTM,2250.6002373228757,2298.3062964537867
2013-12-17 12:00:00+01:00,5161,LSTM,2388.4728607154652,2407.1153977033955
2013-12-17 12:10:00+01:00,5161,LSTM,2460.7340250945,2524.848248153112
2013-12-17 12:20:00+01:00,5161,LSTM,2415.10364278647,2616.4009169865494
2013-12-17 12:30:00+01:00,5161,LSTM,2763.06830619554,2633.5667529641405
2013-12-17 12:40:00+01:00,5161,LSTM,2744.7373200107468,2792.01941885555
2013-12-17 12:50:00+01:00,5161,LSTM,2774.442905314343,2869.584789028148
2013-12-17 13:00:00+01:00,5161,LSTM,3062.45790754789,2914.097362064883
2013-12-17 13:10:00+01:00,5161,LSTM,3291.7274686501946,3062.246030226782
2013-12-17 13:20:00+01:00,5161,LSTM,3444.1061813997912,3247.1179984459623
2013-12-17 13:30:00+01:00,5161,LSTM,3373.385469124204,3415.0299092153296
2013-12-17 13:40:00+01:00,5161,LSTM,3342.42710469514,3467.035969647195
2013-12-17 13:50:00+01:00,5161,LSTM,3505.4326047263203,3466.1727775576783
2013-12-17 14:00:00+01:00,5161,LSTM,3803.937616319148,3529.0258249684975
2013-12-17 14:10:00+01:00,5161,LSTM,3543.513444996852,3697.801096222248
2013-12-17 14:20:00+01:00,5161,LSTM,3208.639047949593,3673.61740415207
2013-12-17 14:30:00+01:00,5161,LSTM,3234.573184153639,3487.599340466395
2013-12-17 14:40:00+01:00,5161,LSTM,3110.679375492337,3376.7146882805127
2013-12-17 14:50:00+01:00,5161,LSTM,3139.696400012281,3250.7748613831336
2013-12-17 15:00:00+01:00,5161,LSTM,2945.246655483483,3195.892616618662
2013-12-17 15:10:00+01:00,5161,LSTM,2766.0856261656504,3071.1547922837035
2013-12-17 15:20:00+01:00,5161,LSTM,3100.9320527364307,2911.0530354573284
2013-12-17 15:30:00+01:00,5161,LSTM,3517.6779838970688,2985.050286787795
2013-12-17 15:40:00+01:00,5161,LSTM,3524.8950637229223,3231.1240223495543
2013-12-17 15:50:00+01:00,5161,LSTM,3358.1033771379425,3374.559907559199
2013-12-17 16:00:00+01:00,5161,LSTM,3876.9596688803167,3367.9167300462404
2013-12-17 16:10:00+01:00,5161,LSTM,3759.0381920283567,3601.530592590539
2013-12-17 16:20:00+01:00,5161,LSTM,3837.149429379931,3674.8135128941367
2013-12-17 16:30:00+01:00,5161,LSTM,3774.9139555075462,3749.8716518882698
2013-12-17 16:40:00+01:00,5161,LSTM,3495.152450283321,3754.244193011248
2013-12-17 16:50:00+01:00,5161,LSTM,3764.598747655105,3611.2515230922018
2013-12-17 17:00:00+01:00,5161,LSTM,3746.0461928270543,3650.408213178659
2013-12-17 17:10:00+01:00,5161,LSTM,3641.879833568656,3664.4388735178154
2013-12-17 17:20:00+01:00,5161,LSTM,3795.9837000928255,3622.618850210953
2013-12-17 17:30:00+01:00,5161,LSTM,3566.969016036498,3669.045988690871
2013-12-17 17:40:00+01:00,5161,LSTM,3228.2769520553015,3580.558359033659
2013-12-17 17:50:00+01:00,5161,LSTM,3273.0973652775074,3352.610646982543
2013-12-17 18:00:00+01:00,5161,LSTM,3197.365310400741,3235.6482872479232
2013-12-17 18:10:00+01:00,5161,LSTM,3225.8514510239543,3135.7148584638217
2013-12-17 18:20:00+01:00,5161,LSTM,2850.038959897034,3100.077284313126
2013-12-17 18:30:00+01:00,5161,LSTM,3065.798054716381,2899.518660630266
2013-12-17 18:40:00+01:00,5161,LSTM,2853.2895455813655,2893.795424277086
2013-12-17 18:50:00+01:00,5161,LSTM,2902.8008407747493,2791.05485305595
2013-12-17 19:00:00+01:00,5161,LSTM,2814.6861456313604,2761.3363584890435
2013-12-17 19:10:00+01:00,5161,LSTM,2951.3239482580657,2704.228438764146
2013-12-17 19:20:00+01:00,5161,LSTM,2730.481583025756,2741.0981581585006
2013-12-17 19:30:00+01:00,5161,LSTM,2447.7034023463807,2657.306724559119
2013-12-17 19:40:00+01:00,5161,LSTM,2416.36748363333,2474.524705037361
2013-12-17 19:50:00+01:00,5161,LSTM,2257.174864360952,2357.924478464759
2013-12-17 20:00:00+01:00,5161,LSTM,2049.735272998335,2221.1454107523205
2013-12-17 20:10:00+01:00,5161,LSTM,1769.0593633250392,2052.2011552492854
2013-12-17 20:20:00+01:00,5161,LSTM,1671.03085540267,1834.0221978421296
2013-12-17 20:30:00+01:00,5161,LSTM,1472.3549846994715,1671.9414855852067
2013-12-17 20:40:00+01:00,5161,LSTM,1444.258579760407,1497.5584126597753
2013-12-17 20:50:00+01:00,5161,LSTM,1219.8507002396602,1388.244211005854
2013-12-17 21:00:00+01:00,5161,LSTM,1171.962370084583,1235.82610147845
2013-12-17 21:10:00+01:00,5161,LSTM,1066.5071142007228,1131.7439493993024
2013-12-17 21:20:00+01:00,5161,LSTM,1065.675344189218,1033.612682484496
2013-12-17 21:30:00+01:00,5161,LSTM,1107.4399986278922,978.0039822627132
2013-12-17 21:40:00+01:00,5161,LSTM,1170.1950808339616,962.3121907555826
2013-12-17 21:50:00+01:00,5161,LSTM,881.8594319027436,977.683526830339
2013-12-17 22:00:00+01:00,5161,LSTM,747.4791263684058,880.6260297865434
2013-12-17 22:10:00+01:00,5161,LSTM,636.7719475721574,776.2134659284956
2013-12-17 22:20:00+01:00,5161,LSTM,549.4325508128481,680.5503625829524
2013-12-17 22:30:00+01:00,5161,LSTM,636.7148057202292,598.1998838626173
2013-12-17 22:40:00+01:00,5161,LSTM,583.7481411863653,578.9418258568951
2013-12-17 22:50:00+01:00,5161,LSTM,538.865437764789,550.9202463672531
2013-12-17 23:00:00+01:00,5161,LSTM,543.9615330632641,518.3078018092451
2013-12-17 23:10:00+01:00,5161,LSTM,439.515768418845,499.610919698629
2013-12-17 23:20:00+01:00,5161,LSTM,424.5902526558876,454.5602408636014
2013-12-17 23:30:00+01:00,5161,LSTM,452.1990424364424,421.25022056801595
2013-12-17 23:40:00+01:00,5161,LSTM,361.02265938382374,409.58904440591505
2013-12-17 23:50:00+01:00,5161,LSTM,371.8660477250394,373.4904051086922
2013-12-18 00:00:00+01:00,5161,LSTM,434.7363969546022,353.14704218355246
2013-12-18 00:10:00+01:00,5161,LSTM,406.5353036257435,360.4623678091341
2013-12-18 00:20:00+01:00,5161,LSTM,314.7143768670994,356.1095288856243
2013-12-18 00:30:00+01:00,5161,LSTM,311.52431694473506,322.97918591339294
2013-12-18 00:40:00+01:00,5161,LSTM,268.6449901889773,300.13524340704475
2013-12-18 00:50:00+01:00,5161,LSTM,269.0886359117024,272.80534583462645
2013-12-18 01:00:00+01:00,5161,LSTM,303.0961481591804,255.29775247395375
2013-12-18 01:10:00+01:00,5161,LSTM,274.72975729454504,255.0689038493631
2013-12-18 01:20:00+01:00,5161,LSTM,234.2820494847288,246.3278630802208
2013-12-18 01:30:00+01:00,5161,LSTM,258.46707144337455,227.42857033917176
2013-12-18 01:40:00+01:00,5161,LSTM,235.9508028704756,222.74971895266845
2013-12-18 01:50:00+01:00,5161,LSTM,214.01556383036043,213.52184862231047
2013-12-18 02:00:00+01:00,5161,LSTM,244.06613829384204,200.59990008911905
2013-12-18 02:10:00+01:00,5161,LSTM,221.3958276509302,202.12909387860395
2013-12-18 02:20:00+01:00,5161,LSTM,390.53134448762887,197.14713173105315
2013-12-18 02:30:00+01:00,5161,LSTM,385.1137114509063,249.60011214059637
2013-12-18 02:40:00+01:00,5161,LSTM,443.7337166404427,286.8351641994466
2013-12-18 02:50:00+01:00,5161,LSTM,424.5218189918709,331.960105170931
2013-12-18 03:00:00+01:00,5161,LSTM,514.8599377290959,357.46527596184296
2013-12-18 03:10:00+01:00,5161,LSTM,243.27391662521072,407.43325331539813
2013-12-18 03:20:00+01:00,5161,LSTM,216.10473306227644,346.40139639387303
2013-12-18 03:30:00+01:00,5161,LSTM,226.12570898861824,290.83092180695576
2013-12-18 03:40:00+01:00,5161,LSTM,232.0737385738167,260.8453529805929
2013-12-18 03:50:00+01:00,5161,LSTM,208.0513115206819,246.32483197261035
2013-12-18 04:00:00+01:00,5161,LSTM,225.40231883691752,231.00376176572763
2013-12-18 04:10:00+01:00,5161,LSTM,227.49485929936256,228.18449489825093
2013-12-18 04:20:00+01:00,5161,LSTM,215.5400516402809,229.65980233021628
2013-12-18 04:30:00+01:00,5161,LSTM,227.69819403531625,228.65381139327292
2013-12-18 04:40:00+01:00,5161,LSTM,220.47952551752596,233.8437412018759
2013-12-18 04:50:00+01:00,5161,LSTM,219.93323423727847,237.3493855482579
2013-12-18 05:00:00+01:00,5161,LSTM,234.73873484598008,241.33461847656417
2013-12-18 05:10:00+01:00,5161,LSTM,256.2188555144022,251.15052368335455
2013-12-18 05:20:00+01:00,5161,LSTM,246.57612592377367,267.6837843421265
2013-12-18 05:30:00+01:00,5161,LSTM,248.08905066449177,278.0816622101279
2013-12-18 05:40:00+01:00,5161,LSTM,257.0532949204877,287.036985447844
2013-12-18 05:50:00+01:00,5161,LSTM,243.37932740814935,298.0176779513931
2013-12-18 06:00:00+01:00,5161,LSTM,263.17789343777645,302.59936549949407
2013-12-18 06:10:00+01:00,5161,LSTM,227.6866219765991,313.6810107259587
2013-12-18 06:20:00+01:00,5161,LSTM,237.63648193237864,310.90695788033827
2013-12-18 06:30:00+01:00,5161,LSTM,320.88790613884976,312.5072985012357
2013-12-18 06:40:00+01:00,5161,LSTM,246.09838605413316,344.90453441889986
2013-12-18 06:50:00+01:00,5161,LSTM,260.014967945567,344.8451752281949
2013-12-18 07:00:00+01:00,5161,LSTM,350.64961349855326,347.6139236354968
2013-12-18 07:10:00+01:00,5161,LSTM,396.91444262208506,383.5992331870614
2013-12-18 07:20:00+01:00,5161,LSTM,404.74668790510873,429.8455997769879
2013-12-18 07:30:00+01:00,5161,LSTM,444.6405702249598,467.0755157923873
2013-12-18 07:40:00+01:00,5161,LSTM,383.82409815627034,508.01584431274296
2013-12-18 07:50:00+01:00,5161,LSTM,396.33360008328873,514.7630898536613
2013-12-18 08:00:00+01:00,5161,LSTM,413.6523713092924,520.4869155888761
2013-12-18 08:10:00+01:00,5161,LSTM,642.7807981404414,530.7680116164406
2013-12-18 08:20:00+01:00,5161,LSTM,541.2099035896497,625.8786114025411
2013-12-18 08:30:00+01:00,5161,LSTM,618.9033906617368,662.5037372522169
2013-12-18 08:40:00+01:00,5161,LSTM,646.4804250593488,711.8349294152712
2013-12-18 08:50:00+01:00,5161,LSTM,736.5292137771426,758.1905842740422
2013-12-18 09:00:00+01:00,5161,LSTM,844.3093291363506,825.1364689333393
2013-12-18 09:10:00+01:00,5161,LSTM,899.549622996776,917.0146450451684
2013-12-18 09:20:00+01:00,5161,LSTM,958.5369743205648,1005.3052527076992
2013-12-18 09:30:00+01:00,5161,LSTM,1156.9510131636562,1088.7993851689534
2013-12-18 09:40:00+01:00,5161,LSTM,1070.9885273908935,1228.1769751272648
2013-12-18 09:50:00+01:00,5161,LSTM,1130.08438330247,1288.5451036795291
2013-12-18 10:00:00+01:00,5161,LSTM,1296.1780485477595,1340.899362598148
2013-12-18 10:10:00+01:00,5161,LSTM,1440.5530194214932,1442.2350575405455
2013-12-18 10:20:00+01:00,5161,LSTM,1529.7800595619285,1573.489215954707
2013-12-18 10:30:00+01:00,5161,LSTM,1691.0552866925966,1697.4462985370258
2013-12-18 10:40:00+01:00,5161,LSTM,1911.0960679719487,1843.990289910196
2013-12-18 10:50:00+01:00,5161,LSTM,1785.5616468634723,2032.721910585432
2013-12-18 11:00:00+01:00,5161,LSTM,2071.8499346707868,2086.2846131701435
2013-12-18 11:10:00+01:00,5161,LSTM,2104.38380354869,2227.8539254737716
2013-12-18 11:20:00+01:00,5161,LSTM,2088.582863376562,2322.2182834056593
2013-12-18 11:30:00+01:00,5161,LSTM,2219.1139890295003,2355.469197102841
2013-12-18 11:40:00+01:00,5161,LSTM,2249.7116483369614,2418.572310891524
2013-12-18 11:50:00+01:00,5161,LSTM,2448.1500848046576,2459.787123045495
2013-12-18 12:00:00+01:00,5161,LSTM,2599.891008292166,2565.7566658461237
2013-12-18 12:10:00+01:00,5161,LSTM,2445.932020288153,2692.4594056895726
2013-12-18 12:20:00+01:00,5161,LSTM,2537.6950762035267,2683.3494959637223
2013-12-18 12:30:00+01:00,5161,LSTM,2588.7941060367298,2702.5916406544893
2013-12-18 12:40:00+01:00,5161,LSTM,2524.91801599414,2726.831913400063
2013-12-18 12:50:00+01:00,5161,LSTM,2801.2404911584017,2700.044331497619
2013-12-18 13:00:00+01:00,5161,LSTM,2847.331544108135,2807.6255815726845
2013-12-18 13:10:00+01:00,5161,LSTM,3144.238023041749,2886.433874260445
2013-12-18 13:20:00+01:00,5161,LSTM,3527.2244496763883,3065.390130793181
2013-12-18 13:30:00+01:00,5161,LSTM,3725.4207645288634,3340.750764877089
2013-12-18 13:40:00+01:00,5161,LSTM,3822.5182078349007,3581.7930302003265
2013-12-18 13:50:00+01:00,5161,LSTM,3866.7158500755895,3753.0723331300646
2013-12-18 14:00:00+01:00,5161,LSTM,3877.370026805758,3858.362234246478
2013-12-18 14:10:00+01:00,5161,LSTM,3581.297248901585,3911.9682143120726
2013-12-18 14:20:00+01:00,5161,LSTM,3756.336587606974,3795.16818722948
2013-12-18 14:30:00+01:00,5161,LSTM,3436.1637969550616,3797.079468972752
2013-12-18 14:40:00+01:00,5161,LSTM,3591.041634336808,3640.6027484536385
2013-12-18 14:50:00+01:00,5161,LSTM,3316.722194513904,3620.3982270965457
2013-12-18 15:00:00+01:00,5161,LSTM,3167.5090616678713,3473.986131003148
2013-12-18 15:10:00+01:00,5161,LSTM,3138.9187678562535,3312.4710360559548
2013-12-18 15:20:00+01:00,5161,LSTM,3047.2730093875666,3204.215196142691
2013-12-18 15:30:00+01:00,5161,LSTM,3150.526410924985,3100.5782590431904
2013-12-18 15:40:00+01:00,5161,LSTM,2938.9462944045526,3095.7289920510316
2013-12-18 15:50:00+01:00,5161,LSTM,3039.379008595899,2989.57051020935
2013-12-18 16:00:00+01:00,5161,LSTM,3118.2081082170716,2977.004211635787
2013-12-18 16:10:00+01:00,5161,LSTM,3213.492216331038,3007.0157132717068
2013-12-18 16:20:00+01:00,5161,LSTM,3012.903616167264,3069.898734968896
2013-12-18 16:30:00+01:00,5161,LSTM,2953.887235994936,3004.3276260058165
2013-12-18 16:40:00+01:00,5161,LSTM,2920.784697090147,2932.514456103565
2013-12-18 16:50:00+01:00,5161,LSTM,2932.3621629515956,2872.185731950237
2013-12-18 17:00:00+01:00,5161,LSTM,3075.2097358720193,2844.0085556032573
2013-12-18 17:10:00+01:00,5161,LSTM,3023.2146461970497,2899.148528712053
2013-12-18 17:20:00+01:00,5161,LSTM,2955.8096825580797,2905.9311371750937
2013-12-18 17:30:00+01:00,5161,LSTM,2909.4140309420695,2875.399884781412
2013-12-18 17:40:00+01:00,5161,LSTM,2701.297098109609,2832.2484474566477
2013-12-18 17:50:00+01:00,5161,LSTM,2824.2447358914164,2704.041015276898
2013-12-18 18:00:00+01:00,5161,LSTM,2610.159367569728,2691.092965539284
2013-12-18 18:10:00+01:00,5161,LSTM,2438.946404722023,2581.5602715451073
2013-12-18 18:20:00+01:00,5161,LSTM,2638.442059133726,2438.837791190561
2013-12-18 18:30:00+01:00,5161,LSTM,2572.860467556091,2455.7285541525016
2013-12-18 18:40:00+01:00,5161,LSTM,2564.8270013137253,2436.017513953881
2013-12-18 18:50:00+01:00,5161,LSTM,2356.0194800955564,2422.631974351154
2013-12-18 19:00:00+01:00,5161,LSTM,2361.877506626192,2314.6515442432756
2013-12-18 19:10:00+01:00,5161,LSTM,2249.489893491232,2255.985887798895
2013-12-18 19:20:00+01:00,5161,LSTM,2056.950612153902,2170.3294810447346
2013-12-18 19:30:00+01:00,5161,LSTM,2078.265930617188,2032.9739135042696
2013-12-18 19:40:00+01:00,5161,LSTM,2282.8702344669236,1966.5989716423792
2013-12-18 19:50:00+01:00,5161,LSTM,2069.8320473197828,2025.9940304542472
2013-12-18 20:00:00+01:00,5161,LSTM,1856.3399395959125,1962.1232044657777
2013-12-18 20:10:00+01:00,5161,LSTM,1593.6848404836917,1826.9310478835728
2013-12-18 20:20:00+01:00,5161,LSTM,1380.718501108397,1632.7444017799671
2013-12-18 20:30:00+01:00,5161,LSTM,1368.4242757138204,1434.6601091283833
2013-12-18 20:40:00+01:00,5161,LSTM,1136.792249422685,1321.628001397913
2013-12-18 20:50:00+01:00,5161,LSTM,1057.0448974885364,1167.3154285646033
2013-12-18 21:00:00+01:00,5161,LSTM,952.5083094111518,1051.1106773377353
2013-12-18 21:10:00+01:00,5161,LSTM,885.5503789645999,948.0609331403306
2013-12-18 21:20:00+01:00,5161,LSTM,945.3039765700032,866.1806970867873
2013-12-18 21:30:00+01:00,5161,LSTM,955.264414278512,840.8659808907335
2013-12-18 21:40:00+01:00,5161,LSTM,908.5028626962757,830.2606405462816
2013-12-18 21:50:00+01:00,5161,LSTM,948.1961829441356,807.3480771315295
2013-12-18 22:00:00+01:00,5161,LSTM,824.9544105694688,808.1542675584824
2013-12-18 22:10:00+01:00,5161,LSTM,795.2902571378482,765.2270479994601
2013-12-18 22:20:00+01:00,5161,LSTM,611.8898132580771,728.678626011816
2013-12-18 22:30:00+01:00,5161,LSTM,578.9331160593663,644.5480451497957
2013-12-18 22:40:00+01:00,5161,LSTM,579.758380728512,583.6386112967605
2013-12-18 22:50:00+01:00,5161,LSTM,505.07068586891967,549.1763491220262
2013-12-18 23:00:00+01:00,5161,LSTM,457.7309837729682,504.6245400812227
2013-12-18 23:10:00+01:00,5161,LSTM,554.7293924602143,461.96052169970994
2013-12-18 23:20:00+01:00,5161,LSTM,463.8495192179038,467.2327124009639
2013-12-18 23:30:00+01:00,5161,LSTM,405.31707405852785,441.6011612621817
2013-12-18 23:40:00+01:00,5161,LSTM,362.2332987076172,405.3195609416932
2013-12-18 23:50:00+01:00,5161,LSTM,315.83979004875897,369.01278558855097
2013-12-19 00:00:00+01:00,5161,LSTM,274.15971413353014,331.94663358155094
2013-12-19 00:10:00+01:00,5161,LSTM,267.61262626934615,295.8047168034452
2013-12-19 00:20:00+01:00,5161,LSTM,269.4348143521607,270.94500353869716
2013-12-19 00:30:00+01:00,5161,LSTM,251.59936031068108,255.7418097388886
2013-12-19 00:40:00+01:00,5161,LSTM,241.11077549617795,240.31448237077188
2013-12-19 00:50:00+01:00,5161,LSTM,217.61387908115543,226.72535337354157
2013-12-19 01:00:00+01:00,5161,LSTM,203.93836896901365,210.5693814148401
2013-12-19 01:10:00+01:00,5161,LSTM,204.19021109794605,195.71813288758108
2013-12-19 01:20:00+01:00,5161,LSTM,169.83191805344853,186.23480754360708
2013-12-19 01:30:00+01:00,5161,LSTM,162.96949533698893,169.74996040916903
2013-12-19 01:40:00+01:00,5161,LSTM,188.53651545443145,156.77934575934273
2013-12-19 01:50:00+01:00,5161,LSTM,145.82473974649017,156.70205251527568
2013-12-19 02:00:00+01:00,5161,LSTM,147.12279347960083,144.27383773285737
2013-12-19 02:10:00+01:00,5161,LSTM,160.8532692142406,136.33839800863257
2013-12-19 02:20:00+01:00,5161,LSTM,167.06289120360285,136.387400915002
2013-12-19 02:30:00+01:00,5161,LSTM,144.11838169526197,139.45016676052023
2013-12-19 02:40:00+01:00,5161,LSTM,168.72064638973615,135.20526894691648
2013-12-19 02:50:00+01:00,5161,LSTM,163.0735970957352,140.8224165337292
2013-12-19 03:00:00+01:00,5161,LSTM,140.690203533808,144.58317910399296
2013-12-19 03:10:00+01:00,5161,LSTM,169.99310076299008,141.02381679495852
2013-12-19 03:20:00+01:00,5161,LSTM,146.30840908528077,149.1089595561673
2013-12-19 03:30:00+01:00,5161,LSTM,139.73345358089506,149.19433575386256
2013-12-19 03:40:00+01:00,5161,LSTM,157.5361068964527,148.09606442966674
2013-12-19 03:50:00+01:00,5161,LSTM,149.20889286245782,154.85088773961138
2013-12-19 04:00:00+01:00,5161,LSTM,137.03987324181455,158.96309039782318
2013-12-19 04:10:00+01:00,5161,LSTM,161.42362473173466,159.2677167126758
2013-12-19 04:20:00+01:00,5161,LSTM,149.15988373353292,169.07233946336055
2013-12-19 04:30:00+01:00,5161,LSTM,137.6941780938017,174.24913447231802
2013-12-19 04:40:00+01:00,5161,LSTM,167.33061109865338,175.35026850925692
2013-12-19 04:50:00+01:00,5161,LSTM,163.0625850532912,187.5087147143429
2013-12-19 05:00:00+01:00,5161,LSTM,148.12736079806203,197.1124423883998
2013-12-19 05:10:00+01:00,5161,LSTM,192.28413701945345,200.12334261480555
2013-12-19 05:20:00+01:00,5161,LSTM,164.71341985199507,218.2749621452706
2013-12-19 05:30:00+01:00,5161,LSTM,144.27452155604877,224.43316244055313
2013-12-19 05:40:00+01:00,5161,LSTM,199.83220208558296,222.11958535942404
2013-12-19 05:50:00+01:00,5161,LSTM,156.33419538909803,240.23634715236855
2013-12-19 06:00:00+01:00,5161,LSTM,143.32223407904334,241.1825579114386
2013-12-19 06:10:00+01:00,5161,LSTM,201.51145994190713,236.9368181234988
2013-12-19 06:20:00+01:00,5161,LSTM,182.4923689474145,254.73783954035207
2013-12-19 06:30:00+01:00,5161,LSTM,133.89031098882396,263.7680142965603
2013-12-19 06:40:00+01:00,5161,LSTM,189.73953941261328,253.43951511386513
2013-12-19 06:50:00+01:00,5161,LSTM,187.9349339469853,264.59298075121137
2013-12-19 07:00:00+01:00,5161,LSTM,209.46092881455084,274.7948469937355
2013-12-19 07:10:00+01:00,5161,LSTM,197.4262665671401,289.8912784477084
2013-12-19 07:20:00+01:00,5161,LSTM,212.63688567675612,297.58608190663494
2013-12-19 07:30:00+01:00,5161,LSTM,216.06083141924427,308.17980300524664
2013-12-19 07:40:00+01:00,5161,LSTM,261.4317023752601,317.72543445010274
2013-12-19 07:50:00+01:00,5161,LSTM,296.27100234562073,340.7173960447626
2013-12-19 08:00:00+01:00,5161,LSTM,342.76181921731956,371.1067757627877
2013-12-19 08:10:00+01:00,5161,LSTM,346.69257314533564,410.3689652335772
2013-12-19 08:20:00+01:00,5161,LSTM,422.22979830298686,440.79749675823746
2013-12-19 08:30:00+01:00,5161,LSTM,488.4607549887773,489.2548037577051
2013-12-19 08:40:00+01:00,5161,LSTM,604.7331293745741,550.367153425775
2013-12-19 08:50:00+01:00,5161,LSTM,607.3706342493139,639.396593568359
2013-12-19 09:00:00+01:00,5161,LSTM,717.0960681246434,706.5251024611872
2013-12-19 09:10:00+01:00,5161,LSTM,744.4125955030348,793.9920908280048
2013-12-19 09:20:00+01:00,5161,LSTM,885.8691646569248,867.5707125184912
2013-12-19 09:30:00+01:00,5161,LSTM,956.9749876230774,973.1940354720568
2013-12-19 09:40:00+01:00,5161,LSTM,974.4222874115708,1077.8471513979694
2013-12-19 09:50:00+01:00,5161,LSTM,1099.8968903830028,1154.129773669301
2013-12-19 10:00:00+01:00,5161,LSTM,1223.0265098359564,1252.2882153058094
2013-12-19 10:10:00+01:00,5161,LSTM,1343.7740895969175,1369.9887339410136
2013-12-19 10:20:00+01:00,5161,LSTM,1372.3714407262266,1499.375645869689
2013-12-19 10:30:00+01:00,5161,LSTM,1541.0252950144395,1593.2209476726416
2013-12-19 10:40:00+01:00,5161,LSTM,1538.6102731116111,1719.1556385265696
2013-12-19 10:50:00+01:00,5161,LSTM,1767.8144305583835,1793.722569692938
2013-12-19 11:00:00+01:00,5161,LSTM,1720.500174003359,1931.3310242252935
2013-12-19 11:10:00+01:00,5161,LSTM,1655.2977562718884,1991.5224223643809
2013-12-19 11:20:00+01:00,5161,LSTM,1764.8961707210094,1980.491884980126
2013-12-19 11:30:00+01:00,5161,LSTM,1819.63407851865,2005.9063751350247
2013-12-19 11:40:00+01:00,5161,LSTM,2052.6956170451535,2038.7886724677987
2013-12-19 11:50:00+01:00,5161,LSTM,2101.996980461677,2160.1860478211456
2013-12-19 12:00:00+01:00,5161,LSTM,2135.135202435923,2254.5105803669294
2013-12-19 12:10:00+01:00,5161,LSTM,2269.4614446858836,2315.938838805958
2013-12-19 12:20:00+01:00,5161,LSTM,2298.4728828523553,2403.1885977940246
2013-12-19 12:30:00+01:00,5161,LSTM,2442.7432280781572,2458.0339640825696
2013-12-19 12:40:00+01:00,5161,LSTM,2534.7805491728077,2546.371385518195
2013-12-19 12:50:00+01:00,5161,LSTM,2562.878688500337,2631.9495728565184
2013-12-19 13:00:00+01:00,5161,LSTM,2649.3839015617605,2683.3077340366444
2013-12-19 13:10:00+01:00,5161,LSTM,3079.733514443519,2741.288612753359
2013-12-19 13:20:00+01:00,5161,LSTM,2879.35255560068,2970.971970701207
2013-12-19 13:30:00+01:00,5161,LSTM,3051.982532613996,3000.939521276774
2013-12-19 13:40:00+01:00,5161,LSTM,3203.6880296283844,3083.549833277274
2013-12-19 13:50:00+01:00,5161,LSTM,3184.920364559773,3191.506772301171
2013-12-19 14:00:00+01:00,5161,LSTM,3255.8199028504423,3235.1942946858208
2013-12-19 14:10:00+01:00,5161,LSTM,3134.4021135381454,3283.1043183667307
2013-12-19 14:20:00+01:00,5161,LSTM,3258.1519848721173,3241.907524463555
2013-12-19 14:30:00+01:00,5161,LSTM,3144.5691178525626,3269.1457310307565
2013-12-19 14:40:00+01:00,5161,LSTM,3201.752331425179,3224.400688879785
2013-12-19 14:50:00+01:00,5161,LSTM,2828.0122826513634,3221.4717969537296
2013-12-19 15:00:00+01:00,5161,LSTM,3105.1985250868565,3030.8075504857975
2013-12-19 15:10:00+01:00,5161,LSTM,2825.0268339070653,3053.943321297088
2013-12-19 15:20:00+01:00,5161,LSTM,2680.860336062098,2930.114155665803
2013-12-19 15:30:00+01:00,5161,LSTM,2901.1643579075926,2787.5979590236366
2013-12-19 15:40:00+01:00,5161,LSTM,2752.326020835195,2814.137832076358
2013-12-19 15:50:00+01:00,5161,LSTM,2739.160734550718,2756.8265755492575
2013-12-19 16:00:00+01:00,5161,LSTM,2807.926953434118,2715.8392648609397
2013-12-19 16:10:00+01:00,5161,LSTM,2584.6474008854693,2722.6751702994643
2013-12-19 16:20:00+01:00,5161,LSTM,2495.299646205601,2614.826172385474
2013-12-19 16:30:00+01:00,5161,LSTM,2745.7068867091157,2507.601835231542
2013-12-19 16:40:00+01:00,5161,LSTM,2450.8028465302978,2567.1684042157026
2013-12-19 16:50:00+01:00,5161,LSTM,2718.514610508947,2457.8719682202764
2013-12-19 17:00:00+01:00,5161,LSTM,2651.8242539923936,2524.373543022338
2013-12-19 17:10:00+01:00,5161,LSTM,2449.5355814077093,2528.3595337275465
2013-12-19 17:20:00+01:00,5161,LSTM,2364.176910891732,2431.1575538876514
2013-12-19 17:30:00+01:00,5161,LSTM,2622.1045934692197,2332.086138428996
2013-12-19 17:40:00+01:00,5161,LSTM,2355.841113979691,2400.0474441378024
2013-12-19 17:50:00+01:00,5161,LSTM,2382.0018107642663,2311.6367709349233
2013-12-19 18:00:00+01:00,5161,LSTM,2420.424755823487,2273.4316802432872
2013-12-19 18:10:00+01:00,5161,LSTM,2299.2362821535503,2269.8241570022196
2013-12-19 18:20:00+01:00,5161,LSTM,2240.367438013967,2210.228203113724
2013-12-19 18:30:00+01:00,5161,LSTM,2492.787193393898,2147.987944624823
2013-12-19 18:40:00+01:00,5161,LSTM,2202.0071146875607,2233.7388208995094
2013-12-19 18:50:00+01:00,5161,LSTM,2133.3736147695986,2145.081701808412
2013-12-19 19:00:00+01:00,5161,LSTM,2326.3214458188877,2060.53779574473
2013-12-19 19:10:00+01:00,5161,LSTM,1970.2567844627372,2104.082687676821
2013-12-19 19:20:00+01:00,5161,LSTM,1808.8307854157467,1962.6154226627457
2013-12-19 19:30:00+01:00,5161,LSTM,1778.773170198912,1807.0702204505344
2013-12-19 19:40:00+01:00,5161,LSTM,1635.787719109659,1706.9042383547624
2013-12-19 19:50:00+01:00,5161,LSTM,1787.263753204616,1588.770366053373
2013-12-19 20:00:00+01:00,5161,LSTM,1440.88867218802,1589.3259743931806
2013-12-19 20:10:00+01:00,5161,LSTM,1445.5644674539708,1440.0423669247425
2013-12-19 20:20:00+01:00,5161,LSTM,1165.5590391534608,1356.6932645429065
2013-12-19 20:30:00+01:00,5161,LSTM,983.6175479920738,1196.7188352855294
2013-12-19 20:40:00+01:00,5161,LSTM,1067.5725188758042,1037.8095877609337
2013-12-19 20:50:00+01:00,5161,LSTM,1064.618223935173,982.047816604822
2013-12-19 21:00:00+01:00,5161,LSTM,953.1277380167766,950.6868827002058
2013-12-19 21:10:00+01:00,5161,LSTM,991.1119054543544,891.663555557789
2013-12-19 21:20:00+01:00,5161,LSTM,837.1151397881081,871.3641436930012
2013-12-19 21:30:00+01:00,5161,LSTM,743.8278799292221,805.0749148185403
2013-12-19 21:40:00+01:00,5161,LSTM,719.1316889898058,733.4308975604398
2013-12-19 21:50:00+01:00,5161,LSTM,640.9126234522488,684.0685523469444
2013-12-19 22:00:00+01:00,5161,LSTM,713.2597044109507,629.5949177278512
2013-12-19 22:10:00+01:00,5161,LSTM,645.8009501561384,621.7673349160993
2013-12-19 22:20:00+01:00,5161,LSTM,572.8273669647257,595.2403440707225
2013-12-19 22:30:00+01:00,5161,LSTM,602.1082651205094,553.9543008879053
2013-12-19 22:40:00+01:00,5161,LSTM,612.7761073387327,538.5049137921792
2013-12-19 22:50:00+01:00,5161,LSTM,511.6283892034663,533.3557355414505
2013-12-19 23:00:00+01:00,5161,LSTM,441.1131532476022,496.2745121938317
2013-12-19 23:10:00+01:00,5161,LSTM,420.68939333691895,449.4867561057008
2013-12-19 23:20:00+01:00,5161,LSTM,422.76393097167903,414.36000778480343
2013-12-19 23:30:00+01:00,5161,LSTM,424.813802766231,393.8040463397624
2013-12-19 23:40:00+01:00,5161,LSTM,384.168111792852,381.8214043760841
2013-12-19 23:50:00+01:00,5161,LSTM,292.08993344227594,361.07397796698115
2013-12-20 00:00:00+01:00,5161,LSTM,320.8548608702784,318.28029553768715
2013-12-20 00:10:00+01:00,5161,LSTM,295.0888240231719,299.8988170134278
2013-12-20 00:20:00+01:00,5161,LSTM,295.930735817044,281.09348860830346
2013-12-20 00:30:00+01:00,5161,LSTM,256.0935387514627,269.0126724370191
2013-12-20 00:40:00+01:00,5161,LSTM,206.02028699020244,248.90194702098347
2013-12-20 00:50:00+01:00,5161,LSTM,217.9249505451503,220.1140024904928
2013-12-20 01:00:00+01:00,5161,LSTM,242.2610904780719,205.27588876287928
2013-12-20 01:10:00+01:00,5161,LSTM,174.30727529920304,204.0420595705484
2013-12-20 01:20:00+01:00,5161,LSTM,178.3624895996379,182.55790561723305
2013-12-20 01:30:00+01:00,5161,LSTM,175.14631321298384,169.22995705910512
2013-12-20 01:40:00+01:00,5161,LSTM,152.33877903626714,160.5542534984554
2013-12-20 01:50:00+01:00,5161,LSTM,180.4087312079657,148.39968037531617
2013-12-20 02:00:00+01:00,5161,LSTM,171.04825715394256,149.59511553791413
2013-12-20 02:10:00+01:00,5161,LSTM,161.85027633466174,148.827571732995
2013-12-20 02:20:00+01:00,5161,LSTM,185.78027659485545,146.01992411135848
2013-12-20 02:30:00+01:00,5161,LSTM,189.96631002664577,152.70991539741226
2013-12-20 02:40:00+01:00,5161,LSTM,159.52863581588178,160.20011909263167
2013-12-20 02:50:00+01:00,5161,LSTM,174.6532072077503,156.6060674409439
2013-12-20 03:00:00+01:00,5161,LSTM,173.67646954474253,159.86686565034643
2013-12-20 03:10:00+01:00,5161,LSTM,210.40674521528015,163.78373026254985
2013-12-20 03:20:00+01:00,5161,LSTM,215.7389642710228,180.04747493629043
2013-12-20 03:30:00+01:00,5161,LSTM,178.25207816386845,195.3316666672456
2013-12-20 03:40:00+01:00,5161,LSTM,188.90145295184752,194.76585991329011
2013-12-20 03:50:00+01:00,5161,LSTM,167.10315362723503,198.67026330531712
2013-12-20 04:00:00+01:00,5161,LSTM,169.19827912810726,196.31879737905703
2013-12-20 04:10:00+01:00,5161,LSTM,178.67270202915898,196.711662604348
2013-12-20 04:20:00+01:00,5161,LSTM,154.4512476431332,202.22928882461704
2013-12-20 04:30:00+01:00,5161,LSTM,164.45603344192114,200.01388595109393
2013-12-20 04:40:00+01:00,5161,LSTM,150.4502013784426,202.9793195633424
2013-12-20 04:50:00+01:00,5161,LSTM,157.78348111259098,202.53425192920415
2013-12-20 05:00:00+01:00,5161,LSTM,150.8773208692979,206.05353625983344
2013-12-20 05:10:00+01:00,5161,LSTM,154.23660128905453,208.16487110539697
2013-12-20 05:20:00+01:00,5161,LSTM,181.1986822665034,212.1890032480376
2013-12-20 05:30:00+01:00,5161,LSTM,191.88644164475403,225.8266299670356
2013-12-20 05:40:00+01:00,5161,LSTM,183.4331477599359,241.25025264807255
2013-12-20 05:50:00+01:00,5161,LSTM,154.4609675948949,250.5976833341772
2013-12-20 06:00:00+01:00,5161,LSTM,191.37867000837028,247.96247205660325
2013-12-20 06:10:00+01:00,5161,LSTM,142.15965745180588,258.93188210404674
2013-12-20 06:20:00+01:00,5161,LSTM,163.77123826219886,252.1294030466709
2013-12-20 06:30:00+01:00,5161,LSTM,186.41087200627024,253.9894927502992
2013-12-20 06:40:00+01:00,5161,LSTM,174.15650488207154,264.9575556388047
2013-12-20 06:50:00+01:00,5161,LSTM,208.7821609085626,270.04080729900556
2013-12-20 07:00:00+01:00,5161,LSTM,232.60472252868115,285.7629098822408
2013-12-20 07:10:00+01:00,5161,LSTM,239.04326388395523,306.95978219203016
2013-12-20 07:20:00+01:00,5161,LSTM,270.3587549846594,325.28577460753127
2013-12-20 07:30:00+01:00,5161,LSTM,315.4996875703942,349.5586317599177
2013-12-20 07:40:00+01:00,5161,LSTM,319.7182355636193,383.9324866293464
2013-12-20 07:50:00+01:00,5161,LSTM,377.8523219965641,411.13305694371775
2013-12-20 08:00:00+01:00,5161,LSTM,352.55076036185295,450.96602081704646
2013-12-20 08:10:00+01:00,5161,LSTM,383.3799070414188,471.26905317148
2013-12-20 08:20:00+01:00,5161,LSTM,457.79138152961445,494.5651358963907
2013-12-20 08:30:00+01:00,5161,LSTM,519.1234567663073,538.7951423458823
2013-12-20 08:40:00+01:00,5161,LSTM,592.0156234283002,595.0879467158625
2013-12-20 08:50:00+01:00,5161,LSTM,682.5120157015942,663.795746871182
2013-12-20 09:00:00+01:00,5161,LSTM,815.2566292754293,748.742200865022
2013-12-20 09:10:00+01:00,5161,LSTM,893.1666128774606,863.1424326944539
2013-12-20 09:20:00+01:00,5161,LSTM,951.8005583399396,978.105776959965
2013-12-20 09:30:00+01:00,5161,LSTM,889.665675614137,1081.131945875955
2013-12-20 09:40:00+01:00,5161,LSTM,1044.0207602265416,1121.1218537655593
2013-12-20 09:50:00+01:00,5161,LSTM,1141.5234197001528,1201.4500995744638
2013-12-20 10:00:00+01:00,5161,LSTM,1331.0219964449902,1297.5212236833504
2013-12-20 10:10:00+01:00,5161,LSTM,1221.1820332134453,1442.4494452559115
2013-12-20 10:20:00+01:00,5161,LSTM,1363.394858811753,1490.680240109571
2013-12-20 10:30:00+01:00,5161,LSTM,1549.3874315385597,1568.3476891457592
2013-12-20 10:40:00+01:00,5161,LSTM,1544.8606875603273,1697.9291918682195
2013-12-20 10:50:00+01:00,5161,LSTM,1697.7923816756988,1776.9966021579585
2013-12-20 11:00:00+01:00,5161,LSTM,1738.712584381243,1884.415351186129
2013-12-20 11:10:00+01:00,5161,LSTM,1758.3699015189936,1963.6632597242
2013-12-20 11:20:00+01:00,5161,LSTM,1717.3818826052743,2009.2066619407972
2013-12-20 11:30:00+01:00,5161,LSTM,2046.7504347800004,2003.732397398845
2013-12-20 11:40:00+01:00,5161,LSTM,1989.8289110019257,2140.230750867581
2013-12-20 11:50:00+01:00,5161,LSTM,2381.054740755782,2196.68058345127
2013-12-20 12:00:00+01:00,5161,LSTM,2271.234629529279,2402.0862849930154
2013-12-20 12:10:00+01:00,5161,LSTM,2400.4789142208974,2470.804862419838
2013-12-20 12:20:00+01:00,5161,LSTM,2226.841008112969,2553.2342341354797
2013-12-20 12:30:00+01:00,5161,LSTM,2358.4517378261557,2503.841746240747
2013-12-20 12:40:00+01:00,5161,LSTM,2492.564143740062,2518.695015506413
2013-12-20 12:50:00+01:00,5161,LSTM,2654.988314825337,2584.0275089426004
2013-12-20 13:00:00+01:00,5161,LSTM,2834.7442128128732,2693.8324132396847
2013-12-20 13:10:00+01:00,5161,LSTM,2796.3366893389975,2836.0835563608016
2013-12-20 13:20:00+01:00,5161,LSTM,3057.389463717066,2889.046099638639
2013-12-20 13:30:00+01:00,5161,LSTM,3188.3403287128986,3030.335876462634
2013-12-20 13:40:00+01:00,5161,LSTM,3221.6808742543085,3164.041401058051
2013-12-20 13:50:00+01:00,5161,LSTM,3524.606273250652,3245.6613828442614
2013-12-20 14:00:00+01:00,5161,LSTM,3223.604677930405,3423.784421573851
2013-12-20 14:10:00+01:00,5161,LSTM,3420.8806611306845,3373.8768979776387
2013-12-20 14:20:00+01:00,5161,LSTM,3430.3382613975123,3424.930517040346
2013-12-20 14:30:00+01:00,5161,LSTM,3298.109749673952,3451.2105568129027
2013-12-20 14:40:00+01:00,5161,LSTM,3026.864699942121,3397.399976983601
2013-12-20 14:50:00+01:00,5161,LSTM,3372.5327205685285,3224.5857548388913
2013-12-20 15:00:00+01:00,5161,LSTM,3101.1761112674367,3289.9185850648137
2013-12-20 15:10:00+01:00,5161,LSTM,3045.330459174396,3196.884125597022
2013-12-20 15:20:00+01:00,5161,LSTM,3055.9317954110975,3113.5424746880612
2013-12-20 15:30:00+01:00,5161,LSTM,2986.764935956224,3067.634497583871
2013-12-20 15:40:00+01:00,5161,LSTM,3136.2237396105165,3006.7663204733117
2013-12-20 15:50:00+01:00,5161,LSTM,3131.0836766029715,3044.6418624097423
2013-12-20 16:00:00+01:00,5161,LSTM,3260.1056479460967,3062.1577913163437
2013-12-20 16:10:00+01:00,5161,LSTM,3274.444813113249,3132.509293770877
2013-12-20 16:20:00+01:00,5161,LSTM,3278.2549995689146,3175.5043764614
2013-12-20 16:30:00+01:00,5161,LSTM,3278.9110789634487,3197.001328424627
2013-12-20 16:40:00+01:00,5161,LSTM,3529.724724717096,3203.839170404125
2013-12-20 16:50:00+01:00,5161,LSTM,3394.1941948771764,3326.490919123607
2013-12-20 17:00:00+01:00,5161,LSTM,3234.2071748373237,3328.9355074114555
2013-12-20 17:10:00+01:00,5161,LSTM,3389.9430555221684,3246.0166960141564
2013-12-20 17:20:00+01:00,5161,LSTM,3076.8204748194617,3267.8036239387848
2013-12-20 17:30:00+01:00,5161,LSTM,3169.025651437151,3124.033980102253
2013-12-20 17:40:00+01:00,5161,LSTM,3152.813292928823,3085.178043248701
2013-12-20 17:50:00+01:00,5161,LSTM,2945.2570829354527,3055.824291964255
2013-12-20 18:00:00+01:00,5161,LSTM,2751.240705762398,2939.1534237448423
2013-12-20 18:10:00+01:00,5161,LSTM,2526.086363808874,2777.4567149333216
2013-12-20 18:20:00+01:00,5161,LSTM,2513.1202697284134,2578.7210498858617
2013-12-20 18:30:00+01:00,5161,LSTM,2452.488978619407,2466.1571640837765
2013-12-20 18:40:00+01:00,5161,LSTM,2226.2948976824414,2379.1232873155222
2013-12-20 18:50:00+01:00,5161,LSTM,2231.854043691212,2226.9878706715117
2013-12-20 19:00:00+01:00,5161,LSTM,2045.1723911260908,2145.9704899177505
2013-12-20 19:10:00+01:00,5161,LSTM,1932.1817819671628,2014.527224067668
2013-12-20 19:20:00+01:00,5161,LSTM,1809.0938692333532,1889.8238996311377
2013-12-20 19:30:00+01:00,5161,LSTM,1682.2748232455915,1764.5645353429518
2013-12-20 19:40:00+01:00,5161,LSTM,1658.539386443391,1638.2984223409203
2013-12-20 19:50:00+01:00,5161,LSTM,1627.131812896983,1556.7967274242726
2013-12-20 20:00:00+01:00,5161,LSTM,1571.7871199941262,1497.039630172499
2013-12-20 20:10:00+01:00,5161,LSTM,1417.9407513716644,1439.592710530472
2013-12-20 20:20:00+01:00,5161,LSTM,1296.3013396407566,1342.7085970518672
2013-12-20 20:30:00+01:00,5161,LSTM,1142.2091077956493,1238.5801574335846
2013-12-20 20:40:00+01:00,5161,LSTM,1166.7402506036506,1120.044126615168
2013-12-20 20:50:00+01:00,5161,LSTM,1058.700025643568,1063.9836229645573
2013-12-20 21:00:00+01:00,5161,LSTM,881.5584106411061,992.8701337357236
2013-12-20 21:10:00+01:00,5161,LSTM,897.3151194870408,887.7100650619591
2013-12-20 21:20:00+01:00,5161,LSTM,777.0236581361161,834.1226084317618
2013-12-20 21:30:00+01:00,5161,LSTM,764.1147387323558,762.6686247813516
2013-12-20 21:40:00+01:00,5161,LSTM,716.7286343989678,716.9079931860036
2013-12-20 21:50:00+01:00,5161,LSTM,641.4411633097075,674.8419449780909
2013-12-20 22:00:00+01:00,5161,LSTM,796.3833848117757,624.7700679914434
2013-12-20 22:10:00+01:00,5161,LSTM,612.7666021978904,647.499165198328
2013-12-20 22:20:00+01:00,5161,LSTM,640.7963391743687,599.9841958759838
2013-12-20 22:30:00+01:00,5161,LSTM,594.8789978391299,578.6152240118664
2013-12-20 22:40:00+01:00,5161,LSTM,603.3621102896907,551.3685977013025
2013-12-20 22:50:00+01:00,5161,LSTM,514.1576935703727,537.3246341676336
2013-12-20 23:00:00+01:00,5161,LSTM,460.330469444625,499.28541242023744
2013-12-20 23:10:00+01:00,5161,LSTM,372.4422441896763,457.6546649441623
2013-12-20 23:20:00+01:00,5161,LSTM,336.6106990216673,404.1437437811296
2013-12-20 23:30:00+01:00,5161,LSTM,280.37223634351284,359.93630224384947
2013-12-20 23:40:00+01:00,5161,LSTM,322.4158153523704,315.61106849692897
2013-12-20 23:50:00+01:00,5161,LSTM,283.09523696169595,300.6755383386121
2013-12-21 00:00:00+01:00,5161,LSTM,408.7940283350604,279.4783292390882
2013-12-21 00:10:00+01:00,5161,LSTM,251.3852793634796,304.4347853550705
2013-12-21 00:20:00+01:00,5161,LSTM,240.89424085063004,271.61748844105455
2013-12-21 00:30:00+01:00,5161,LSTM,218.96946807047425,244.9254706257741
2013-12-21 00:40:00+01:00,5161,LSTM,215.77421086978103,221.99530994739465
2013-12-21 00:50:00+01:00,5161,LSTM,185.7218044804621,206.43545581875333
2013-12-21 01:00:00+01:00,5161,LSTM,219.384309088298,187.4150871681527
2013-12-21 01:10:00+01:00,5161,LSTM,211.2913277228449,185.3527552289586
2013-12-21 01:20:00+01:00,5161,LSTM,178.29423170755484,182.2920101218474
2013-12-21 01:30:00+01:00,5161,LSTM,155.89793725996577,169.99110185906898
2013-12-21 01:40:00+01:00,5161,LSTM,151.62740792268534,155.04235270367303
2013-12-21 01:50:00+01:00,5161,LSTM,149.15113078382652,144.50622264966046
2013-12-21 02:00:00+01:00,5161,LSTM,150.27457309929034,137.7155312329919
2013-12-21 02:10:00+01:00,5161,LSTM,152.64250469395122,134.46668905916408
2013-12-21 02:20:00+01:00,5161,LSTM,146.28990190594385,134.05631076767895
2013-12-21 02:30:00+01:00,5161,LSTM,124.0085975070541,132.88360891215962
2013-12-21 02:40:00+01:00,5161,LSTM,140.75583912090602,126.1326586841617
2013-12-21 02:50:00+01:00,5161,LSTM,125.73199348243068,127.91023490283828
2013-12-21 03:00:00+01:00,5161,LSTM,123.5893081080935,126.24009460946628
2013-12-21 03:10:00+01:00,5161,LSTM,146.92788417205597,125.59615263710748
2013-12-21 03:20:00+01:00,5161,LSTM,124.38357141287877,134.31664923244534
2013-12-21 03:30:00+01:00,5161,LSTM,133.63641824487547,135.14616234851223
2013-12-21 03:40:00+01:00,5161,LSTM,151.0684975065832,139.7876300744863
2013-12-21 03:50:00+01:00,5161,LSTM,124.37742687108396,150.7348119994531
2013-12-21 04:00:00+01:00,5161,LSTM,127.79239741942702,151.64043959551623
2013-12-21 04:10:00+01:00,5161,LSTM,139.45918071108613,154.40059986458846
2013-12-21 04:20:00+01:00,5161,LSTM,113.9314597596248,162.17252817271492
2013-12-21 04:30:00+01:00,5161,LSTM,122.52346714731334,161.20526805523878
2013-12-21 04:40:00+01:00,5161,LSTM,140.00160070819962,164.39331968198985
2013-12-21 04:50:00+01:00,5161,LSTM,114.01265830259102,174.49802208611163
2013-12-21 05:00:00+01:00,5161,LSTM,134.51646904289706,174.9998387905125
2013-12-21 05:10:00+01:00,5161,LSTM,143.63505929629918,182.9159131050037
2013-12-21 05:20:00+01:00,5161,LSTM,108.21251555999136,193.71356038785348
2013-12-21 05:30:00+01:00,5161,LSTM,125.43552749159907,190.99364649205336
2013-12-21 05:40:00+01:00,5161,LSTM,124.96248377447156,195.06610796159453
2013-12-21 05:50:00+01:00,5161,LSTM,126.73486948731588,199.76247241429155
2013-12-21 06:00:00+01:00,5161,LSTM,122.21121178304308,204.81313966767993
2013-12-21 06:10:00+01:00,5161,LSTM,121.18921194734097,208.0042224020417
2013-12-21 06:20:00+01:00,5161,LSTM,108.1540278214958,210.79115745500667
2013-12-21 06:30:00+01:00,5161,LSTM,142.08627214890706,209.3365625917129
2013-12-21 06:40:00+01:00,5161,LSTM,152.99304643296284,220.25427541491104
2013-12-21 06:50:00+01:00,5161,LSTM,118.65697548662529,233.6502554994072
2013-12-21 07:00:00+01:00,5161,LSTM,147.33125052069272,232.35142588831857
2013-12-21 07:10:00+01:00,5161,LSTM,190.51249076320627,240.4869187148347
2013-12-21 07:20:00+01:00,5161,LSTM,157.04752999065758,262.62713907095076
2013-12-21 07:30:00+01:00,5161,LSTM,164.99595827680673,268.59909464305633
2013-12-21 07:40:00+01:00,5161,LSTM,186.3249070583533,274.3708287180034
2013-12-21 07:50:00+01:00,5161,LSTM,186.6871942685496,286.33191613867416
2013-12-21 08:00:00+01:00,5161,LSTM,205.5593693826721,295.8053061854805
2013-12-21 08:10:00+01:00,5161,LSTM,196.1885981959485,309.0122630314902
2013-12-21 08:20:00+01:00,5161,LSTM,191.4324255467889,315.6982128407301
2013-12-21 08:30:00+01:00,5161,LSTM,309.6654694035888,318.2090645088408
2013-12-21 08:40:00+01:00,5161,LSTM,279.31417103308496,361.28177723316594
2013-12-21 08:50:00+01:00,5161,LSTM,268.88685877728386,385.3507923987481
2013-12-21 09:00:00+01:00,5161,LSTM,373.03028041005814,396.45980179114053
2013-12-21 09:10:00+01:00,5161,LSTM,390.9395820209723,440.6189140015203
2013-12-21 09:20:00+01:00,5161,LSTM,502.5740759657853,481.8999895357538
2013-12-21 09:30:00+01:00,5161,LSTM,582.1602023010976,552.0849494665782
2013-12-21 09:40:00+01:00,5161,LSTM,601.1610928559709,635.4571640439444
2013-12-21 09:50:00+01:00,5161,LSTM,754.6819569557177,703.0745232363954
2013-12-21 10:00:00+01:00,5161,LSTM,991.0583984087248,808.8936052231376
2013-12-21 10:10:00+01:00,5161,LSTM,1191.5288993278507,983.554108692361
2013-12-21 10:20:00+01:00,5161,LSTM,1183.197351601158,1198.692002142515
2013-12-21 10:30:00+01:00,5161,LSTM,1464.592219430088,1348.9708022270345
2013-12-21 10:40:00+01:00,5161,LSTM,1627.2996510372031,1562.1258250659776
2013-12-21 10:50:00+01:00,5161,LSTM,1823.7963255160344,1778.0664357989476
2013-12-21 11:00:00+01:00,5161,LSTM,1806.9460479528143,1999.1209039592409
2013-12-21 11:10:00+01:00,5161,LSTM,2013.106949287701,2121.129636878134
2013-12-21 11:20:00+01:00,5161,LSTM,2429.833733579505,2263.0656290051957
2013-12-21 11:30:00+01:00,5161,LSTM,2454.531025786859,2520.0268505114823
2013-12-21 11:40:00+01:00,5161,LSTM,2610.0925066717796,2681.2524746818754
2013-12-21 11:50:00+01:00,5161,LSTM,3039.9406525916265,2823.700471402806
2013-12-21 12:00:00+01:00,5161,LSTM,3289.7625262860306,3074.2377655132914
2013-12-21 12:10:00+01:00,5161,LSTM,3277.990797374002,3317.7306813395985
2013-12-21 12:20:00+01:00,5161,LSTM,3280.968589605382,3445.00032250364
2013-12-21 12:30:00+01:00,5161,LSTM,3712.0480794312016,3502.2806785726
2013-12-21 12:40:00+01:00,5161,LSTM,3323.207979211927,3693.552662116432
2013-12-21 12:50:00+01:00,5161,LSTM,3579.2656451159773,3643.8896478674646
2013-12-21 13:00:00+01:00,5161,LSTM,3672.262724219391,3704.5343649891847
2013-12-21 13:10:00+01:00,5161,LSTM,3719.9592210341184,3772.091859806329
2013-12-21 13:20:00+01:00,5161,LSTM,3381.267252710608,3828.314359319233
2013-12-21 13:30:00+01:00,5161,LSTM,3742.539503306832,3710.195295241482
2013-12-21 13:40:00+01:00,5161,LSTM,3613.5343041575966,3786.091367095045
2013-12-21 13:50:00+01:00,5161,LSTM,3626.544659109674,3772.7194674765647
2013-12-21 14:00:00+01:00,5161,LSTM,3952.7931212495537,3767.116633453468
2013-12-21 14:10:00+01:00,5161,LSTM,4221.103758177352,3902.3579192381926
2013-12-21 14:20:00+01:00,5161,LSTM,4256.291757440721,4094.486359076852
2013-12-21 14:30:00+01:00,5161,LSTM,4343.981501853526,4221.694872904081
2013-12-21 14:40:00+01:00,5161,LSTM,4247.047316841919,4330.2368156968005
2013-12-21 14:50:00+01:00,5161,LSTM,4482.816748523907,4351.081742734041
2013-12-21 15:00:00+01:00,5161,LSTM,4332.15493913882,4457.984866678696
2013-12-21 15:10:00+01:00,5161,LSTM,4579.6783638822135,4458.257329573904
2013-12-21 15:20:00+01:00,5161,LSTM,4600.044053857118,4562.05121068968
2013-12-21 15:30:00+01:00,5161,LSTM,4888.674485362086,4631.641736739117
2013-12-21 15:40:00+01:00,5161,LSTM,4814.121333423062,4792.066474920875
2013-12-21 15:50:00+01:00,5161,LSTM,5115.530077872614,4860.564118281869
2013-12-21 16:00:00+01:00,5161,LSTM,4931.131627617077,5022.151117837377
2013-12-21 16:10:00+01:00,5161,LSTM,5197.421780300487,5049.235074706179
2013-12-21 16:20:00+01:00,5161,LSTM,5152.100810177666,5171.020937018269
2013-12-21 16:30:00+01:00,5161,LSTM,5161.937927241287,5223.56215633825
2013-12-21 16:40:00+01:00,5161,LSTM,5238.319086874514,5259.107618496561
2013-12-21 16:50:00+01:00,5161,LSTM,5195.2694844972175,5302.711111842455
2013-12-21 17:00:00+01:00,5161,LSTM,5096.810631920019,5302.720878744754
2013-12-21 17:10:00+01:00,5161,LSTM,4723.405888823007,5249.361260369945
2013-12-21 17:20:00+01:00,5161,LSTM,4707.659783618528,5030.822443131478
2013-12-21 17:30:00+01:00,5161,LSTM,4619.044402270679,4850.011148741131
2013-12-21 17:40:00+01:00,5161,LSTM,4474.986686322363,4665.475296676979
2013-12-21 17:50:00+01:00,5161,LSTM,4293.82570614815,4463.8675729711595
2013-12-21 18:00:00+01:00,5161,LSTM,4229.7149582419415,4238.572585263812
2013-12-21 18:10:00+01:00,5161,LSTM,3847.86343394863,4066.0256057734255
2013-12-21 18:20:00+01:00,5161,LSTM,3759.31599737606,3774.616604050988
2013-12-21 18:30:00+01:00,5161,LSTM,3328.403921099786,3560.855317591233
2013-12-21 18:40:00+01:00,5161,LSTM,3298.841322768742,3234.8793962840664
2013-12-21 18:50:00+01:00,5161,LSTM,3376.934106025026,3048.313544095231
2013-12-21 19:00:00+01:00,5161,LSTM,3115.285019527269,3001.724914937622
2013-12-21 19:10:00+01:00,5161,LSTM,2839.473807662675,2867.235343840295
2013-12-21 19:20:00+01:00,5161,LSTM,2628.260390958282,2669.9668190737384
2013-12-21 19:30:00+01:00,5161,LSTM,2649.719648210177,2470.215311989601
2013-12-21 19:40:00+01:00,5161,LSTM,2409.682414159707,2383.6185882967247
2013-12-21 19:50:00+01:00,5161,LSTM,2318.0323085558994,2239.1884997908437
2013-12-21 20:00:00+01:00,5161,LSTM,2096.1625344200265,2130.586187438216
2013-12-21 20:10:00+01:00,5161,LSTM,1898.7650910446844,1980.366094014291
2013-12-21 20:20:00+01:00,5161,LSTM,1636.9044185192909,1818.0640898524452
2013-12-21 20:30:00+01:00,5161,LSTM,1420.662717306328,1621.6919835876497
2013-12-21 20:40:00+01:00,5161,LSTM,1195.5849223490814,1428.9144973072182
2013-12-21 20:50:00+01:00,5161,LSTM,1291.733854235984,1237.9353313881727
2013-12-21 21:00:00+01:00,5161,LSTM,1121.3543032920002,1172.376536299761
2013-12-21 21:10:00+01:00,5161,LSTM,1123.299937440474,1072.377770307167
2013-12-21 21:20:00+01:00,5161,LSTM,1009.416706674426,1017.5542111539314
2013-12-21 21:30:00+01:00,5161,LSTM,1009.5737335816184,946.1592499044916
2013-12-21 21:40:00+01:00,5161,LSTM,845.9598634600504,906.2383839104592
2013-12-21 21:50:00+01:00,5161,LSTM,824.4452441923612,826.548459895219
2013-12-21 22:00:00+01:00,5161,LSTM,1049.9864373531293,773.480922417652
2013-12-21 22:10:00+01:00,5161,LSTM,899.4313977898921,823.8934622207435
2013-12-21 22:20:00+01:00,5161,LSTM,778.8371637441145,801.8858528225855
2013-12-21 22:30:00+01:00,5161,LSTM,784.36580353829,744.1362644560373
2013-12-21 22:40:00+01:00,5161,LSTM,847.2651406560348,712.0142699488911
2013-12-21 22:50:00+01:00,5161,LSTM,807.6160762664845,716.6072399530976
2013-12-21 23:00:00+01:00,5161,LSTM,717.5034726855594,706.5022007592414
2013-12-21 23:10:00+01:00,5161,LSTM,554.8813937001861,668.1426077769047
2013-12-21 23:20:00+01:00,5161,LSTM,431.04717023434733,588.7915784320023
2013-12-21 23:30:00+01:00,5161,LSTM,450.6121769880062,500.6667555162781
2013-12-21 23:40:00+01:00,5161,LSTM,378.2580786536508,455.3825971978101
2013-12-21 23:50:00+01:00,5161,LSTM,413.0445940637046,406.51415412995493
2013-12-22 00:00:00+01:00,5161,LSTM,416.8296093782527,386.9911268006172
2013-12-22 00:10:00+01:00,5161,LSTM,471.00954055518264,376.3914276842181
2013-12-22 00:20:00+01:00,5161,LSTM,364.3126021276758,386.51903179028545
2013-12-22 00:30:00+01:00,5161,LSTM,317.0771730456263,358.4889483598474
2013-12-22 00:40:00+01:00,5161,LSTM,296.89960472115786,324.3420897714698
2013-12-22 00:50:00+01:00,5161,LSTM,202.7472035232973,296.73265671941886
2013-12-22 01:00:00+01:00,5161,LSTM,218.88101507982455,250.54312339718857
2013-12-22 01:10:00+01:00,5161,LSTM,220.17167093383344,225.7176784879257
2013-12-22 01:20:00+01:00,5161,LSTM,203.02659052435948,211.05183270950735
2013-12-22 01:30:00+01:00,5161,LSTM,209.57048833729024,196.24706116560924
2013-12-22 01:40:00+01:00,5161,LSTM,187.7339602812038,188.3687073013816
2013-12-22 01:50:00+01:00,5161,LSTM,179.95673049985345,176.70365805733422
2013-12-22 02:00:00+01:00,5161,LSTM,176.4017854183797,166.55887767480726
2013-12-22 02:10:00+01:00,5161,LSTM,158.6114392386203,159.1461356185223
2013-12-22 02:20:00+01:00,5161,LSTM,179.7534012548501,149.21319597899424
2013-12-22 02:30:00+01:00,5161,LSTM,155.42877259099075,149.56429927720774
2013-12-22 02:40:00+01:00,5161,LSTM,161.6168273398002,143.25403841679963
2013-12-22 02:50:00+01:00,5161,LSTM,163.4289298904495,141.30015277211373
2013-12-22 03:00:00+01:00,5161,LSTM,154.28815858915044,141.71962438643004
2013-12-22 03:10:00+01:00,5161,LSTM,142.01356809290058,140.15304693641588
2013-12-22 03:20:00+01:00,5161,LSTM,155.68127779351605,136.2040189045681
2013-12-22 03:30:00+01:00,5161,LSTM,147.1571722435796,139.06050103770667
2013-12-22 03:40:00+01:00,5161,LSTM,156.03911416114346,140.00435426863532
2013-12-22 03:50:00+01:00,5161,LSTM,151.3917168856451,144.7581413710643
2013-12-22 04:00:00+01:00,5161,LSTM,144.24456309247435,148.2658064558534
2013-12-22 04:10:00+01:00,5161,LSTM,145.3460915261887,149.82581650604493
2013-12-22 04:20:00+01:00,5161,LSTM,149.29714434083576,152.83250686076917
2013-12-22 04:30:00+01:00,5161,LSTM,156.20475504467814,158.0325403614072
2013-12-22 04:40:00+01:00,5161,LSTM,148.22444127633,165.7630435321903
2013-12-22 04:50:00+01:00,5161,LSTM,137.2813747147883,170.36965352064385
2013-12-22 05:00:00+01:00,5161,LSTM,175.68719091322677,171.45714757333576
2013-12-22 05:10:00+01:00,5161,LSTM,188.8816134241458,186.54701162748597
2013-12-22 05:20:00+01:00,5161,LSTM,153.52302096724787,204.2805067025727
2013-12-22 05:30:00+01:00,5161,LSTM,166.2394470179146,206.43663458282413
2013-12-22 05:40:00+01:00,5161,LSTM,139.73801486826935,212.64518494341405
2013-12-22 05:50:00+01:00,5161,LSTM,167.0637719974169,210.08861406884537
2013-12-22 06:00:00+01:00,5161,LSTM,157.21971454113216,218.2754673298723
2013-12-22 06:10:00+01:00,5161,LSTM,191.821710833738,223.07808894380332
2013-12-22 06:20:00+01:00,5161,LSTM,174.44112259031152,239.18219528339205
2013-12-22 06:30:00+01:00,5161,LSTM,181.11990544922463,246.84988716869157
2013-12-22 06:40:00+01:00,5161,LSTM,198.58918026155553,254.8792912288411
2013-12-22 06:50:00+01:00,5161,LSTM,175.9436205489722,267.77884324468823
2013-12-22 07:00:00+01:00,5161,LSTM,185.95341991045296,270.4780445718168
2013-12-22 07:10:00+01:00,5161,LSTM,169.45209018535897,275.7784414133348
2013-12-22 07:20:00+01:00,5161,LSTM,143.3639778399359,274.99001664487673
2013-12-22 07:30:00+01:00,5161,LSTM,193.8992605487866,265.63702892815286
2013-12-22 07:40:00+01:00,5161,LSTM,184.4760690249251,276.4149740115347
2013-12-22 07:50:00+01:00,5161,LSTM,240.3191368601998,283.37793337739845
2013-12-22 08:00:00+01:00,5161,LSTM,326.52258469975754,307.7753185341153
2013-12-22 08:10:00+01:00,5161,LSTM,215.6933941485963,357.89518805792864
2013-12-22 08:20:00+01:00,5161,LSTM,260.6025096451664,357.04125768611084
2013-12-22 08:30:00+01:00,5161,LSTM,264.78929717822166,367.4566486203064
2013-12-22 08:40:00+01:00,5161,LSTM,250.5629491356295,377.9748446209569
2013-12-22 08:50:00+01:00,5161,LSTM,314.7869743669099,380.1754287461622
2013-12-22 09:00:00+01:00,5161,LSTM,313.99712481951934,403.9003290005217
2013-12-22 09:10:00+01:00,5161,LSTM,307.73665236057286,422.6340053896315
2013-12-22 09:20:00+01:00,5161,LSTM,368.3241752335688,432.8607098750749
2013-12-22 09:30:00+01:00,5161,LSTM,479.69914216241466,461.1992085048789
2013-12-22 09:40:00+01:00,5161,LSTM,485.31550537303855,524.3338121337375
2013-12-22 09:50:00+01:00,5161,LSTM,637.482538949372,574.8068056941712
2013-12-22 10:00:00+01:00,5161,LSTM,769.569564059458,667.4148893580897
2013-12-22 10:10:00+01:00,5161,LSTM,1042.9388336685054,790.1105049404902
2013-12-22 10:20:00+01:00,5161,LSTM,1120.011347963156,992.3343012681383
2013-12-22 10:30:00+01:00,5161,LSTM,1506.157873603909,1177.8556842928638
2013-12-22 10:40:00+01:00,5161,LSTM,1612.7490363956852,1471.183629725033
2013-12-22 10:50:00+01:00,5161,LSTM,1948.4682011097043,1730.2589645921926
2013-12-22 11:00:00+01:00,5161,LSTM,1964.9064539732367,2041.8983362838455
2013-12-22 11:10:00+01:00,5161,LSTM,2264.9587628771915,2244.7284383310225
2013-12-22 11:20:00+01:00,5161,LSTM,2556.042499417857,2474.4853006384246
2013-12-22 11:30:00+01:00,5161,LSTM,2781.13015790421,2721.4251751998777
2013-12-22 11:40:00+01:00,5161,LSTM,2721.0408313901685,2945.498626540205
2013-12-22 11:50:00+01:00,5161,LSTM,2945.8359127470176,3032.136185988389
2013-12-22 12:00:00+01:00,5161,LSTM,3088.5342199496004,3149.3782495975092
2013-12-22 12:10:00+01:00,5161,LSTM,3307.929562441435,3263.776629083401
2013-12-22 12:20:00+01:00,5161,LSTM,3401.137343246787,3410.8304780158833
2013-12-22 12:30:00+01:00,5161,LSTM,3480.9958449625265,3527.9161027933287
2013-12-22 12:40:00+01:00,5161,LSTM,3382.059676105009,3619.7616944983456
2013-12-22 12:50:00+01:00,5161,LSTM,3540.3796854421607,3622.9564819197863
2013-12-22 13:00:00+01:00,5161,LSTM,3520.1590104648026,3678.136953994156
2013-12-22 13:10:00+01:00,5161,LSTM,3635.4125051131423,3695.483140874571
2013-12-22 13:20:00+01:00,5161,LSTM,3604.935454893525,3747.775135791024
2013-12-22 13:30:00+01:00,5161,LSTM,3322.6200073549853,3760.334024990428
2013-12-22 13:40:00+01:00,5161,LSTM,3709.61231872574,3635.972731578637
2013-12-22 13:50:00+01:00,5161,LSTM,3698.95286248572,3725.030041071751
2013-12-22 14:00:00+01:00,5161,LSTM,3807.0194962603705,3772.156691830219
2013-12-22 14:10:00+01:00,5161,LSTM,3881.281894465513,3846.06924054246
2013-12-22 14:20:00+01:00,5161,LSTM,4090.7812081881775,3917.2024319707616
2013-12-22 14:30:00+01:00,5161,LSTM,4110.350402820069,4045.658751764304
2013-12-22 14:40:00+01:00,5161,LSTM,4074.6942031786457,4126.39398691799
2013-12-22 14:50:00+01:00,5161,LSTM,3939.663159952486,4155.2656236975035
2013-12-22 15:00:00+01:00,5161,LSTM,4441.477820527754,4106.434816882478
2013-12-22 15:10:00+01:00,5161,LSTM,4475.814961576271,4291.454130610502
2013-12-22 15:20:00+01:00,5161,LSTM,4638.559704939302,4414.9771543731285
2013-12-22 15:30:00+01:00,5161,LSTM,4911.654077576722,4559.912932665357
2013-12-22 15:40:00+01:00,5161,LSTM,4693.617679539193,4753.260551342897
2013-12-22 15:50:00+01:00,5161,LSTM,4772.321099778948,4786.551206228749
2013-12-22 16:00:00+01:00,5161,LSTM,4917.944017950382,4841.582648845602
2013-12-22 16:10:00+01:00,5161,LSTM,5202.036631359948,4929.817181017339
2013-12-22 16:20:00+01:00,5161,LSTM,5496.4403854578595,5093.09452825029
2013-12-22 16:30:00+01:00,5161,LSTM,5148.81158982959,5297.967091642326
2013-12-22 16:40:00+01:00,5161,LSTM,5170.472629814423,5302.114994012394
2013-12-22 16:50:00+01:00,5161,LSTM,5197.568751682298,5315.037616125054
2013-12-22 17:00:00+01:00,5161,LSTM,5111.876428163607,5320.731383376466
2013-12-22 17:10:00+01:00,5161,LSTM,5203.03169193535,5277.516208594448
2013-12-22 17:20:00+01:00,5161,LSTM,4704.434690350707,5271.415936133499
2013-12-22 17:30:00+01:00,5161,LSTM,4574.606537064018,5030.47352896654
2013-12-22 17:40:00+01:00,5161,LSTM,4689.867550626104,4779.4250722365205
2013-12-22 17:50:00+01:00,5161,LSTM,4508.65791216911,4643.908629238711
2013-12-22 18:00:00+01:00,5161,LSTM,4076.436612416734,4462.702280489799
2013-12-22 18:10:00+01:00,5161,LSTM,3945.8662614360273,4125.498294619096
2013-12-22 18:20:00+01:00,5161,LSTM,3792.109761020168,3840.851693975628
2013-12-22 18:30:00+01:00,5161,LSTM,3426.2137000001617,3603.914053541576
2013-12-22 18:40:00+01:00,5161,LSTM,3258.9499234076898,3301.6360051125757
2013-12-22 18:50:00+01:00,5161,LSTM,3132.630531760205,3061.797931485033
2013-12-22 19:00:00+01:00,5161,LSTM,2755.733242790056,2883.878482149946
2013-12-22 19:10:00+01:00,5161,LSTM,2439.4657256567234,2620.8270918747457
2013-12-22 19:20:00+01:00,5161,LSTM,2133.37202831053,2341.1814819988294
2013-12-22 19:30:00+01:00,5161,LSTM,1886.3403506154264,2064.7639175306354
2013-12-22 19:40:00+01:00,5161,LSTM,1736.2621937173112,1821.8567632500528
2013-12-22 19:50:00+01:00,5161,LSTM,1414.5423195553344,1638.8734171398198
2013-12-22 20:00:00+01:00,5161,LSTM,1426.41164303257,1417.424052491149
2013-12-22 20:10:00+01:00,5161,LSTM,1313.5432271547998,1309.0939083427122
2013-12-22 20:20:00+01:00,5161,LSTM,1210.7014954379897,1209.9136256023803
2013-12-22 20:30:00+01:00,5161,LSTM,1004.964262562729,1119.31842893476
2013-12-22 20:40:00+01:00,5161,LSTM,878.2758662668552,996.2500713137048
2013-12-22 20:50:00+01:00,5161,LSTM,916.8409539747544,885.5135224135679
2013-12-22 21:00:00+01:00,5161,LSTM,756.3445135291237,838.6697750320768
2013-12-22 21:10:00+01:00,5161,LSTM,573.8010003448504,758.8817610066642
2013-12-22 21:20:00+01:00,5161,LSTM,561.5312070123823,653.7821460902419
2013-12-22 21:30:00+01:00,5161,LSTM,604.3314224731174,589.8914495074368
2013-12-22 21:40:00+01:00,5161,LSTM,415.2735720260944,566.4292452459853
2013-12-22 21:50:00+01:00,5161,LSTM,512.7651764803225,493.26950578778
2013-12-22 22:00:00+01:00,5161,LSTM,696.9035033897693,477.4662368785307
2013-12-22 22:10:00+01:00,5161,LSTM,547.4472136521374,527.0047231231681
2013-12-22 22:20:00+01:00,5161,LSTM,431.0218169809493,508.4780882233403
2013-12-22 22:30:00+01:00,5161,LSTM,381.1056221544883,456.645979689343
2013-12-22 22:40:00+01:00,5161,LSTM,402.650281825026,408.72753626507097
2013-12-22 22:50:00+01:00,5161,LSTM,363.7020645735495,386.20733289100826
2013-12-22 23:00:00+01:00,5161,LSTM,364.7059557561185,360.238065845959
2013-12-22 23:10:00+01:00,5161,LSTM,293.6267240139538,343.40329417737826
2013-12-22 23:20:00+01:00,5161,LSTM,271.7980308667129,310.49439045557915
2013-12-22 23:30:00+01:00,5161,LSTM,254.00237531429568,282.1294538316172
2013-12-22 23:40:00+01:00,5161,LSTM,280.6933213264304,258.6673337675991
2013-12-22 23:50:00+01:00,5161,LSTM,230.58523003984712,251.53934743183163
2013-12-16 00:00:00+01:00,5059,AR,441.6725387665731,488.3592712510033
2013-12-16 00:10:00+01:00,5059,AR,419.49041528382577,452.759392045131
2013-12-16 00:20:00+01:00,5059,AR,459.4759049067087,428.0207170954254
2013-12-16 00:30:00+01:00,5059,AR,376.8823048431117,425.5248278801954
2013-12-16 00:40:00+01:00,5059,AR,393.0608605080296,390.1328092724344
2013-12-16 00:50:00+01:00,5059,AR,399.1571001657554,382.1969438202695
2013-12-16 01:00:00+01:00,5059,AR,285.9407664564146,384.00392500676
2013-12-16 01:10:00+01:00,5059,AR,386.7355218249948,337.4041142440335
2013-12-16 01:20:00+01:00,5059,AR,393.296539586972,362.41460105403144
2013-12-16 01:30:00+01:00,5059,AR,306.3335072001558,363.8105479550188
2013-12-16 01:40:00+01:00,5059,AR,378.2484004153213,333.6690243023035
2013-12-16 01:50:00+01:00,5059,AR,379.74502252970893,354.5481481550413
2013-12-16 02:00:00+01:00,5059,AR,313.5632328880981,362.7307977047567
2013-12-16 02:10:00+01:00,5059,AR,363.4713123238246,343.5765903573623
2013-12-16 02:20:00+01:00,5059,AR,355.7602796198967,358.6059861160093
2013-12-16 02:30:00+01:00,5059,AR,261.89466057185257,355.2172449983444
2013-12-16 02:40:00+01:00,5059,AR,322.91936757633425,325.7418857747809
2013-12-16 02:50:00+01:00,5059,AR,333.58017406577545,322.35187860028236
2013-12-16 03:00:00+01:00,5059,AR,266.32869490039195,321.9795422442264
2013-12-16 03:10:00+01:00,5059,AR,306.63854388386204,298.41741693692904
2013-12-16 03:20:00+01:00,5059,AR,328.37100714127087,308.17123455868676
2013-12-16 03:30:00+01:00,5059,AR,275.8580978670476,313.4258340122209
2013-12-16 03:40:00+01:00,5059,AR,306.56317236022716,303.4166933678036
2013-12-16 03:50:00+01:00,5059,AR,331.55371805432645,312.55360191767534
2013-12-16 04:00:00+01:00,5059,AR,273.4202255489737,314.8574518455743
2013-12-16 04:10:00+01:00,5059,AR,283.75246291982995,299.4258335431574
2013-12-16 04:20:00+01:00,5059,AR,342.66170278871607,305.1924255982565
2013-12-16 04:30:00+01:00,5059,AR,282.18365589953703,315.2571649577035
2013-12-16 04:40:00+01:00,5059,AR,295.6934296526563,305.8271842522623
2013-12-16 04:50:00+01:00,5059,AR,306.7182548132408,306.0267795402018
2013-12-16 05:00:00+01:00,5059,AR,245.58019697216963,304.44907003807987
2013-12-16 05:10:00+01:00,5059,AR,309.10986637057545,285.4277976693508
2013-12-16 05:20:00+01:00,5059,AR,342.490593236014,305.29589663723743
2013-12-16 05:30:00+01:00,5059,AR,240.64575308097463,317.4405733386204
2013-12-16 05:40:00+01:00,5059,AR,299.02037084347774,282.2821568594064
2013-12-16 05:50:00+01:00,5059,AR,351.9967792221596,315.0810447892879
2013-12-16 06:00:00+01:00,5059,AR,318.0458167482725,319.7967170637663
2013-12-16 06:10:00+01:00,5059,AR,378.69785820703055,325.5243399523712
2013-12-16 06:20:00+01:00,5059,AR,356.13886639485304,357.7130028776675
2013-12-16 06:30:00+01:00,5059,AR,384.46633147707297,354.27626739198917
2013-12-16 06:40:00+01:00,5059,AR,370.89132559613466,375.825274905824
2013-12-16 06:50:00+01:00,5059,AR,362.32769035216023,399.4635793612276
2013-12-16 07:00:00+01:00,5059,AR,336.92128380732976,380.47357469041214
2013-12-16 07:10:00+01:00,5059,AR,390.6144581824979,381.51846081987213
2013-12-16 07:20:00+01:00,5059,AR,425.8382286992491,396.1696627667979
2013-12-16 07:30:00+01:00,5059,AR,418.4413674571804,439.05896927222415
2013-12-16 07:40:00+01:00,5059,AR,511.0615017757163,468.1569370716402
2013-12-16 07:50:00+01:00,5059,AR,629.2299889608491,514.4485561442623
2013-12-16 08:00:00+01:00,5059,AR,653.419972662619,661.7697230240864
2013-12-16 08:10:00+01:00,5059,AR,761.4895306529207,642.3736118954862
2013-12-16 08:20:00+01:00,5059,AR,882.3408557329337,723.2206247927118
2013-12-16 08:30:00+01:00,5059,AR,1032.5480154691932,828.5436717513039
2013-12-16 08:40:00+01:00,5059,AR,1124.125876493059,974.2971696556874
2013-12-16 08:50:00+01:00,5059,AR,1236.5491552768226,1105.614711700855
2013-12-16 09:00:00+01:00,5059,AR,1481.2483909765651,1200.2182094053433
2013-12-16 09:10:00+01:00,5059,AR,1428.5942554346066,1355.654972437767
2013-12-16 09:20:00+01:00,5059,AR,1552.4650535565054,1441.3841030869344
2013-12-16 09:30:00+01:00,5059,AR,1488.8284904615916,1528.230670271771
2013-12-16 09:40:00+01:00,5059,AR,1661.2596823819515,1566.0662899267736
2013-12-16 09:50:00+01:00,5059,AR,1617.414776096788,1656.7214839041012
2013-12-16 10:00:00+01:00,5059,AR,1664.4840883146094,1684.3837638796142
2013-12-16 10:10:00+01:00,5059,AR,1834.075638372144,1701.0342692428385
2013-12-16 10:20:00+01:00,5059,AR,1817.0441776232783,1784.6326056083017
2013-12-16 10:30:00+01:00,5059,AR,1880.4312970343108,1850.4966996988312
2013-12-16 10:40:00+01:00,5059,AR,1992.1697363602789,1870.6907493912563
2013-12-16 10:50:00+01:00,5059,AR,2007.4949602449497,1956.0308672430551
2013-12-16 11:00:00+01:00,5059,AR,1981.7074641247889,2035.441430510036
2013-12-16 11:10:00+01:00,5059,AR,2184.5686410448006,2044.1998802036633
2013-12-16 11:20:00+01:00,5059,AR,1968.1713742581944,2176.028986898024
2013-12-16 11:30:00+01:00,5059,AR,2176.266775865215,2085.511666901351
2013-12-16 11:40:00+01:00,5059,AR,2058.1229052355707,2173.238874899653
2013-12-16 11:50:00+01:00,5059,AR,2211.9333262362734,2191.1906265627267
2013-12-16 12:00:00+01:00,5059,AR,2043.0377990933232,2237.23869790586
2013-12-16 12:10:00+01:00,5059,AR,2347.74816271119,2178.0729525909483
2013-12-16 12:20:00+01:00,5059,AR,2503.8299243594583,2299.977506867815
2013-12-16 12:30:00+01:00,5059,AR,2471.3292853391326,2437.6318504203546
2013-12-16 12:40:00+01:00,5059,AR,2487.815930460633,2439.495216287531
2013-12-16 12:50:00+01:00,5059,AR,2553.48961623975,2496.850648238334
2013-12-16 13:00:00+01:00,5059,AR,2654.522399457024,2577.8678861610465
2013-12-16 13:10:00+01:00,5059,AR,2750.895597413687,2656.001798321955
2013-12-16 13:20:00+01:00,5059,AR,2822.153904455857,2718.079763557427
2013-12-16 13:30:00+01:00,5059,AR,2701.687516107294,2800.5297611952064
2013-12-16 13:40:00+01:00,5059,AR,2846.589256724722,2802.9619704692004
2013-12-16 13:50:00+01:00,5059,AR,2761.5703585379656,2831.6995218965303
2013-12-16 14:00:00+01:00,5059,AR,2679.148065901051,2850.945706049476
2013-12-16 14:10:00+01:00,5059,AR,2846.7756689086877,2773.7484222310422
2013-12-16 14:20:00+01:00,5059,AR,2534.205600371043,2813.698262440757
2013-12-16 14:30:00+01:00,5059,AR,2814.8188892515436,2674.8096230402152
2013-12-16 14:40:00+01:00,5059,AR,2797.125311308921,2758.981275151066
2013-12-16 14:50:00+01:00,5059,AR,2632.959421623622,2742.8356044357315
2013-12-16 15:00:00+01:00,5059,AR,2719.924703757004,2687.493192993417
2013-12-16 15:10:00+01:00,5059,AR,2737.278112440232,2700.613710038381
2013-12-16 15:20:00+01:00,5059,AR,2688.81290985091,2721.571815095139
2013-12-16 15:30:00+01:00,5059,AR,2614.559472636618,2721.3818215762167
2013-12-16 15:40:00+01:00,5059,AR,2702.1267654006265,2683.112548161576
2013-12-16 15:50:00+01:00,5059,AR,2748.7910676786073,2651.070771474142
2013-12-16 16:00:00+01:00,5059,AR,2634.2100876712684,2707.700840897882
2013-12-16 16:10:00+01:00,5059,AR,2628.354044509997,2655.172326145523
2013-12-16 16:20:00+01:00,5059,AR,2626.011826086878,2646.0956611826964
2013-12-16 16:30:00+01:00,5059,AR,2563.6244864271266,2653.2294817473844
2013-12-16 16:40:00+01:00,5059,AR,2649.9111487023065,2640.2005139402036
2013-12-16 16:50:00+01:00,5059,AR,2494.1235893151947,2645.1273109609433
2013-12-16 17:00:00+01:00,5059,AR,2457.8000642178854,2594.562719327479
2013-12-16 17:10:00+01:00,5059,AR,2545.859400423427,2531.534249243069
2013-12-16 17:20:00+01:00,5059,AR,2543.6948513579605,2578.5937053092875
2013-12-16 17:30:00+01:00,5059,AR,2322.1725360001783,2577.8970471674825
2013-12-16 17:40:00+01:00,5059,AR,2663.596858680836,2454.948132697983
2013-12-16 17:50:00+01:00,5059,AR,2480.970142646152,2498.444125794532
2013-12-16 18:00:00+01:00,5059,AR,2258.54414797085,2531.678514712417
2013-12-16 18:10:00+01:00,5059,AR,2365.5016507021264,2384.462814599681
2013-12-16 18:20:00+01:00,5059,AR,2013.1089347497452,2343.7003872617893
2013-12-16 18:30:00+01:00,5059,AR,2151.99098130594,2165.433130554291
2013-12-16 18:40:00+01:00,5059,AR,2143.1856515671607,2142.441325950762
2013-12-16 18:50:00+01:00,5059,AR,2088.398391827557,2109.12516783054
2013-12-16 19:00:00+01:00,5059,AR,1917.8798018781015,2053.7518844017536
2013-12-16 19:10:00+01:00,5059,AR,1961.185337342552,1979.3511628965207
2013-12-16 19:20:00+01:00,5059,AR,1886.3073602096135,1872.950217915267
2013-12-16 19:30:00+01:00,5059,AR,1575.9322481543152,1822.421720045124
2013-12-16 19:40:00+01:00,5059,AR,1596.140906193722,1683.5265294783628
2013-12-16 19:50:00+01:00,5059,AR,1528.1526324569584,1544.903943708595
2013-12-16 20:00:00+01:00,5059,AR,1413.2109104033582,1484.3754316181903
2013-12-16 20:10:00+01:00,5059,AR,1425.4016165643163,1420.4740599230183
2013-12-16 20:20:00+01:00,5059,AR,1304.2977242065388,1402.696629497886
2013-12-16 20:30:00+01:00,5059,AR,1109.7106750100438,1221.686563116606
2013-12-16 20:40:00+01:00,5059,AR,1243.856441922239,1108.1117474551645
2013-12-16 20:50:00+01:00,5059,AR,1135.4084771748796,1122.960047277416
2013-12-16 21:00:00+01:00,5059,AR,1075.4207096583714,1038.3872763379677
2013-12-16 21:10:00+01:00,5059,AR,1103.355167560147,1044.323087751192
2013-12-16 21:20:00+01:00,5059,AR,1062.017221915625,1000.2576141706888
2013-12-16 21:30:00+01:00,5059,AR,1051.479140841342,979.3352682803892
2013-12-16 21:40:00+01:00,5059,AR,827.9389799564259,984.855109016011
2013-12-16 21:50:00+01:00,5059,AR,939.1460965742586,918.6213892595708
2013-12-16 22:00:00+01:00,5059,AR,864.995672248864,869.8219931274473
2013-12-16 22:10:00+01:00,5059,AR,945.5177302733688,841.4372837339438
2013-12-16 22:20:00+01:00,5059,AR,929.395714017066,846.2888736019108
2013-12-16 22:30:00+01:00,5059,AR,795.0380190197917,851.9870621326182
2013-12-16 22:40:00+01:00,5059,AR,731.8589560220723,777.6064268614386
2013-12-16 22:50:00+01:00,5059,AR,685.288815855492,748.8253651650588
2013-12-16 23:00:00+01:00,5059,AR,619.8266884619808,768.624854758292
2013-12-16 23:10:00+01:00,5059,AR,686.6954130810061,648.7299999941126
2013-12-16 23:20:00+01:00,5059,AR,627.1446320568409,656.2726707435106
2013-12-16 23:30:00+01:00,5059,AR,526.6758506173609,590.4647218351996
2013-12-16 23:40:00+01:00,5059,AR,549.4768364454021,550.5417800908447
2013-12-16 23:50:00+01:00,5059,AR,507.3895435364328,520.2147347213662
2013-12-17 00:00:00+01:00,5059,AR,502.8286807423458,495.79264790466345
2013-12-17 00:10:00+01:00,5059,AR,557.6482611724833,486.3388992986673
2013-12-17 00:20:00+01:00,5059,AR,453.3353159675131,502.5409009583995
2013-12-17 00:30:00+01:00,5059,AR,434.28394169429663,453.0249063267174
2013-12-17 00:40:00+01:00,5059,AR,643.6172199691042,439.2071376621049
2013-12-17 00:50:00+01:00,5059,AR,377.2395966994458,522.3864584430673
2013-12-17 01:00:00+01:00,5059,AR,420.1350854590752,424.77215635753265
2013-12-17 01:10:00+01:00,5059,AR,382.494650507292,422.9495968260224
2013-12-17 01:20:00+01:00,5059,AR,372.3956152743011,396.5021377113069
2013-12-17 01:30:00+01:00,5059,AR,354.82898988216965,369.5149363798133
2013-12-17 01:40:00+01:00,5059,AR,326.9547645432907,379.0958538675972
2013-12-17 01:50:00+01:00,5059,AR,285.2414477412752,338.4325421483728
2013-12-17 02:00:00+01:00,5059,AR,307.27519402920944,398.94469396788816
2013-12-17 02:10:00+01:00,5059,AR,322.345479266642,319.01086131661214
2013-12-17 02:20:00+01:00,5059,AR,270.39794075247914,321.77194728069094
2013-12-17 02:30:00+01:00,5059,AR,287.36633304794833,285.2032208571368
2013-12-17 02:40:00+01:00,5059,AR,300.2383250001065,295.0801829291322
2013-12-17 02:50:00+01:00,5059,AR,249.70933426844925,308.6555961899777
2013-12-17 03:00:00+01:00,5059,AR,278.10530977032835,278.0010760005322
2013-12-17 03:10:00+01:00,5059,AR,289.595146634046,296.81724503774666
2013-12-17 03:20:00+01:00,5059,AR,263.24370845835017,310.17490008819044
2013-12-17 03:30:00+01:00,5059,AR,275.8496909249714,290.4126735725106
2013-12-17 03:40:00+01:00,5059,AR,302.61842173686546,305.9875414649292
2013-12-17 03:50:00+01:00,5059,AR,267.3950472937171,314.53104705577124
2013-12-17 04:00:00+01:00,5059,AR,294.62832252065186,295.8899712128317
2013-12-17 04:10:00+01:00,5059,AR,295.6277383725996,312.2217614498044
2013-12-17 04:20:00+01:00,5059,AR,270.7768584842542,314.1767269661466
2013-12-17 04:30:00+01:00,5059,AR,253.19947630487815,301.530249316358
2013-12-17 04:40:00+01:00,5059,AR,297.3525414221348,297.590400677107
2013-12-17 04:50:00+01:00,5059,AR,271.64036748259394,306.60111954833303
2013-12-17 05:00:00+01:00,5059,AR,261.4262028395139,293.85123808805025
2013-12-17 05:10:00+01:00,5059,AR,315.23522032092023,298.20367187650606
2013-12-17 05:20:00+01:00,5059,AR,340.9570770890191,318.29267652280225
2013-12-17 05:30:00+01:00,5059,AR,281.9102739037611,324.73299936540843
2013-12-17 05:40:00+01:00,5059,AR,331.34531317410733,336.8310172042437
2013-12-17 05:50:00+01:00,5059,AR,279.85925837392665,357.35363545178467
2013-12-17 06:00:00+01:00,5059,AR,283.45943171020843,334.18612959741995
2013-12-17 06:10:00+01:00,5059,AR,337.38725519775517,342.71522889007286
2013-12-17 06:20:00+01:00,5059,AR,331.4590497969239,348.7857754320471
2013-12-17 06:30:00+01:00,5059,AR,294.9102879553966,351.82233587288573
2013-12-17 06:40:00+01:00,5059,AR,379.76586227408154,347.5061378133048
2013-12-17 06:50:00+01:00,5059,AR,342.5234368084959,380.56392795106694
2013-12-17 07:00:00+01:00,5059,AR,393.17277836607974,368.27825018636133
2013-12-17 07:10:00+01:00,5059,AR,446.573452671695,409.1325605781903
2013-12-17 07:20:00+01:00,5059,AR,479.67811511919246,441.15497046653553
2013-12-17 07:30:00+01:00,5059,AR,454.89656750113545,477.0451286122015
2013-12-17 07:40:00+01:00,5059,AR,550.1102425744252,513.406345997953
2013-12-17 07:50:00+01:00,5059,AR,753.2258738339543,564.890223077861
2013-12-17 08:00:00+01:00,5059,AR,753.59560834568,702.1880844457471
2013-12-17 08:10:00+01:00,5059,AR,825.6179043047689,804.9513522577806
2013-12-17 08:20:00+01:00,5059,AR,969.2273325847164,860.2215136390276
2013-12-17 08:30:00+01:00,5059,AR,1102.469796638728,975.5023823795872
2013-12-17 08:40:00+01:00,5059,AR,1151.8214553259577,1108.2442067410589
2013-12-17 08:50:00+01:00,5059,AR,1323.1920101364658,1210.8579455183335
2013-12-17 09:00:00+01:00,5059,AR,1353.7093233624405,1366.6884690038078
2013-12-17 09:10:00+01:00,5059,AR,1526.8392653158178,1444.934110182393
2013-12-17 09:20:00+01:00,5059,AR,1520.492903553634,1556.2665036653289
2013-12-17 09:30:00+01:00,5059,AR,1443.8578638528295,1605.3865346773523
2013-12-17 09:40:00+01:00,5059,AR,1733.7272540198776,1613.2832650398043
2013-12-17 09:50:00+01:00,5059,AR,1723.3817538010178,1765.875923326388
2013-12-17 10:00:00+01:00,5059,AR,1592.9744371382506,1806.075810630652
2013-12-17 10:10:00+01:00,5059,AR,1676.8530851858354,1830.3204112011176
2013-12-17 10:20:00+01:00,5059,AR,2029.1398456023123,1795.595436532241
2013-12-17 10:30:00+01:00,5059,AR,1878.197800180428,1979.4814870619768
2013-12-17 10:40:00+01:00,5059,AR,2047.5850397906604,2039.9006748805964
2013-12-17 10:50:00+01:00,5059,AR,2180.4499101237425,2080.4719913206327
2013-12-17 11:00:00+01:00,5059,AR,2260.4430776059953,2148.5934868451955
2013-12-17 11:10:00+01:00,5059,AR,2108.2442360878717,2281.8564476471856
2013-12-17 11:20:00+01:00,5059,AR,2238.8873708686688,2255.646778463425
2013-12-17 11:30:00+01:00,5059,AR,2177.5772585176783,2301.024873469166
2013-12-17 11:40:00+01:00,5059,AR,2299.4007801681732,2332.703859648197
2013-12-17 11:50:00+01:00,5059,AR,2414.3124382494843,2379.510997485706
2013-12-17 12:00:00+01:00,5059,AR,2392.452468855372,2412.135653183329
2013-12-17 12:10:00+01:00,5059,AR,2683.226739956791,2448.1748944243845
2013-12-17 12:20:00+01:00,5059,AR,2642.996670341281,2618.3349271181096
2013-12-17 12:30:00+01:00,5059,AR,2447.843083978823,2722.814972074317
2013-12-17 12:40:00+01:00,5059,AR,2542.863771910979,2615.9205680199475
2013-12-17 12:50:00+01:00,5059,AR,2836.1825336859206,2632.1171943898103
2013-12-17 13:00:00+01:00,5059,AR,2705.4674174284614,2790.5010307725624
2013-12-17 13:10:00+01:00,5059,AR,2972.2610392682514,2832.1215720280234
2013-12-17 13:20:00+01:00,5059,AR,3007.2955873514843,2949.506479580902
2013-12-17 13:30:00+01:00,5059,AR,3013.350592278469,2992.769492678071
2013-12-17 13:40:00+01:00,5059,AR,3133.4561120207914,3056.455171192564
2013-12-17 13:50:00+01:00,5059,AR,2863.877364002965,3138.1727940447854
2013-12-17 14:00:00+01:00,5059,AR,3008.3772777687504,3011.1292946657063
2013-12-17 14:10:00+01:00,5059,AR,2890.120616511605,3051.8290865069475
2013-12-17 14:20:00+01:00,5059,AR,2734.4712750524495,2982.4131078556507
2013-12-17 14:30:00+01:00,5059,AR,2544.7541599642627,2951.4710770380166
2013-12-17 14:40:00+01:00,5059,AR,2736.8468713334055,2738.969660010216
2013-12-17 14:50:00+01:00,5059,AR,2691.299759388447,2745.3749138839175
2013-12-17 15:00:00+01:00,5059,AR,2396.327777438198,2701.6654861781126
2013-12-17 15:10:00+01:00,5059,AR,2737.6081988001533,2595.1684127095864
2013-12-17 15:20:00+01:00,5059,AR,2477.288921323988,2640.590570526356
2013-12-17 15:30:00+01:00,5059,AR,2892.6897355768683,2533.769292894928
2013-12-17 15:40:00+01:00,5059,AR,2803.8120728539525,2723.195667427109
2013-12-17 15:50:00+01:00,5059,AR,2902.2222444601093,2728.601092612873
2013-12-17 16:00:00+01:00,5059,AR,2747.325534572616,2776.2979556960167
2013-12-17 16:10:00+01:00,5059,AR,3124.1048405432443,2778.716282724153
2013-12-17 16:20:00+01:00,5059,AR,3048.2635468876983,2964.8417465471994
2013-12-17 16:30:00+01:00,5059,AR,3095.519708863072,2975.881810239408
2013-12-17 16:40:00+01:00,5059,AR,3181.4685175720165,3039.165074549828
2013-12-17 16:50:00+01:00,5059,AR,2941.1340819678676,3082.779264567529
2013-12-17 17:00:00+01:00,5059,AR,2902.808100862453,2998.507255977329
2013-12-17 17:10:00+01:00,5059,AR,2714.8737094901308,2962.112884930481
2013-12-17 17:20:00+01:00,5059,AR,3030.4998003823516,2827.2219435018737
2013-12-17 17:30:00+01:00,5059,AR,2599.423205429515,2875.208391290258
2013-12-17 17:40:00+01:00,5059,AR,2843.5127826292623,2748.210478083829
2013-12-17 17:50:00+01:00,5059,AR,2552.3711586733143,2733.358215284976
2013-12-17 18:00:00+01:00,5059,AR,2385.3820880216304,2602.6705913330748
2013-12-17 18:10:00+01:00,5059,AR,2270.1549367707144,2439.8098892313037
2013-12-17 18:20:00+01:00,5059,AR,2145.7808651734035,2320.614418233845
2013-12-17 18:30:00+01:00,5059,AR,2272.6867447783147,2163.794734149503
2013-12-17 18:40:00+01:00,5059,AR,2324.882122757913,2179.267109409493
2013-12-17 18:50:00+01:00,5059,AR,2225.7321047828113,2163.4684772014343
2013-12-17 19:00:00+01:00,5059,AR,2236.897175529349,2131.5010034353427
2013-12-17 19:10:00+01:00,5059,AR,2005.543316084965,2132.034235742315
2013-12-17 19:20:00+01:00,5059,AR,1953.8908385538928,2009.3682350460767
2013-12-17 19:30:00+01:00,5059,AR,1802.577557519813,1929.6896928360964
2013-12-17 19:40:00+01:00,5059,AR,1852.4194912685211,1789.8776751187352
2013-12-17 19:50:00+01:00,5059,AR,1696.937233071331,1777.3899058071402
2013-12-17 20:00:00+01:00,5059,AR,1606.592280829726,1696.8296744041352
2013-12-17 20:10:00+01:00,5059,AR,1590.6037134884723,1603.698216076633
2013-12-17 20:20:00+01:00,5059,AR,1446.018310821015,1503.7358587768033
2013-12-17 20:30:00+01:00,5059,AR,1323.764263114715,1388.2190792607437
2013-12-17 20:40:00+01:00,5059,AR,1351.1809224767587,1298.6081333995228
2013-12-17 20:50:00+01:00,5059,AR,1179.2695581179487,1246.206902364524
2013-12-17 21:00:00+01:00,5059,AR,1079.566171721769,1242.7189374104528
2013-12-17 21:10:00+01:00,5059,AR,1028.0623323242182,1110.5817491903488
2013-12-17 21:20:00+01:00,5059,AR,1090.8692043011597,1032.4394710311767
2013-12-17 21:30:00+01:00,5059,AR,956.157173394153,1034.2172458687794
2013-12-17 21:40:00+01:00,5059,AR,862.8588562365394,935.8599283082708
2013-12-17 21:50:00+01:00,5059,AR,919.108211412784,880.0078537537802
2013-12-17 22:00:00+01:00,5059,AR,801.8913669990999,862.4578435679704
2013-12-17 22:10:00+01:00,5059,AR,840.025473348916,841.8256750884849
2013-12-17 22:20:00+01:00,5059,AR,779.964293575358,818.2218082288618
2013-12-17 22:30:00+01:00,5059,AR,783.5627899339181,767.9506376348281
2013-12-17 22:40:00+01:00,5059,AR,769.1843076283114,763.5269481413515
2013-12-17 22:50:00+01:00,5059,AR,724.5754541299857,820.4980360542726
2013-12-17 23:00:00+01:00,5059,AR,680.9918038722185,732.5468255572249
2013-12-17 23:10:00+01:00,5059,AR,609.1262592980859,755.181156368918
2013-12-17 23:20:00+01:00,5059,AR,687.9436334535905,697.4053221796287
2013-12-17 23:30:00+01:00,5059,AR,579.2200083131236,670.6957435815273
2013-12-17 23:40:00+01:00,5059,AR,560.5220967708262,599.3430101357941
2013-12-17 23:50:00+01:00,5059,AR,585.9376945311287,565.8187439313805
2013-12-18 00:00:00+01:00,5059,AR,543.7736968991749,592.7608602428409
2013-12-18 00:10:00+01:00,5059,AR,489.5595279221815,556.1843647959262
2013-12-18 00:20:00+01:00,5059,AR,539.0692878515375,507.72476239549314
2013-12-18 00:30:00+01:00,5059,AR,504.4429839294646,502.145027994741
2013-12-18 00:40:00+01:00,5059,AR,474.9078134467608,514.8963362375689
2013-12-18 00:50:00+01:00,5059,AR,456.41155611897767,477.83349156024286
2013-12-18 01:00:00+01:00,5059,AR,410.78294210556214,458.5165800850092
2013-12-18 01:10:00+01:00,5059,AR,379.6580133956543,431.7944940414586
2013-12-18 01:20:00+01:00,5059,AR,401.6303789541303,406.18579221826326
2013-12-18 01:30:00+01:00,5059,AR,409.8603703943211,404.7139889191717
2013-12-18 01:40:00+01:00,5059,AR,410.02415046696865,410.2305671099506
2013-12-18 01:50:00+01:00,5059,AR,413.1297835925668,397.748842319007
2013-12-18 02:00:00+01:00,5059,AR,381.0713856975038,401.70276023321304
2013-12-18 02:10:00+01:00,5059,AR,370.3176727064605,389.8141406957262
2013-12-18 02:20:00+01:00,5059,AR,391.415869340594,376.29461855530946
2013-12-18 02:30:00+01:00,5059,AR,339.148300881556,390.0911991013773
2013-12-18 02:40:00+01:00,5059,AR,343.9882060413193,362.803600908199
2013-12-18 02:50:00+01:00,5059,AR,354.6266013871846,352.42076935308427
2013-12-18 03:00:00+01:00,5059,AR,349.9417560497925,362.51203606059687
2013-12-18 03:10:00+01:00,5059,AR,357.09318141952957,365.422812204775
2013-12-18 03:20:00+01:00,5059,AR,353.47435520361154,368.8623999155928
2013-12-18 03:30:00+01:00,5059,AR,323.447450434965,345.210083670429
2013-12-18 03:40:00+01:00,5059,AR,330.1956752648785,343.28633663014034
2013-12-18 03:50:00+01:00,5059,AR,333.831216647599,331.1192630216103
2013-12-18 04:00:00+01:00,5059,AR,349.34023294260385,336.43643240728346
2013-12-18 04:10:00+01:00,5059,AR,332.1836171780489,350.4807732363371
2013-12-18 04:20:00+01:00,5059,AR,342.72670865070006,336.62740051635024
2013-12-18 04:30:00+01:00,5059,AR,374.74505887607165,341.40633144817116
2013-12-18 04:40:00+01:00,5059,AR,368.8532675342715,364.6121469794891
2013-12-18 04:50:00+01:00,5059,AR,359.9599502826066,362.7717913409589
2013-12-18 05:00:00+01:00,5059,AR,320.0647369327155,362.59700758954983
2013-12-18 05:10:00+01:00,5059,AR,361.5438998780232,347.95135269078554
2013-12-18 05:20:00+01:00,5059,AR,344.9346728869323,363.05716120227544
2013-12-18 05:30:00+01:00,5059,AR,401.5830470757553,355.92840495316733
2013-12-18 05:40:00+01:00,5059,AR,397.4718817600568,382.16546183304354
2013-12-18 05:50:00+01:00,5059,AR,396.8632282582037,384.8690755504448
2013-12-18 06:00:00+01:00,5059,AR,346.3753973935506,388.6792389349372
2013-12-18 06:10:00+01:00,5059,AR,356.57951866107777,378.8925417708504
2013-12-18 06:20:00+01:00,5059,AR,357.72878170509375,363.0666119870232
2013-12-18 06:30:00+01:00,5059,AR,379.6343106637374,370.23394284017434
2013-12-18 06:40:00+01:00,5059,AR,361.9120054179503,389.6758136948565
2013-12-18 06:50:00+01:00,5059,AR,413.2211321445227,377.6000866409868
2013-12-18 07:00:00+01:00,5059,AR,403.95444104839953,412.5368790658888
2013-12-18 07:10:00+01:00,5059,AR,471.1231608700478,432.7586532271323
2013-12-18 07:20:00+01:00,5059,AR,481.87419716284353,468.3605665449288
2013-12-18 07:30:00+01:00,5059,AR,486.940277290041,483.74030354550416
2013-12-18 07:40:00+01:00,5059,AR,624.4268705854736,514.7684602199149
2013-12-18 07:50:00+01:00,5059,AR,638.6378132859073,613.9201602756052
2013-12-18 08:00:00+01:00,5059,AR,813.0423251435557,660.1275464088166
2013-12-18 08:10:00+01:00,5059,AR,815.5121252940957,793.74521303403
2013-12-18 08:20:00+01:00,5059,AR,925.61453235213,851.9053542570163
2013-12-18 08:30:00+01:00,5059,AR,986.848120974192,932.9189722145688
2013-12-18 08:40:00+01:00,5059,AR,1024.8682611465365,1024.7708971657526
2013-12-18 08:50:00+01:00,5059,AR,1120.727843257828,1096.6016518174397
2013-12-18 09:00:00+01:00,5059,AR,1329.3274274725973,1175.722802359625
2013-12-18 09:10:00+01:00,5059,AR,1298.2369897110016,1374.8452217475092
2013-12-18 09:20:00+01:00,5059,AR,1384.4583814098676,1380.5371373145674
2013-12-18 09:30:00+01:00,5059,AR,1469.435973217305,1474.6297091591102
2013-12-18 09:40:00+01:00,5059,AR,1578.1361312666943,1566.8719368023656
2013-12-18 09:50:00+01:00,5059,AR,1854.7710667065855,1618.627677454439
2013-12-18 10:00:00+01:00,5059,AR,1918.0593438392868,1784.4187377195235
2013-12-18 10:10:00+01:00,5059,AR,1979.1547096410304,1905.3199627505228
2013-12-18 10:20:00+01:00,5059,AR,1986.4985244164911,2020.0011938692755
2013-12-18 10:30:00+01:00,5059,AR,2171.308455294276,2045.235083888888
2013-12-18 10:40:00+01:00,5059,AR,2056.852707466107,2192.58297002373
2013-12-18 10:50:00+01:00,5059,AR,2273.6548957077953,2198.3781287326497
2013-12-18 11:00:00+01:00,5059,AR,2399.373989061783,2319.682905053151
2013-12-18 11:10:00+01:00,5059,AR,2414.5996098502,2389.92897259944
2013-12-18 11:20:00+01:00,5059,AR,2517.3286726792185,2431.3956204194383
2013-12-18 11:30:00+01:00,5059,AR,2686.7635965596937,2507.098996419613
2013-12-18 11:40:00+01:00,5059,AR,2631.355958824679,2617.0766697314766
2013-12-18 11:50:00+01:00,5059,AR,2698.8047380088055,2625.3501394023024
2013-12-18 12:00:00+01:00,5059,AR,2644.4452959691716,2701.706200703699
2013-12-18 12:10:00+01:00,5059,AR,2527.148419468281,2735.633071666262
2013-12-18 12:20:00+01:00,5059,AR,2794.05995197264,2711.8493358213345
2013-12-18 12:30:00+01:00,5059,AR,2793.751881246536,2791.3073863631384
2013-12-18 12:40:00+01:00,5059,AR,2745.215883678625,2888.3494401328917
2013-12-18 12:50:00+01:00,5059,AR,2864.418528694098,2819.8734262653743
2013-12-18 13:00:00+01:00,5059,AR,3068.515763127842,2879.8256617747143
2013-12-18 13:10:00+01:00,5059,AR,3000.179883659302,2981.212617934194
2013-12-18 13:20:00+01:00,5059,AR,3004.657815983865,3029.3914060860625
2013-12-18 13:30:00+01:00,5059,AR,3191.448161658042,3017.7124014082615
2013-12-18 13:40:00+01:00,5059,AR,3207.1082996863743,3160.1256728672333
2013-12-18 13:50:00+01:00,5059,AR,3051.941792433846,3206.7749156497966
2013-12-18 14:00:00+01:00,5059,AR,3178.2043481587575,3193.9977455518365
2013-12-18 14:10:00+01:00,5059,AR,3111.8794011532564,3179.638389131943
2013-12-18 14:20:00+01:00,5059,AR,2973.6132139771867,3132.1383987399313
2013-12-18 14:30:00+01:00,5059,AR,3023.9789777126794,3070.7487754232266
2013-12-18 14:40:00+01:00,5059,AR,2870.2232175004474,3079.205336591336
2013-12-18 14:50:00+01:00,5059,AR,2810.923607709171,2943.894316917497
2013-12-18 15:00:00+01:00,5059,AR,2524.7148022101296,2867.905418912341
2013-12-18 15:10:00+01:00,5059,AR,2665.346366625859,2754.8102179874536
2013-12-18 15:20:00+01:00,5059,AR,2788.057641203671,2661.2420644618887
2013-12-18 15:30:00+01:00,5059,AR,2690.242446131267,2720.94292025052
2013-12-18 15:40:00+01:00,5059,AR,2476.0341872915687,2650.090237692582
2013-12-18 15:50:00+01:00,5059,AR,2679.119521873683,2587.8553371259713
2013-12-18 16:00:00+01:00,5059,AR,2502.6747519075807,2620.319110056194
2013-12-18 16:10:00+01:00,5059,AR,2525.053675563727,2554.8806680206785
2013-12-18 16:20:00+01:00,5059,AR,2681.9225684807616,2584.93335670743
2013-12-18 16:30:00+01:00,5059,AR,2889.6280857308334,2650.4580383209886
2013-12-18 16:40:00+01:00,5059,AR,2542.5158187074485,2759.5571462329467
2013-12-18 16:50:00+01:00,5059,AR,2753.3704305928,2723.6214977870795
2013-12-18 17:00:00+01:00,5059,AR,2676.2470637758593,2734.4182495790365
2013-12-18 17:10:00+01:00,5059,AR,2600.921754718969,2680.598162857287
2013-12-18 17:20:00+01:00,5059,AR,2616.2776437022294,2674.9811514062326
2013-12-18 17:30:00+01:00,5059,AR,2503.0155481320817,2694.0660464327743
2013-12-18 17:40:00+01:00,5059,AR,2491.408603981494,2592.835158947923
2013-12-18 17:50:00+01:00,5059,AR,2464.9943079902773,2534.8458117061027
2013-12-18 18:00:00+01:00,5059,AR,2273.415049555329,2494.611073185294
2013-12-18 18:10:00+01:00,5059,AR,2249.703419574344,2320.4161669014893
2013-12-18 18:20:00+01:00,5059,AR,2227.005320773888,2305.0515618286577
2013-12-18 18:30:00+01:00,5059,AR,2196.0857373418207,2235.890183568787
2013-12-18 18:40:00+01:00,5059,AR,1929.933422653716,2208.038222558157
2013-12-18 18:50:00+01:00,5059,AR,1906.7806631735991,2068.2584555324142
2013-12-18 19:00:00+01:00,5059,AR,1933.294366637379,1963.3651144214828
2013-12-18 19:10:00+01:00,5059,AR,1699.9930345911962,1937.327262169311
2013-12-18 19:20:00+01:00,5059,AR,1720.3448091463008,1792.391863357814
2013-12-18 19:30:00+01:00,5059,AR,1700.022794249381,1711.6544632385458
2013-12-18 19:40:00+01:00,5059,AR,1523.485628713261,1633.46590641455
2013-12-18 19:50:00+01:00,5059,AR,1568.3331793869795,1600.6672819905843
2013-12-18 20:00:00+01:00,5059,AR,1453.8414129487787,1541.2672233128574
2013-12-18 20:10:00+01:00,5059,AR,1269.3866241564565,1456.6653522695435
2013-12-18 20:20:00+01:00,5059,AR,1161.6352081750892,1333.2202656716108
2013-12-18 20:30:00+01:00,5059,AR,1171.1188686028524,1217.32695187919
2013-12-18 20:40:00+01:00,5059,AR,991.7398449113496,1144.8587165199888
2013-12-18 20:50:00+01:00,5059,AR,957.0807771124572,1044.6714958125162
2013-12-18 21:00:00+01:00,5059,AR,985.3856762517144,933.0755407795529
2013-12-18 21:10:00+01:00,5059,AR,816.4782680852097,912.40805361789
2013-12-18 21:20:00+01:00,5059,AR,850.4734971172941,845.6182746972423
2013-12-18 21:30:00+01:00,5059,AR,817.6906815197862,834.9572781044176
2013-12-18 21:40:00+01:00,5059,AR,688.8506628285114,788.0666297763785
2013-12-18 21:50:00+01:00,5059,AR,702.4694820703987,729.5532532122273
2013-12-18 22:00:00+01:00,5059,AR,753.8612543852075,704.6396906712174
2013-12-18 22:10:00+01:00,5059,AR,676.8564501712979,714.1729849511635
2013-12-18 22:20:00+01:00,5059,AR,758.3573160739832,711.17798004231
2013-12-18 22:30:00+01:00,5059,AR,652.5493699822855,726.1219397478494
2013-12-18 22:40:00+01:00,5059,AR,640.0536103792664,661.6913546445104
2013-12-18 22:50:00+01:00,5059,AR,634.624246031197,651.11775986939
2013-12-18 23:00:00+01:00,5059,AR,604.5951414686087,623.1600205825788
2013-12-18 23:10:00+01:00,5059,AR,545.2345670530597,615.9989970643103
2013-12-18 23:20:00+01:00,5059,AR,540.5254183598569,590.6840650280479
2013-12-18 23:30:00+01:00,5059,AR,593.6400030972818,543.8566108980468
2013-12-18 23:40:00+01:00,5059,AR,579.1790161992031,569.7234602650468
2013-12-18 23:50:00+01:00,5059,AR,502.681969788076,576.2367964549019
2013-12-19 00:00:00+01:00,5059,AR,536.7287637734923,530.4557545435842
2013-12-19 00:10:00+01:00,5059,AR,487.2052468712019,535.1587139175871
2013-12-19 00:20:00+01:00,5059,AR,436.3902238811493,510.0580741552813
2013-12-19 00:30:00+01:00,5059,AR,456.98667049590455,479.85125094229704
2013-12-19 00:40:00+01:00,5059,AR,429.7248903876966,477.9509197985052
2013-12-19 00:50:00+01:00,5059,AR,370.90133161373166,451.58064915050574
2013-12-19 01:00:00+01:00,5059,AR,435.6061274724105,419.2922302532258
2013-12-19 01:10:00+01:00,5059,AR,394.7007108394921,431.60056761902104
2013-12-19 01:20:00+01:00,5059,AR,400.9431114384961,411.85111217082385
2013-12-19 01:30:00+01:00,5059,AR,427.4380569763511,399.49002797732055
2013-12-19 01:40:00+01:00,5059,AR,336.432548525715,410.04027373622614
2013-12-19 01:50:00+01:00,5059,AR,365.28947181719207,375.98791747128473
2013-12-19 02:00:00+01:00,5059,AR,346.521342233939,371.85557608505553
2013-12-19 02:10:00+01:00,5059,AR,342.6711331792088,367.6261788394605
2013-12-19 02:20:00+01:00,5059,AR,320.3067852022814,362.7068387051494
2013-12-19 02:30:00+01:00,5059,AR,328.1425913805245,350.57921891670344
2013-12-19 02:40:00+01:00,5059,AR,280.1180576799443,343.0350982712465
2013-12-19 02:50:00+01:00,5059,AR,335.4681841160034,325.2171974894416
2013-12-19 03:00:00+01:00,5059,AR,298.21441243482883,335.0906978147101
2013-12-19 03:10:00+01:00,5059,AR,309.2170991670778,327.6959089694747
2013-12-19 03:20:00+01:00,5059,AR,300.1225564931746,329.76605047051294
2013-12-19 03:30:00+01:00,5059,AR,246.7247532059921,319.91864742117644
2013-12-19 03:40:00+01:00,5059,AR,276.3256637148603,291.50674876010146
2013-12-19 03:50:00+01:00,5059,AR,262.1130720022303,298.04022075462575
2013-12-19 04:00:00+01:00,5059,AR,270.2798707989763,288.6998857382198
2013-12-19 04:10:00+01:00,5059,AR,252.87465091984024,294.7038622906178
2013-12-19 04:20:00+01:00,5059,AR,251.35563789101428,286.49968057290084
2013-12-19 04:30:00+01:00,5059,AR,252.64907119921253,282.1556397019835
2013-12-19 04:40:00+01:00,5059,AR,252.2801092947333,285.8966811422946
2013-12-19 04:50:00+01:00,5059,AR,271.0941971573921,276.8100213608086
2013-12-19 05:00:00+01:00,5059,AR,250.35619828982215,284.7746539799649
2013-12-19 05:10:00+01:00,5059,AR,284.9673125115872,281.89443672258875
2013-12-19 05:20:00+01:00,5059,AR,278.6534439033785,306.8932040704452
2013-12-19 05:30:00+01:00,5059,AR,234.9504278446457,305.53195668427674
2013-12-19 05:40:00+01:00,5059,AR,278.2427763608672,285.689561759161
2013-12-19 05:50:00+01:00,5059,AR,274.4029886361092,305.8816192171987
2013-12-19 06:00:00+01:00,5059,AR,246.94149252470348,297.8295898406834
2013-12-19 06:10:00+01:00,5059,AR,316.2096068087472,300.14179072659186
2013-12-19 06:20:00+01:00,5059,AR,317.4205915073021,329.7670085763625
2013-12-19 06:30:00+01:00,5059,AR,308.8335239301206,335.3472700024861
2013-12-19 06:40:00+01:00,5059,AR,312.5832677434298,354.7589184583152
2013-12-19 06:50:00+01:00,5059,AR,378.32358502269534,353.6566374495322
2013-12-19 07:00:00+01:00,5059,AR,398.9413710071025,379.0951833649919
2013-12-19 07:10:00+01:00,5059,AR,383.5255036916005,423.22875939576863
2013-12-19 07:20:00+01:00,5059,AR,505.4136964137046,432.7849261887335
2013-12-19 07:30:00+01:00,5059,AR,487.4410932227262,500.0812509601675
2013-12-19 07:40:00+01:00,5059,AR,513.9205171343103,527.6037462518533
2013-12-19 07:50:00+01:00,5059,AR,644.8989028283055,583.19433125515
2013-12-19 08:00:00+01:00,5059,AR,664.4584384106298,663.3066746070521
2013-12-19 08:10:00+01:00,5059,AR,682.4676778189996,709.9070446458693
2013-12-19 08:20:00+01:00,5059,AR,738.4892390911912,766.2198819615792
2013-12-19 08:30:00+01:00,5059,AR,748.6995133061936,812.9569313542689
2013-12-19 08:40:00+01:00,5059,AR,879.4210834245963,891.1339668989126
2013-12-19 08:50:00+01:00,5059,AR,1059.679721881494,981.38911987825
2013-12-19 09:00:00+01:00,5059,AR,1205.6597079842084,1149.3574690055505
2013-12-19 09:10:00+01:00,5059,AR,1294.013350952021,1261.503834510312
2013-12-19 09:20:00+01:00,5059,AR,1403.564713442008,1396.0617206287525
2013-12-19 09:30:00+01:00,5059,AR,1366.8352103602988,1492.790088397227
2013-12-19 09:40:00+01:00,5059,AR,1410.350522104539,1543.5187316634692
2013-12-19 09:50:00+01:00,5059,AR,1500.051781714155,1588.0816321303191
2013-12-19 10:00:00+01:00,5059,AR,1631.4615686937482,1658.5896033934623
2013-12-19 10:10:00+01:00,5059,AR,1594.8405005830125,1752.084964730613
2013-12-19 10:20:00+01:00,5059,AR,1743.966534150521,1782.7805619316473
2013-12-19 10:30:00+01:00,5059,AR,1792.16366838841,1887.2982148117817
2013-12-19 10:40:00+01:00,5059,AR,1852.2519185989156,1940.047703762386
2013-12-19 10:50:00+01:00,5059,AR,1815.0078379638985,2010.9993285670053
2013-12-19 11:00:00+01:00,5059,AR,1953.044086730254,1991.4989253297256
2013-12-19 11:10:00+01:00,5059,AR,1898.2077627255287,2068.7263704953575
2013-12-19 11:20:00+01:00,5059,AR,1932.6766482165613,2128.8691786493237
2013-12-19 11:30:00+01:00,5059,AR,2083.846760119044,2113.9908682689565
2013-12-19 11:40:00+01:00,5059,AR,2171.0338817983265,2207.5613588385604
2013-12-19 11:50:00+01:00,5059,AR,2265.274892823078,2310.1664984901404
2013-12-19 12:00:00+01:00,5059,AR,2178.1807964524087,2346.617381093059
2013-12-19 12:10:00+01:00,5059,AR,2262.1306170042567,2363.6861938552247
2013-12-19 12:20:00+01:00,5059,AR,2150.625855726567,2414.4944294358984
2013-12-19 12:30:00+01:00,5059,AR,2270.917366788972,2390.834471530102
2013-12-19 12:40:00+01:00,5059,AR,2441.9105089258837,2463.3469970895494
2013-12-19 12:50:00+01:00,5059,AR,2547.372257843974,2584.410311809058
2013-12-19 13:00:00+01:00,5059,AR,2549.3321702751787,2691.807537647538
2013-12-19 13:10:00+01:00,5059,AR,2767.840205049686,2736.0654417576507
2013-12-19 13:20:00+01:00,5059,AR,2683.8859615620045,2847.342878870206
2013-12-19 13:30:00+01:00,5059,AR,2711.2274876545725,2894.5452910824415
2013-12-19 13:40:00+01:00,5059,AR,2517.5943287330497,2977.294576382052
2013-12-19 13:50:00+01:00,5059,AR,2742.8960086254424,2832.4441575472783
2013-12-19 14:00:00+01:00,5059,AR,2650.2073692734793,2906.1440994445593
2013-12-19 14:10:00+01:00,5059,AR,2467.6527090842947,2871.1465220731066
2013-12-19 14:20:00+01:00,5059,AR,2606.0076785340425,2773.177664009465
2013-12-19 14:30:00+01:00,5059,AR,2583.6455903449214,2792.0483876218177
2013-12-19 14:40:00+01:00,5059,AR,2529.976537768367,2755.5998100188926
2013-12-19 14:50:00+01:00,5059,AR,2546.6701795436834,2715.2443849743095
2013-12-19 15:00:00+01:00,5059,AR,2376.3785499682213,2647.816057198546
2013-12-19 15:10:00+01:00,5059,AR,2511.2964176891996,2531.4196662774507
2013-12-19 15:20:00+01:00,5059,AR,2380.689174967583,2626.339069077733
2013-12-19 15:30:00+01:00,5059,AR,2496.920169570306,2572.0240201683255
2013-12-19 15:40:00+01:00,5059,AR,2670.805571501096,2564.705581318569
2013-12-19 15:50:00+01:00,5059,AR,2527.7155218410808,2662.6314018715507
2013-12-19 16:00:00+01:00,5059,AR,2489.7964492530105,2613.118148422628
2013-12-19 16:10:00+01:00,5059,AR,2740.8386796100754,2593.8805607635927
2013-12-19 16:20:00+01:00,5059,AR,2435.4741959080657,2693.0229684458036
2013-12-19 16:30:00+01:00,5059,AR,2455.3763641498495,2631.5430942087664
2013-12-19 16:40:00+01:00,5059,AR,2387.4033165893243,2614.447515396638
2013-12-19 16:50:00+01:00,5059,AR,2405.840058667264,2519.7979523014033
2013-12-19 17:00:00+01:00,5059,AR,2422.1623950772405,2499.9699849484396
2013-12-19 17:10:00+01:00,5059,AR,2372.2351973933446,2521.5355204165494
2013-12-19 17:20:00+01:00,5059,AR,2159.3250611600024,2456.8822752850742
2013-12-19 17:30:00+01:00,5059,AR,2137.3470231333004,2356.0032344578985
2013-12-19 17:40:00+01:00,5059,AR,2231.6364660772742,2298.37098425605
2013-12-19 17:50:00+01:00,5059,AR,2189.9359888965487,2281.2293800876423
2013-12-19 18:00:00+01:00,5059,AR,2123.960095043322,2280.5103620104455
2013-12-19 18:10:00+01:00,5059,AR,2123.451003595895,2204.5682890514436
2013-12-19 18:20:00+01:00,5059,AR,1877.553342191135,2210.104929673351
2013-12-19 18:30:00+01:00,5059,AR,2125.4349841205067,2079.491406949955
2013-12-19 18:40:00+01:00,5059,AR,2092.7606490164035,2103.304491511626
2013-12-19 18:50:00+01:00,5059,AR,1824.8812008166783,2086.770385017111
2013-12-19 19:00:00+01:00,5059,AR,1729.002354566916,2005.578548871873
2013-12-19 19:10:00+01:00,5059,AR,1680.395520499064,1911.8587327812777
2013-12-19 19:20:00+01:00,5059,AR,1606.5752362878022,1820.664129944597
2013-12-19 19:30:00+01:00,5059,AR,1626.3035230049495,1713.0489782215627
2013-12-19 19:40:00+01:00,5059,AR,1547.658882743896,1663.524835175468
2013-12-19 19:50:00+01:00,5059,AR,1395.2603887462813,1594.3593047152715
2013-12-19 20:00:00+01:00,5059,AR,1390.3670922554602,1488.5770683881474
2013-12-19 20:10:00+01:00,5059,AR,1230.7984534560287,1426.7761699823573
2013-12-19 20:20:00+01:00,5059,AR,1114.678444359706,1309.1029129910685
2013-12-19 20:30:00+01:00,5059,AR,1020.2102026287268,1206.0909203220644
2013-12-19 20:40:00+01:00,5059,AR,942.3614820471294,1089.2021663131009
2013-12-19 20:50:00+01:00,5059,AR,842.1623482834539,1008.1187865166908
2013-12-19 21:00:00+01:00,5059,AR,718.4313832101792,911.2834162733276
2013-12-19 21:10:00+01:00,5059,AR,781.4336926125877,785.0197587894988
2013-12-19 21:20:00+01:00,5059,AR,700.1835363671692,750.8061354534248
2013-12-19 21:30:00+01:00,5059,AR,728.1584510887207,715.5817801124356
2013-12-19 21:40:00+01:00,5059,AR,701.6063234487783,716.9580253484976
2013-12-19 21:50:00+01:00,5059,AR,737.4239070672787,690.4500289473037
2013-12-19 22:00:00+01:00,5059,AR,640.2519642941571,689.1821333378816
2013-12-19 22:10:00+01:00,5059,AR,642.985078222449,661.1136296894318
2013-12-19 22:20:00+01:00,5059,AR,583.5190957964612,646.4212985208472
2013-12-19 22:30:00+01:00,5059,AR,631.5819903985708,624.0002153470246
2013-12-19 22:40:00+01:00,5059,AR,589.1495625226398,629.8323495706773
2013-12-19 22:50:00+01:00,5059,AR,559.7251731516242,630.0811032711608
2013-12-19 23:00:00+01:00,5059,AR,568.679953335636,595.3438975463088
2013-12-19 23:10:00+01:00,5059,AR,518.3544693920394,622.0898740881084
2013-12-19 23:20:00+01:00,5059,AR,516.4648617700618,584.907740939466
2013-12-19 23:30:00+01:00,5059,AR,506.9211801212165,567.5206343608213
2013-12-19 23:40:00+01:00,5059,AR,482.3107953596432,550.868231909239
2013-12-19 23:50:00+01:00,5059,AR,465.71011898830255,524.4774286263629
2013-12-20 00:00:00+01:00,5059,AR,525.8391811623073,507.50791698920017
2013-12-20 00:10:00+01:00,5059,AR,489.6033643214071,522.7530720516131
2013-12-20 00:20:00+01:00,5059,AR,372.18170621682486,506.2074234743518
2013-12-20 00:30:00+01:00,5059,AR,404.6974153557329,451.48053206653304
2013-12-20 00:40:00+01:00,5059,AR,391.8035199030421,435.6871247016838
2013-12-20 00:50:00+01:00,5059,AR,297.0850991814628,422.23374686204215
2013-12-20 01:00:00+01:00,5059,AR,363.3344991526836,388.4105085203001
2013-12-20 01:10:00+01:00,5059,AR,311.2339751321364,383.1089084983629
2013-12-20 01:20:00+01:00,5059,AR,304.23021505480676,347.8465717133973
2013-12-20 01:30:00+01:00,5059,AR,292.2712204868343,345.6624591033288
2013-12-20 01:40:00+01:00,5059,AR,266.19816452625963,324.6807928481429
2013-12-20 01:50:00+01:00,5059,AR,241.7376492345742,296.0550825611127
2013-12-20 02:00:00+01:00,5059,AR,268.4535928885993,285.542791005342
2013-12-20 02:10:00+01:00,5059,AR,255.5880078172601,285.0710453296724
2013-12-20 02:20:00+01:00,5059,AR,255.26365254841616,281.84214135861964
2013-12-20 02:30:00+01:00,5059,AR,247.74218078829716,283.25461898111087
2013-12-20 02:40:00+01:00,5059,AR,261.45126158387035,272.1310539550876
2013-12-20 02:50:00+01:00,5059,AR,212.5583143638952,283.21940989547875
2013-12-20 03:00:00+01:00,5059,AR,225.6367273427018,265.6107925098466
2013-12-20 03:10:00+01:00,5059,AR,253.4142747997072,255.4826674133261
2013-12-20 03:20:00+01:00,5059,AR,224.57255264220984,264.5184133265127
2013-12-20 03:30:00+01:00,5059,AR,224.4408265720119,263.44972507459767
2013-12-20 03:40:00+01:00,5059,AR,250.7928666623549,263.9003242501613
2013-12-20 03:50:00+01:00,5059,AR,213.31397230687588,272.9542875451556
2013-12-20 04:00:00+01:00,5059,AR,220.35383958377943,255.15607303932023
2013-12-20 04:10:00+01:00,5059,AR,226.84929285616948,252.77660378762417
2013-12-20 04:20:00+01:00,5059,AR,201.8170904489129,253.68083339707772
2013-12-20 04:30:00+01:00,5059,AR,205.7938309617253,245.4653087520141
2013-12-20 04:40:00+01:00,5059,AR,235.06806763990468,243.83475946850513
2013-12-20 04:50:00+01:00,5059,AR,192.87130693697137,257.79673492084225
2013-12-20 05:00:00+01:00,5059,AR,216.31818752894188,241.0206395173043
2013-12-20 05:10:00+01:00,5059,AR,236.10061823349153,248.7673928001758
2013-12-20 05:20:00+01:00,5059,AR,207.196969063719,257.45400711505795
2013-12-20 05:30:00+01:00,5059,AR,252.6470259875985,249.4988768590656
2013-12-20 05:40:00+01:00,5059,AR,243.07234235022895,275.27809873275083
2013-12-20 05:50:00+01:00,5059,AR,206.3478039694104,272.09700219559824
2013-12-20 06:00:00+01:00,5059,AR,246.4004129838222,260.4280130695489
2013-12-20 06:10:00+01:00,5059,AR,231.74611326732247,281.27654103641004
2013-12-20 06:20:00+01:00,5059,AR,241.98839652535327,271.1839064760208
2013-12-20 06:30:00+01:00,5059,AR,240.64298161385904,286.22371432836576
2013-12-20 06:40:00+01:00,5059,AR,296.8053578235843,291.3921434395156
2013-12-20 06:50:00+01:00,5059,AR,303.1602112211577,319.38396385913995
2013-12-20 07:00:00+01:00,5059,AR,369.7269874340917,343.59048599189066
2013-12-20 07:10:00+01:00,5059,AR,364.4389525038346,378.4325989733799
2013-12-20 07:20:00+01:00,5059,AR,412.5123287754679,405.79562343939745
2013-12-20 07:30:00+01:00,5059,AR,379.6234051825406,441.6364264340992
2013-12-20 07:40:00+01:00,5059,AR,429.2800567868636,470.0515567356067
2013-12-20 07:50:00+01:00,5059,AR,670.1840530274999,512.5123350249496
2013-12-20 08:00:00+01:00,5059,AR,684.6150251137783,641.8131414950352
2013-12-20 08:10:00+01:00,5059,AR,693.4316082437371,724.8930663853745
2013-12-20 08:20:00+01:00,5059,AR,856.2360193550143,773.3679009987873
2013-12-20 08:30:00+01:00,5059,AR,789.6416061296161,870.4620357624559
2013-12-20 08:40:00+01:00,5059,AR,935.7096446311258,920.3870673892428
2013-12-20 08:50:00+01:00,5059,AR,1030.285107330268,1024.247971792663
2013-12-20 09:00:00+01:00,5059,AR,1220.13266072733,1119.7635244040896
2013-12-20 09:10:00+01:00,5059,AR,1237.1398529397816,1246.7784693490212
2013-12-20 09:20:00+01:00,5059,AR,1306.820377211013,1343.6398671625843
2013-12-20 09:30:00+01:00,5059,AR,1387.725636006505,1413.5175551704397
2013-12-20 09:40:00+01:00,5059,AR,1409.9805328406676,1483.275237955991
2013-12-20 09:50:00+01:00,5059,AR,1643.7428191505112,1546.32207241977
2013-12-20 10:00:00+01:00,5059,AR,1689.272003934374,1688.4124493191343
2013-12-20 10:10:00+01:00,5059,AR,1596.90411400344,1781.4967476600573
2013-12-20 10:20:00+01:00,5059,AR,1671.0422452853209,1771.3327844136631
2013-12-20 10:30:00+01:00,5059,AR,1595.8231638558225,1815.8860145167664
2013-12-20 10:40:00+01:00,5059,AR,1878.9928612760896,1774.4891696356758
2013-12-20 10:50:00+01:00,5059,AR,1986.6230901859776,1904.5972785751824
2013-12-20 11:00:00+01:00,5059,AR,1975.8968054994184,2003.4310184308256
2013-12-20 11:10:00+01:00,5059,AR,1999.3616138856423,2031.2017369849757
2013-12-20 11:20:00+01:00,5059,AR,2245.8920415078146,2064.933692919648
2013-12-20 11:30:00+01:00,5059,AR,2462.250541748612,2220.450731893472
2013-12-20 11:40:00+01:00,5059,AR,2270.869187194384,2385.1549566813724
2013-12-20 11:50:00+01:00,5059,AR,2222.109094283065,2398.999059523438
2013-12-20 12:00:00+01:00,5059,AR,2357.328781544976,2349.0876695702837
2013-12-20 12:10:00+01:00,5059,AR,2275.7558503320365,2413.7745425264966
2013-12-20 12:20:00+01:00,5059,AR,2439.717179569458,2410.6193257012974
2013-12-20 12:30:00+01:00,5059,AR,2526.5450398492626,2490.2609419924866
2013-12-20 12:40:00+01:00,5059,AR,2346.0897548166195,2541.6952072031254
2013-12-20 12:50:00+01:00,5059,AR,2470.798121140991,2512.726218252647
2013-12-20 13:00:00+01:00,5059,AR,2650.6479368966434,2567.485573049741
2013-12-20 13:10:00+01:00,5059,AR,2598.8075158991405,2659.3706553649504
2013-12-20 13:20:00+01:00,5059,AR,2632.6094353152557,2673.123288822918
2013-12-20 13:30:00+01:00,5059,AR,2461.224840610742,2710.757614473587
2013-12-20 13:40:00+01:00,5059,AR,2746.5821594127456,2649.648730066042
2013-12-20 13:50:00+01:00,5059,AR,2632.1051283019806,2756.6456757276187
2013-12-20 14:00:00+01:00,5059,AR,2633.7162464014477,2759.925939300631
2013-12-20 14:10:00+01:00,5059,AR,2568.361786725218,2705.247054557059
2013-12-20 14:20:00+01:00,5059,AR,2618.5421869985685,2701.820830092811
2013-12-20 14:30:00+01:00,5059,AR,2665.730362761507,2693.37506744384
2013-12-20 14:40:00+01:00,5059,AR,2900.371530043799,2712.0217435352743
2013-12-20 14:50:00+01:00,5059,AR,2662.66214424629,2807.084135570325
2013-12-20 15:00:00+01:00,5059,AR,2651.5894740353215,2724.755123104658
2013-12-20 15:10:00+01:00,5059,AR,2596.082086885014,2727.059957939471
2013-12-20 15:20:00+01:00,5059,AR,2519.1434979483274,2695.3948188590543
2013-12-20 15:30:00+01:00,5059,AR,2734.3699977438264,2609.144732032035
2013-12-20 15:40:00+01:00,5059,AR,2823.198777200726,2719.7107897064247
2013-12-20 15:50:00+01:00,5059,AR,2617.3066456200545,2777.086771164487
2013-12-20 16:00:00+01:00,5059,AR,2674.8654397633595,2667.5066091841145
2013-12-20 16:10:00+01:00,5059,AR,2548.038849665674,2720.525902916719
2013-12-20 16:20:00+01:00,5059,AR,2558.9575624357963,2635.6528948255173
2013-12-20 16:30:00+01:00,5059,AR,2391.499192568052,2599.8010155190823
2013-12-20 16:40:00+01:00,5059,AR,2764.468255868256,2521.648013927136
2013-12-20 16:50:00+01:00,5059,AR,2595.301861996995,2639.5282935737605
2013-12-20 17:00:00+01:00,5059,AR,2626.299354670793,2594.632449513006
2013-12-20 17:10:00+01:00,5059,AR,2673.3780120923734,2634.7115904389666
2013-12-20 17:20:00+01:00,5059,AR,2455.523272998494,2635.3375209696387
2013-12-20 17:30:00+01:00,5059,AR,2262.688361618329,2497.2835819647653
2013-12-20 17:40:00+01:00,5059,AR,2273.095354882482,2429.7477370750757
2013-12-20 17:50:00+01:00,5059,AR,2120.389470585455,2333.1868132365225
2013-12-20 18:00:00+01:00,5059,AR,2335.0258031772432,2214.6096983687794
2013-12-20 18:10:00+01:00,5059,AR,2156.2871708984644,2291.75267434739
2013-12-20 18:20:00+01:00,5059,AR,2015.8968597147664,2192.886828162743
2013-12-20 18:30:00+01:00,5059,AR,2134.443587020484,2070.466277126776
2013-12-20 18:40:00+01:00,5059,AR,1919.2556124569055,2086.6358996047193
2013-12-20 18:50:00+01:00,5059,AR,1839.29031515043,1969.6149808119471
2013-12-20 19:00:00+01:00,5059,AR,1951.7674011588945,1874.2773173442465
2013-12-20 19:10:00+01:00,5059,AR,1644.7550446169173,1871.685657321083
2013-12-20 19:20:00+01:00,5059,AR,1486.1348619484104,1726.3909172302672
2013-12-20 19:30:00+01:00,5059,AR,1693.2423371645768,1635.741106378616
2013-12-20 19:40:00+01:00,5059,AR,1344.2494543511586,1594.7258472125968
2013-12-20 19:50:00+01:00,5059,AR,1241.1987143421502,1451.368905969879
2013-12-20 20:00:00+01:00,5059,AR,1227.981224743059,1341.6176166603443
2013-12-20 20:10:00+01:00,5059,AR,1140.507265566108,1229.8409531153256
2013-12-20 20:20:00+01:00,5059,AR,1019.1906659236164,1125.1558038998412
2013-12-20 20:30:00+01:00,5059,AR,927.6131155380868,1054.914803655974
2013-12-20 20:40:00+01:00,5059,AR,860.2623552924944,937.7738282375316
2013-12-20 20:50:00+01:00,5059,AR,789.0068819818955,846.8328281715051
2013-12-20 21:00:00+01:00,5059,AR,744.620248807567,794.2766671852075
2013-12-20 21:10:00+01:00,5059,AR,782.2458984950423,752.4292202137165
2013-12-20 21:20:00+01:00,5059,AR,736.7810587058777,738.3910325495688
2013-12-20 21:30:00+01:00,5059,AR,696.8599239457909,732.2091063079561
2013-12-20 21:40:00+01:00,5059,AR,733.6608564436095,721.026616955489
2013-12-20 21:50:00+01:00,5059,AR,721.8334867280132,722.8565991819938
2013-12-20 22:00:00+01:00,5059,AR,662.1285390868957,709.026349167475
2013-12-20 22:10:00+01:00,5059,AR,703.3141856360395,677.058823408825
2013-12-20 22:20:00+01:00,5059,AR,637.8367016450036,703.6631017007237
2013-12-20 22:30:00+01:00,5059,AR,693.2207686464012,674.9512718096546
2013-12-20 22:40:00+01:00,5059,AR,601.3870091669738,695.9403517833446
2013-12-20 22:50:00+01:00,5059,AR,664.3227327647204,655.5776553025391
2013-12-20 23:00:00+01:00,5059,AR,564.037425103182,653.4589800718032
2013-12-20 23:10:00+01:00,5059,AR,487.86608792561753,614.7226843478226
2013-12-20 23:20:00+01:00,5059,AR,539.5644707546805,566.4207426200475
2013-12-20 23:30:00+01:00,5059,AR,738.7418686016814,555.1163215421905
2013-12-20 23:40:00+01:00,5059,AR,1177.4382281359135,629.4985830878198
2013-12-20 23:50:00+01:00,5059,AR,832.1245890698235,876.2562464626669
2013-12-21 00:00:00+01:00,5059,AR,696.6467983525015,821.1239021645808
2013-12-21 00:10:00+01:00,5059,AR,505.4170073563016,743.582001597579
2013-12-21 00:20:00+01:00,5059,AR,790.2081757245131,625.4041966624802
2013-12-21 00:30:00+01:00,5059,AR,458.1687248772535,720.0154500044399
2013-12-21 00:40:00+01:00,5059,AR,404.180004582827,605.5621158157239
2013-12-21 00:50:00+01:00,5059,AR,392.9789887735571,493.9339440070419
2013-12-21 01:00:00+01:00,5059,AR,361.3630793424876,438.3239566945377
2013-12-21 01:10:00+01:00,5059,AR,361.5744809748782,398.0996859707042
2013-12-21 01:20:00+01:00,5059,AR,322.63081483554737,374.84931525660255
2013-12-21 01:30:00+01:00,5059,AR,308.5506185666257,285.99391949861524
2013-12-21 01:40:00+01:00,5059,AR,308.66303439872377,270.27332298720614
2013-12-21 01:50:00+01:00,5059,AR,316.962483172886,297.5240646563005
2013-12-21 02:00:00+01:00,5059,AR,297.18680753531356,296.43275340432103
2013-12-21 02:10:00+01:00,5059,AR,320.12656750925487,295.79508006814933
2013-12-21 02:20:00+01:00,5059,AR,315.64931870746796,304.7251478811428
2013-12-21 02:30:00+01:00,5059,AR,277.50320233929483,317.43800715343633
2013-12-21 02:40:00+01:00,5059,AR,282.77679816256216,309.608040402204
2013-12-21 02:50:00+01:00,5059,AR,296.1383101916275,301.13822914105094
2013-12-21 03:00:00+01:00,5059,AR,279.4826319466248,298.83826024726676
2013-12-21 03:10:00+01:00,5059,AR,274.2796422617979,304.99924428928637
2013-12-21 03:20:00+01:00,5059,AR,257.2602055796141,300.8216209417705
2013-12-21 03:30:00+01:00,5059,AR,250.5474186164625,282.95401115684257
2013-12-21 03:40:00+01:00,5059,AR,319.1932872568903,283.9341798107446
2013-12-21 03:50:00+01:00,5059,AR,255.3902118603548,313.6268750512626
2013-12-21 04:00:00+01:00,5059,AR,269.69435766780987,287.099833268326
2013-12-21 04:10:00+01:00,5059,AR,265.03292137537954,289.65246940022723
2013-12-21 04:20:00+01:00,5059,AR,273.5162230814001,295.2759166702156
2013-12-21 04:30:00+01:00,5059,AR,287.65330372374115,301.5768087083242
2013-12-21 04:40:00+01:00,5059,AR,283.76548092099694,307.92408845145474
2013-12-21 04:50:00+01:00,5059,AR,275.0704351487774,300.1885381892967
2013-12-21 05:00:00+01:00,5059,AR,292.8203879967106,297.21818367078856
2013-12-21 05:10:00+01:00,5059,AR,332.54619124623844,308.5584113605975
2013-12-21 05:20:00+01:00,5059,AR,310.369818092148,330.9868113396618
2013-12-21 05:30:00+01:00,5059,AR,288.3950255913151,325.92061820733267
2013-12-21 05:40:00+01:00,5059,AR,300.3631437786233,316.2246184052256
2013-12-21 05:50:00+01:00,5059,AR,302.14235877027255,317.7707825939153
2013-12-21 06:00:00+01:00,5059,AR,321.63304877541,320.56645862460647
2013-12-21 06:10:00+01:00,5059,AR,279.6580430774795,337.87794434955265
2013-12-21 06:20:00+01:00,5059,AR,313.6888987958482,312.04106089149207
2013-12-21 06:30:00+01:00,5059,AR,313.98742913939645,320.05360627789946
2013-12-21 06:40:00+01:00,5059,AR,310.8487630841893,333.5128109917989
2013-12-21 06:50:00+01:00,5059,AR,316.012619031496,331.1817439229782
2013-12-21 07:00:00+01:00,5059,AR,323.7438542590177,341.35276870195923
2013-12-21 07:10:00+01:00,5059,AR,301.79507497796254,343.49013456187646
2013-12-21 07:20:00+01:00,5059,AR,326.47912217084314,347.11739144002047
2013-12-21 07:30:00+01:00,5059,AR,342.9215768879711,349.71738660012426
2013-12-21 07:40:00+01:00,5059,AR,296.918470004137,369.43424284714513
2013-12-21 07:50:00+01:00,5059,AR,335.83933339024156,373.6801306103725
2013-12-21 08:00:00+01:00,5059,AR,374.4425241337799,387.26367101580735
2013-12-21 08:10:00+01:00,5059,AR,345.98759236029895,418.7760726281274
2013-12-21 08:20:00+01:00,5059,AR,423.2761378946721,426.9846075919577
2013-12-21 08:30:00+01:00,5059,AR,409.35818693374944,456.8298655167215
2013-12-21 08:40:00+01:00,5059,AR,468.2277099289084,469.72955569334687
2013-12-21 08:50:00+01:00,5059,AR,520.4716139397609,524.318517794242
2013-12-21 09:00:00+01:00,5059,AR,583.5124224347431,580.40214053594
2013-12-21 09:10:00+01:00,5059,AR,506.61740576856255,635.1736817284658
2013-12-21 09:20:00+01:00,5059,AR,730.4026707019392,632.9689187828126
2013-12-21 09:30:00+01:00,5059,AR,708.8068203368907,742.2649977372663
2013-12-21 09:40:00+01:00,5059,AR,748.758763941742,782.4073098503666
2013-12-21 09:50:00+01:00,5059,AR,776.958457059839,860.8801149191556
2013-12-21 10:00:00+01:00,5059,AR,834.7816330459577,895.5972138811916
2013-12-21 10:10:00+01:00,5059,AR,927.0139428925676,948.4513479679862
2013-12-21 10:20:00+01:00,5059,AR,1075.7582676411378,1039.3476305547167
2013-12-21 10:30:00+01:00,5059,AR,1118.0957235366943,1125.9347446970594
2013-12-21 10:40:00+01:00,5059,AR,1275.78283072255,1214.785257932708
2013-12-21 10:50:00+01:00,5059,AR,1225.114013786912,1360.5039590632412
2013-12-21 11:00:00+01:00,5059,AR,1428.2644801986223,1400.6344317896132
2013-12-21 11:10:00+01:00,5059,AR,1449.5227988055815,1522.5867970693118
2013-12-21 11:20:00+01:00,5059,AR,1457.4512375312793,1595.5052861250197
2013-12-21 11:30:00+01:00,5059,AR,1642.2818841160702,1665.844253796029
2013-12-21 11:40:00+01:00,5059,AR,1650.583984321538,1740.1976200034355
2013-12-21 11:50:00+01:00,5059,AR,1815.624090490248,1819.5548662624255
2013-12-21 12:00:00+01:00,5059,AR,1969.3022113096697,1960.396848878997
2013-12-21 12:10:00+01:00,5059,AR,1965.2987969933545,2061.8310248217995
2013-12-21 12:20:00+01:00,5059,AR,2041.429052756648,2122.12995991564
2013-12-21 12:30:00+01:00,5059,AR,2129.975100508553,2195.832739411097
2013-12-21 12:40:00+01:00,5059,AR,2113.195746146977,2229.523920011274
2013-12-21 12:50:00+01:00,5059,AR,2121.88208903975,2315.14495592224
2013-12-21 13:00:00+01:00,5059,AR,2164.920437372808,2330.325575825913
2013-12-21 13:10:00+01:00,5059,AR,2325.1904733925903,2341.088722182096
2013-12-21 13:20:00+01:00,5059,AR,2355.1354274656605,2444.693496232379
2013-12-21 13:30:00+01:00,5059,AR,2386.169719685619,2472.928594056471
2013-12-21 13:40:00+01:00,5059,AR,2157.8718248859927,2534.682787923408
2013-12-21 13:50:00+01:00,5059,AR,2452.4161408036844,2435.243704119034
2013-12-21 14:00:00+01:00,5059,AR,2294.8981232228152,2533.7962144565045
2013-12-21 14:10:00+01:00,5059,AR,2495.482685549686,2528.3550090552258
2013-12-21 14:20:00+01:00,5059,AR,2569.293698796655,2579.964162426417
2013-12-21 14:30:00+01:00,5059,AR,2397.1415955866864,2637.108440548278
2013-12-21 14:40:00+01:00,5059,AR,2213.513618410191,2585.0143098756935
2013-12-21 14:50:00+01:00,5059,AR,2490.4224224505124,2524.04106219212
2013-12-21 15:00:00+01:00,5059,AR,2579.465554229899,2523.3001580000623
2013-12-21 15:10:00+01:00,5059,AR,2429.4550315029883,2604.073025067155
2013-12-21 15:20:00+01:00,5059,AR,2475.5438197314447,2594.4743775369498
2013-12-21 15:30:00+01:00,5059,AR,2627.731778682969,2589.113238576807
2013-12-21 15:40:00+01:00,5059,AR,2615.487556466842,2661.505810015199
2013-12-21 15:50:00+01:00,5059,AR,2511.203744927034,2664.270913976562
2013-12-21 16:00:00+01:00,5059,AR,2755.580728222209,2701.0319867285284
2013-12-21 16:10:00+01:00,5059,AR,2681.335273491005,2698.2285372247406
2013-12-21 16:20:00+01:00,5059,AR,2624.820788477209,2775.622171380167
2013-12-21 16:30:00+01:00,5059,AR,2838.9737218283976,2737.357407791879
2013-12-21 16:40:00+01:00,5059,AR,2782.5342073262636,2841.511031724625
2013-12-21 16:50:00+01:00,5059,AR,2546.9558334697927,2812.0659949703804
2013-12-21 17:00:00+01:00,5059,AR,2749.619216672935,2726.990628403425
2013-12-21 17:10:00+01:00,5059,AR,2715.9995497311984,2748.6994859255237
2013-12-21 17:20:00+01:00,5059,AR,2544.212649289884,2720.733024382408
2013-12-21 17:30:00+01:00,5059,AR,2755.392289210746,2639.1794399359
2013-12-21 17:40:00+01:00,5059,AR,2733.138698649621,2699.003900159577
2013-12-21 17:50:00+01:00,5059,AR,2625.954980778301,2648.119109229899
2013-12-21 18:00:00+01:00,5059,AR,2288.752105761026,2655.5590424307284
2013-12-21 18:10:00+01:00,5059,AR,2231.908150630958,2464.51871111496
2013-12-21 18:20:00+01:00,5059,AR,2133.0560700171113,2341.109378409385
2013-12-21 18:30:00+01:00,5059,AR,2152.113357818747,2294.2900120589716
2013-12-21 18:40:00+01:00,5059,AR,1993.870969255997,2245.8437485631566
2013-12-21 18:50:00+01:00,5059,AR,1951.8522228049544,2104.2691681526517
2013-12-21 19:00:00+01:00,5059,AR,1813.9456247719977,2004.682418585344
2013-12-21 19:10:00+01:00,5059,AR,1655.682457770184,1907.962544097382
2013-12-21 19:20:00+01:00,5059,AR,1597.5038821789983,1737.393498221256
2013-12-21 19:30:00+01:00,5059,AR,1325.428572246081,1671.2025440927723
2013-12-21 19:40:00+01:00,5059,AR,1457.4199301408544,1476.9665879686927
2013-12-21 19:50:00+01:00,5059,AR,1450.1373393755623,1483.2214500357982
2013-12-21 20:00:00+01:00,5059,AR,1219.9036467766934,1469.072035554707
2013-12-21 20:10:00+01:00,5059,AR,1292.191702801296,1338.213776247576
2013-12-21 20:20:00+01:00,5059,AR,1162.7395183121157,1287.1827073205543
2013-12-21 20:30:00+01:00,5059,AR,1148.6571509839123,1166.873673488588
2013-12-21 20:40:00+01:00,5059,AR,1033.7630369467995,1158.1937078795474
2013-12-21 20:50:00+01:00,5059,AR,946.2925631434156,1085.0147292689094
2013-12-21 21:00:00+01:00,5059,AR,943.5212992022794,989.6342739587276
2013-12-21 21:10:00+01:00,5059,AR,952.7126237258566,990.1775806227156
2013-12-21 21:20:00+01:00,5059,AR,890.1042880755691,977.31873535273
2013-12-21 21:30:00+01:00,5059,AR,913.2415029214424,898.8896869059283
2013-12-21 21:40:00+01:00,5059,AR,859.0974896130027,882.1481784173988
2013-12-21 21:50:00+01:00,5059,AR,780.5531538602319,848.9737203199065
2013-12-21 22:00:00+01:00,5059,AR,788.2426380564108,799.4053839479683
2013-12-21 22:10:00+01:00,5059,AR,706.0111943347817,794.371288236593
2013-12-21 22:20:00+01:00,5059,AR,683.720385125667,729.6262961135822
2013-12-21 22:30:00+01:00,5059,AR,653.2257902519702,726.2378506265852
2013-12-21 22:40:00+01:00,5059,AR,590.1951788206926,682.5606375854052
2013-12-21 22:50:00+01:00,5059,AR,508.7833081277942,631.1246208865891
2013-12-21 23:00:00+01:00,5059,AR,559.7362623338194,577.8267921876754
2013-12-21 23:10:00+01:00,5059,AR,489.1153815959461,559.3306537593364
2013-12-21 23:20:00+01:00,5059,AR,517.4391731768401,524.4131677786686
2013-12-21 23:30:00+01:00,5059,AR,570.5881804581738,542.8603649325526
2013-12-21 23:40:00+01:00,5059,AR,525.5759387678265,604.8573967983584
2013-12-21 23:50:00+01:00,5059,AR,463.4318768975877,556.651416131091
2013-12-22 00:00:00+01:00,5059,AR,485.2741227358194,522.8500892894235
2013-12-22 00:10:00+01:00,5059,AR,469.7986701249669,493.39423954964593
2013-12-22 00:20:00+01:00,5059,AR,406.7675352334708,510.531771720318
2013-12-22 00:30:00+01:00,5059,AR,498.5281362522783,454.2098466741472
2013-12-22 00:40:00+01:00,5059,AR,419.4829737261513,475.0595090546259
2013-12-22 00:50:00+01:00,5059,AR,313.36543535485157,447.03835947090226
2013-12-22 01:00:00+01:00,5059,AR,311.2208008242395,383.5467907122078
2013-12-22 01:10:00+01:00,5059,AR,285.2769293759354,350.2106334956035
2013-12-22 01:20:00+01:00,5059,AR,287.1130974363921,311.0735665662919
2013-12-22 01:30:00+01:00,5059,AR,288.1645881347529,305.63992933774506
2013-12-22 01:40:00+01:00,5059,AR,265.65384787143427,297.84476981150465
2013-12-22 01:50:00+01:00,5059,AR,327.46785882066564,277.7710233100737
2013-12-22 02:00:00+01:00,5059,AR,274.2746457073946,302.7984498447923
2013-12-22 02:10:00+01:00,5059,AR,263.7229004501788,290.3449996061262
2013-12-22 02:20:00+01:00,5059,AR,257.93139545250136,282.40239961460463
2013-12-22 02:30:00+01:00,5059,AR,210.99528951371903,270.28981218562063
2013-12-22 02:40:00+01:00,5059,AR,235.3851861644892,252.4641297853978
2013-12-22 02:50:00+01:00,5059,AR,244.28406511376463,268.1851132825357
2013-12-22 03:00:00+01:00,5059,AR,207.78161969311412,258.51786020991716
2013-12-22 03:10:00+01:00,5059,AR,191.04721561606692,244.0093767796431
2013-12-22 03:20:00+01:00,5059,AR,239.08790421682912,238.70311936789548
2013-12-22 03:30:00+01:00,5059,AR,235.65778299775752,241.52227352352895
2013-12-22 03:40:00+01:00,5059,AR,192.7590164378298,254.91710959771797
2013-12-22 03:50:00+01:00,5059,AR,211.66522254048812,241.1298124068142
2013-12-22 04:00:00+01:00,5059,AR,198.14498083578223,234.41223374537577
2013-12-22 04:10:00+01:00,5059,AR,188.68126472202889,232.9474945383999
2013-12-22 04:20:00+01:00,5059,AR,197.03189458565475,236.7718301160233
2013-12-22 04:30:00+01:00,5059,AR,207.60875226614704,228.2451300190748
2013-12-22 04:40:00+01:00,5059,AR,194.52624481075372,233.56440647428667
2013-12-22 04:50:00+01:00,5059,AR,199.42442852212247,236.0231251521261
2013-12-22 05:00:00+01:00,5059,AR,191.96487118811712,229.1722680528444
2013-12-22 05:10:00+01:00,5059,AR,184.78975548405063,233.66262139327503
2013-12-22 05:20:00+01:00,5059,AR,202.4455631068451,228.8129544219634
2013-12-22 05:30:00+01:00,5059,AR,188.96750227212567,229.50683082316917
2013-12-22 05:40:00+01:00,5059,AR,196.66335017015635,228.2297218782257
2013-12-22 05:50:00+01:00,5059,AR,218.43880114155652,235.1946003389286
2013-12-22 06:00:00+01:00,5059,AR,204.2862255757433,240.8118985719377
2013-12-22 06:10:00+01:00,5059,AR,204.22127119083729,242.4327315360476
2013-12-22 06:20:00+01:00,5059,AR,212.75473150049305,248.2420107445867
2013-12-22 06:30:00+01:00,5059,AR,201.71213416432457,242.5327615881436
2013-12-22 06:40:00+01:00,5059,AR,182.2608393858939,243.67980845126323
2013-12-22 06:50:00+01:00,5059,AR,215.85309176023844,241.33894282711236
2013-12-22 07:00:00+01:00,5059,AR,209.48022861129783,244.4853997177434
2013-12-22 07:10:00+01:00,5059,AR,202.72679324680985,251.17172603573312
2013-12-22 07:20:00+01:00,5059,AR,241.69568393787728,250.64878996959945
2013-12-22 07:30:00+01:00,5059,AR,212.70930709149425,274.98554077314463
2013-12-22 07:40:00+01:00,5059,AR,195.1311476488756,283.9715135950345
2013-12-22 07:50:00+01:00,5059,AR,250.3366115453922,263.4930313564435
2013-12-22 08:00:00+01:00,5059,AR,234.88384368845,284.0149215257362
2013-12-22 08:10:00+01:00,5059,AR,237.84228777449152,290.22317807258923
2013-12-22 08:20:00+01:00,5059,AR,284.89967062812855,304.01241507559644
2013-12-22 08:30:00+01:00,5059,AR,271.1842710479676,324.08394631636645
2013-12-22 08:40:00+01:00,5059,AR,261.9084632819213,334.18577398513884
2013-12-22 08:50:00+01:00,5059,AR,294.08462966525536,345.52536130648116
2013-12-22 09:00:00+01:00,5059,AR,349.03415157397745,359.34843127040955
2013-12-22 09:10:00+01:00,5059,AR,349.0551269253957,387.0421020053751
2013-12-22 09:20:00+01:00,5059,AR,378.0785075419979,433.17441257932967
2013-12-22 09:30:00+01:00,5059,AR,424.978015977355,453.5169427111173
2013-12-22 09:40:00+01:00,5059,AR,469.05362333895664,488.6903410738557
2013-12-22 09:50:00+01:00,5059,AR,553.5082173000166,559.113852948736
2013-12-22 10:00:00+01:00,5059,AR,689.4640303827067,607.8881471845098
2013-12-22 10:10:00+01:00,5059,AR,631.2228099903323,720.3236743259831
2013-12-22 10:20:00+01:00,5059,AR,707.7872588440464,761.7102592478684
2013-12-22 10:30:00+01:00,5059,AR,766.1703882051784,814.1208918756595
2013-12-22 10:40:00+01:00,5059,AR,803.8872406256111,900.210352947023
2013-12-22 10:50:00+01:00,5059,AR,971.2717553509528,945.4641695183826
2013-12-22 11:00:00+01:00,5059,AR,1046.3397378106597,1065.0826085614317
2013-12-22 11:10:00+01:00,5059,AR,1230.150878338549,1165.2999391578817
2013-12-22 11:20:00+01:00,5059,AR,1127.9285123618542,1300.4589054094383
2013-12-22 11:30:00+01:00,5059,AR,1449.8252432075024,1316.553389361806
2013-12-22 11:40:00+01:00,5059,AR,1383.4528775203491,1481.067102682398
2013-12-22 11:50:00+01:00,5059,AR,1643.2719876138165,1538.7724849357978
2013-12-22 12:00:00+01:00,5059,AR,1733.9001619720027,1705.3536846660695
2013-12-22 12:10:00+01:00,5059,AR,1675.901197522778,1828.6631631371015
2013-12-22 12:20:00+01:00,5059,AR,1833.24241029612,1858.458582726228
2013-12-22 12:30:00+01:00,5059,AR,1764.016121224312,1947.5757924409208
2013-12-22 12:40:00+01:00,5059,AR,2001.0840532715697,1931.3003124502789
2013-12-22 12:50:00+01:00,5059,AR,1983.3840196166277,2099.428916826773
2013-12-22 13:00:00+01:00,5059,AR,2070.590497311268,2143.65282122711
2013-12-22 13:10:00+01:00,5059,AR,2207.3521651652018,2198.8932680031216
2013-12-22 13:20:00+01:00,5059,AR,2090.542334964311,2277.636505187099
2013-12-22 13:30:00+01:00,5059,AR,1998.656231994664,2225.2438720371747
2013-12-22 13:40:00+01:00,5059,AR,2118.2162342092574,2172.908973970453
2013-12-22 13:50:00+01:00,5059,AR,2046.2310710816632,2208.909580809592
2013-12-22 14:00:00+01:00,5059,AR,2005.1089368734376,2216.182266747712
2013-12-22 14:10:00+01:00,5059,AR,2134.599187877855,2194.159239045911
2013-12-22 14:20:00+01:00,5059,AR,2146.133726180325,2235.770709681905
2013-12-22 14:30:00+01:00,5059,AR,2083.603607826776,2222.3303155917265
2013-12-22 14:40:00+01:00,5059,AR,2265.521280624695,2206.434595907444
2013-12-22 14:50:00+01:00,5059,AR,2261.104094533786,2284.0450911908797
2013-12-22 15:00:00+01:00,5059,AR,2310.0314756094363,2305.2503413963436
2013-12-22 15:10:00+01:00,5059,AR,2401.240861408792,2362.1975684668114
2013-12-22 15:20:00+01:00,5059,AR,2304.6191588951147,2446.2561665630983
2013-12-22 15:30:00+01:00,5059,AR,2281.7643829912877,2451.2623072006163
2013-12-22 15:40:00+01:00,5059,AR,2348.8731711906944,2444.821807167117
2013-12-22 15:50:00+01:00,5059,AR,2395.825975823637,2457.0404626407494
2013-12-22 16:00:00+01:00,5059,AR,2172.3371864192545,2524.4644643090287
2013-12-22 16:10:00+01:00,5059,AR,2329.111973580378,2418.4518204364117
2013-12-22 16:20:00+01:00,5059,AR,2651.8509155766255,2431.7660593979513
2013-12-22 16:30:00+01:00,5059,AR,2556.071906126393,2612.725456088658
2013-12-22 16:40:00+01:00,5059,AR,2471.2009086606076,2674.884778284398
2013-12-22 16:50:00+01:00,5059,AR,2486.2011773419395,2567.474654720082
2013-12-22 17:00:00+01:00,5059,AR,2402.3154583594815,2577.5926845937
2013-12-22 17:10:00+01:00,5059,AR,2440.9217081260927,2522.0061325219376
2013-12-22 17:20:00+01:00,5059,AR,2260.968178587986,2527.302212561927
2013-12-22 17:30:00+01:00,5059,AR,2325.2428465410244,2445.132722796556
2013-12-22 17:40:00+01:00,5059,AR,2008.163276809019,2470.9627963840685
2013-12-22 17:50:00+01:00,5059,AR,2312.854559050513,2282.8543312865586
2013-12-22 18:00:00+01:00,5059,AR,1884.452834826,2315.4143724981477
2013-12-22 18:10:00+01:00,5059,AR,2071.2512369688743,2126.8764123953
2013-12-22 18:20:00+01:00,5059,AR,1986.6574873268737,2106.2953171361964
2013-12-22 18:30:00+01:00,5059,AR,1833.1049849331396,2070.610125118179
2013-12-22 18:40:00+01:00,5059,AR,1691.1321556824853,1935.5383378923475
2013-12-22 18:50:00+01:00,5059,AR,1681.0177891329374,1865.7794505497577
2013-12-22 19:00:00+01:00,5059,AR,1457.5157131782094,1762.6973310774156
2013-12-22 19:10:00+01:00,5059,AR,1255.7268027408024,1638.973325017203
2013-12-22 19:20:00+01:00,5059,AR,1255.9373055745234,1445.9759008417898
2013-12-22 19:30:00+01:00,5059,AR,1104.201731118355,1303.7704189680244
2013-12-22 19:40:00+01:00,5059,AR,929.8861179876608,1212.046487782687
2013-12-22 19:50:00+01:00,5059,AR,896.4365406331452,1061.780653587272
2013-12-22 20:00:00+01:00,5059,AR,807.0841135528798,966.9853466508126
2013-12-22 20:10:00+01:00,5059,AR,1002.887214703369,870.9980825108842
2013-12-22 20:20:00+01:00,5059,AR,794.0688955845468,923.8809688297204
2013-12-22 20:30:00+01:00,5059,AR,773.2915473142456,833.691713573102
2013-12-22 20:40:00+01:00,5059,AR,666.1854757902189,784.0043314694664
2013-12-22 20:50:00+01:00,5059,AR,663.6101968280295,716.5226140804375
2013-12-22 21:00:00+01:00,5059,AR,622.5816799868818,687.3412108205152
2013-12-22 21:10:00+01:00,5059,AR,596.7989406741705,682.8851754335028
2013-12-22 21:20:00+01:00,5059,AR,650.9452692968117,622.9425075815378
2013-12-22 21:30:00+01:00,5059,AR,500.1367460087596,636.2556710824629
2013-12-22 21:40:00+01:00,5059,AR,519.0877109988569,587.9110678059496
2013-12-22 21:50:00+01:00,5059,AR,522.9897592793978,559.9375955329584
2013-12-22 22:00:00+01:00,5059,AR,535.3906570664624,537.134609454766
2013-12-22 22:10:00+01:00,5059,AR,484.1563505064594,549.1911359261355
2013-12-22 22:20:00+01:00,5059,AR,455.8810415951838,526.0113122821883
2013-12-22 22:30:00+01:00,5059,AR,444.8541354743016,503.11386103948337
2013-12-22 22:40:00+01:00,5059,AR,423.22686580721177,494.9498055924536
2013-12-22 22:50:00+01:00,5059,AR,406.41707764769137,474.0427602897164
2013-12-22 23:00:00+01:00,5059,AR,471.2686510180205,448.5769172862982
2013-12-22 23:10:00+01:00,5059,AR,413.9503036024784,462.4903987095864
2013-12-22 23:20:00+01:00,5059,AR,342.5726055687035,443.8649943988232
2013-12-22 23:30:00+01:00,5059,AR,381.977035666582,413.40172145975066
2013-12-22 23:40:00+01:00,5059,AR,298.5262865761017,407.89941191312903
2013-12-22 23:50:00+01:00,5059,AR,353.7261024058185,364.439472518063
2013-12-16 00:00:00+01:00,5059,LSTM,441.6725387665731,493.84491438761074
2013-12-16 00:10:00+01:00,5059,LSTM,419.49041528382577,470.1731330536637
2013-12-16 00:20:00+01:00,5059,LSTM,459.4759049067087,447.9473713131431
2013-12-16 00:30:00+01:00,5059,LSTM,376.8823048431117,443.86737213143306
2013-12-16 00:40:00+01:00,5059,LSTM,393.0608605080296,417.0674632109491
2013-12-16 00:50:00+01:00,5059,LSTM,399.1571001657554,403.68443881244696
2013-12-16 01:00:00+01:00,5059,LSTM,285.9407664564146,395.9283142110148
2013-12-16 01:10:00+01:00,5059,LSTM,386.7355218249948,357.6100188451028
2013-12-16 01:20:00+01:00,5059,LSTM,393.296539586972,361.5234565243942
2013-12-16 01:30:00+01:00,5059,LSTM,306.3335072001558,365.544244199296
2013-12-16 01:40:00+01:00,5059,LSTM,378.2484004153213,342.1687535155579
2013-12-16 01:50:00+01:00,5059,LSTM,379.74502252970893,348.3606686261161
2013-12-16 02:00:00+01:00,5059,LSTM,313.5632328880981,352.50908740329123
2013-12-16 02:10:00+01:00,5059,LSTM,363.4713123238246,334.4887413431527
2013-12-16 02:20:00+01:00,5059,LSTM,355.7602796198967,338.0515723049664
2013-12-16 02:30:00+01:00,5059,LSTM,261.89466057185257,337.65049593700087
2013-12-16 02:40:00+01:00,5059,LSTM,322.91936757633425,307.0192645075922
2013-12-16 02:50:00+01:00,5059,LSTM,333.58017406577545,306.3657233291028
2013-12-16 03:00:00+01:00,5059,LSTM,266.32869490039195,309.4419242890983
2013-12-16 03:10:00+01:00,5059,LSTM,306.63854388386204,289.9140159670401
2013-12-16 03:20:00+01:00,5059,LSTM,328.37100714127087,290.8157093069358
2013-12-16 03:30:00+01:00,5059,LSTM,275.8580978670476,299.22817248087995
2013-12-16 03:40:00+01:00,5059,LSTM,306.56317236022716,287.8648082875279
2013-12-16 03:50:00+01:00,5059,LSTM,331.55371805432645,291.40211302888724
2013-12-16 04:00:00+01:00,5059,LSTM,273.4202255489737,303.04638220532433
2013-12-16 04:10:00+01:00,5059,LSTM,283.75246291982995,291.3008240536585
2013-12-16 04:20:00+01:00,5059,LSTM,342.66170278871607,287.4242187289958
2013-12-16 04:30:00+01:00,5059,LSTM,282.18365589953703,306.20697121832995
2013-12-16 04:40:00+01:00,5059,LSTM,295.6934296526563,298.1315940240884
2013-12-16 04:50:00+01:00,5059,LSTM,306.7182548132408,298.23090151188467
2013-12-16 05:00:00+01:00,5059,LSTM,245.58019697216963,302.61873059414575
2013-12-16 05:10:00+01:00,5059,LSTM,309.10986637057545,283.5992486356638
2013-12-16 05:20:00+01:00,5059,LSTM,342.490593236014,294.3421741464581
2013-12-16 05:30:00+01:00,5059,LSTM,240.64575308097463,315.03741168245824
2013-12-16 05:40:00+01:00,5059,LSTM,299.02037084347774,292.3587052264729
2013-12-16 05:50:00+01:00,5059,LSTM,351.9967792221596,298.94318796484504
2013-12-16 06:00:00+01:00,5059,LSTM,318.0458167482725,323.91832179707467
2013-12-16 06:10:00+01:00,5059,LSTM,378.69785820703055,329.7751324153628
2013-12-16 06:20:00+01:00,5059,LSTM,356.13886639485304,358.6065904655925
2013-12-16 06:30:00+01:00,5059,LSTM,384.46633147707297,370.86290614251993
2013-12-16 06:40:00+01:00,5059,LSTM,370.89132559613466,391.4079585869411
2013-12-16 06:50:00+01:00,5059,LSTM,362.32769035216023,400.5283955647278
2013-12-16 07:00:00+01:00,5059,LSTM,336.92128380732976,403.1633658967278
2013-12-16 07:10:00+01:00,5059,LSTM,390.6144581824979,393.72268558241535
2013-12-16 07:20:00+01:00,5059,LSTM,425.8382286992491,408.14558292971265
2013-12-16 07:30:00+01:00,5059,LSTM,418.4413674571804,433.28314045236925
2013-12-16 07:40:00+01:00,5059,LSTM,511.0615017757163,449.4769630529894
2013-12-16 07:50:00+01:00,5059,LSTM,629.2299889608491,501.47364100293805
2013-12-16 08:00:00+01:00,5059,LSTM,653.419972662619,593.0546682301157
2013-12-16 08:10:00+01:00,5059,LSTM,761.4895306529207,675.3798179855875
2013-12-16 08:20:00+01:00,5059,LSTM,882.3408557329337,787.5420306633093
2013-12-16 08:30:00+01:00,5059,LSTM,1032.5480154691932,926.1297094158048
2013-12-16 08:40:00+01:00,5059,LSTM,1124.125876493059,1093.5380645957352
2013-12-16 08:50:00+01:00,5059,LSTM,1236.5491552768226,1245.3575044928743
2013-12-16 09:00:00+01:00,5059,LSTM,1481.2483909765651,1383.6863095614312
2013-12-16 09:10:00+01:00,5059,LSTM,1428.5942554346066,1558.0590084551425
2013-12-16 09:20:00+01:00,5059,LSTM,1552.4650535565054,1624.8689659161223
2013-12-16 09:30:00+01:00,5059,LSTM,1488.8284904615916,1706.02154134386
2013-12-16 09:40:00+01:00,5059,LSTM,1661.2596823819515,1725.0777390988865
2013-12-16 09:50:00+01:00,5059,LSTM,1617.414776096788,1809.364357435938
2013-12-16 10:00:00+01:00,5059,LSTM,1664.4840883146094,1845.400678628055
2013-12-16 10:10:00+01:00,5059,LSTM,1834.075638372144,1892.816536447716
2013-12-16 10:20:00+01:00,5059,LSTM,1817.0441776232783,1989.9047000403789
2013-12-16 10:30:00+01:00,5059,LSTM,1880.4312970343108,2040.4076861404355
2013-12-16 10:40:00+01:00,5059,LSTM,1992.1697363602789,2095.8247027941807
2013-12-16 10:50:00+01:00,5059,LSTM,2007.4949602449497,2168.7594670487015
2013-12-16 11:00:00+01:00,5059,LSTM,1981.7074641247889,2214.1154812636614
2013-12-16 11:10:00+01:00,5059,LSTM,2184.5686410448006,2229.7145079602624
2013-12-16 11:20:00+01:00,5059,LSTM,1968.1713742581944,2314.5175077501417
2013-12-16 11:30:00+01:00,5059,LSTM,2176.266775865215,2277.6350914243244
2013-12-16 11:40:00+01:00,5059,LSTM,2058.1229052355707,2339.7004646466203
2013-12-16 11:50:00+01:00,5059,LSTM,2211.9333262362734,2326.392561933429
2013-12-16 12:00:00+01:00,5059,LSTM,2043.0377990933232,2380.4056364621683
2013-12-16 12:10:00+01:00,5059,LSTM,2347.74816271119,2342.318708893528
2013-12-16 12:20:00+01:00,5059,LSTM,2503.8299243594583,2442.4373826771534
2013-12-16 12:30:00+01:00,5059,LSTM,2471.3292853391326,2556.4614941929685
2013-12-16 12:40:00+01:00,5059,LSTM,2487.815930460633,2608.158151634012
2013-12-16 12:50:00+01:00,5059,LSTM,2553.48961623975,2644.6549355380293
2013-12-16 13:00:00+01:00,5059,LSTM,2654.522399457024,2690.5741584161706
2013-12-16 13:10:00+01:00,5059,LSTM,2750.895597413687,2753.793981184097
2013-12-16 13:20:00+01:00,5059,LSTM,2822.153904455857,2822.887515492531
2013-12-16 13:30:00+01:00,5059,LSTM,2701.687516107294,2884.256046208032
2013-12-16 13:40:00+01:00,5059,LSTM,2846.589256724722,2869.7097138494946
2013-12-16 13:50:00+01:00,5059,LSTM,2761.5703585379656,2911.9112000718305
2013-12-16 14:00:00+01:00,5059,LSTM,2679.148065901051,2897.68866607139
2013-12-16 14:10:00+01:00,5059,LSTM,2846.7756689086877,2852.58907964182
2013-12-16 14:20:00+01:00,5059,LSTM,2534.205600371043,2883.3557515651473
2013-12-16 14:30:00+01:00,5059,LSTM,2814.8188892515436,2773.23680210464
2013-12-16 14:40:00+01:00,5059,LSTM,2797.125311308921,2810.661038685176
2013-12-16 14:50:00+01:00,5059,LSTM,2632.959421623622,2816.7616888157527
2013-12-16 15:00:00+01:00,5059,LSTM,2719.924703757004,2750.124732691347
2013-12-16 15:10:00+01:00,5059,LSTM,2737.278112440232,2738.2196065223184
2013-12-16 15:20:00+01:00,5059,LSTM,2688.81290985091,2731.8564675859707
2013-12-16 15:30:00+01:00,5059,LSTM,2614.559472636618,2704.1551567208016
2013-12-16 15:40:00+01:00,5059,LSTM,2702.1267654006265,2654.9069183978877
2013-12-16 15:50:00+01:00,5059,LSTM,2748.7910676786073,2654.717861185205
2013-12-16 16:00:00+01:00,5059,LSTM,2634.2100876712684,2668.093717261525
2013-12-16 16:10:00+01:00,5059,LSTM,2628.354044509997,2629.7991414657617
2013-12-16 16:20:00+01:00,5059,LSTM,2626.011826086878,2601.903644832202
2013-12-16 16:30:00+01:00,5059,LSTM,2563.6244864271266,2582.3312113219536
2013-12-16 16:40:00+01:00,5059,LSTM,2649.9111487023065,2544.796594235616
2013-12-16 16:50:00+01:00,5059,LSTM,2494.1235893151947,2552.53173838188
2013-12-16 17:00:00+01:00,5059,LSTM,2457.8000642178854,2496.348643719285
2013-12-16 17:10:00+01:00,5059,LSTM,2545.859400423427,2445.772226026139
2013-12-16 17:20:00+01:00,5059,LSTM,2543.6948513579605,2447.0343169625908
2013-12-16 17:30:00+01:00,5059,LSTM,2322.1725360001783,2445.382222676179
2013-12-16 17:40:00+01:00,5059,LSTM,2663.596858680836,2356.235336201808
2013-12-16 17:50:00+01:00,5059,LSTM,2480.970142646152,2429.930117444798
2013-12-16 18:00:00+01:00,5059,LSTM,2258.54414797085,2407.188935855645
2013-12-16 18:10:00+01:00,5059,LSTM,2365.5016507021264,2303.449035509987
2013-12-16 18:20:00+01:00,5059,LSTM,2013.1089347497452,2279.5533460961615
2013-12-16 18:30:00+01:00,5059,LSTM,2151.99098130594,2122.4478513798726
2013-12-16 18:40:00+01:00,5059,LSTM,2143.1856515671607,2075.951141473226
2013-12-16 18:50:00+01:00,5059,LSTM,2088.398391827557,2040.6860268456671
2013-12-16 19:00:00+01:00,5059,LSTM,1917.8798018781015,1993.5771538804463
2013-12-16 19:10:00+01:00,5059,LSTM,1961.185337342552,1893.30304989145
2013-12-16 19:20:00+01:00,5059,LSTM,1886.3073602096135,1843.3292374939688
2013-12-16 19:30:00+01:00,5059,LSTM,1575.9322481543152,1781.2302955434036
2013-12-16 19:40:00+01:00,5059,LSTM,1596.140906193722,1622.1518512742346
2013-12-16 19:50:00+01:00,5059,LSTM,1528.1526324569584,1528.5159487306971
2013-12-16 20:00:00+01:00,5059,LSTM,1413.2109104033582,1446.1756172847497
2013-12-16 20:10:00+01:00,5059,LSTM,1425.4016165643163,1356.5754746662826
2013-12-16 20:20:00+01:00,5059,LSTM,1304.2977242065388,1305.9240500246906
2013-12-16 20:30:00+01:00,5059,LSTM,1109.7106750100438,1237.1782449060292
2013-12-16 20:40:00+01:00,5059,LSTM,1243.856441922239,1135.561318937465
2013-12-16 20:50:00+01:00,5059,LSTM,1135.4084771748796,1113.5229388871653
2013-12-16 21:00:00+01:00,5059,LSTM,1075.4207096583714,1069.2149275473787
2013-12-16 21:10:00+01:00,5059,LSTM,1103.355167560147,1024.6258946664225
2013-12-16 21:20:00+01:00,5059,LSTM,1062.017221915625,1004.7343542609696
2013-12-16 21:30:00+01:00,5059,LSTM,1051.479140841342,980.437297083968
2013-12-16 21:40:00+01:00,5059,LSTM,827.9389799564259,961.8394057162824
2013-12-16 21:50:00+01:00,5059,LSTM,939.1460965742586,885.0949404774685
2013-12-16 22:00:00+01:00,5059,LSTM,864.995672248864,866.9046235909466
2013-12-16 22:10:00+01:00,5059,LSTM,945.5177302733688,834.0522030286886
2013-12-16 22:20:00+01:00,5059,LSTM,929.395714017066,835.8836802067884
2013-12-16 22:30:00+01:00,5059,LSTM,795.0380190197917,832.7893544646892
2013-12-16 22:40:00+01:00,5059,LSTM,731.8589560220723,791.625817982758
2013-12-16 22:50:00+01:00,5059,LSTM,685.288815855492,745.9139519365289
2013-12-16 23:00:00+01:00,5059,LSTM,619.8266884619808,702.5151227935521
2013-12-16 23:10:00+01:00,5059,LSTM,686.6954130810061,656.1986116851838
2013-12-16 23:20:00+01:00,5059,LSTM,627.1446320568409,644.6805166349665
2013-12-16 23:30:00+01:00,5059,LSTM,526.6758506173609,620.8167641362304
2013-12-16 23:40:00+01:00,5059,LSTM,549.4768364454021,577.7905129096156
2013-12-16 23:50:00+01:00,5059,LSTM,507.3895435364328,555.7964686406193
2013-12-17 00:00:00+01:00,5059,LSTM,502.8286807423458,529.3860385587161
2013-12-17 00:10:00+01:00,5059,LSTM,557.6482611724833,510.65492130071254
2013-12-17 00:20:00+01:00,5059,LSTM,453.3353159675131,513.2726993152829
2013-12-17 00:30:00+01:00,5059,LSTM,434.28394169429663,485.2273089853554
2013-12-17 00:40:00+01:00,5059,LSTM,643.6172199691042,461.0584074220062
2013-12-17 00:50:00+01:00,5059,LSTM,377.2395966994458,504.7585974918575
2013-12-17 01:00:00+01:00,5059,LSTM,420.1350854590752,455.1235028872585
2013-12-17 01:10:00+01:00,5059,LSTM,382.494650507292,434.8131401455106
2013-12-17 01:20:00+01:00,5059,LSTM,372.3956152743011,409.06207914631034
2013-12-17 01:30:00+01:00,5059,LSTM,354.82898988216965,388.8306262276115
2013-12-17 01:40:00+01:00,5059,LSTM,326.9547645432907,370.2317441162098
2013-12-17 01:50:00+01:00,5059,LSTM,285.2414477412752,349.85529294068203
2013-12-17 02:00:00+01:00,5059,LSTM,307.27519402920944,324.2822161361587
2013-12-17 02:10:00+01:00,5059,LSTM,322.345479266642,314.19807691764595
2013-12-17 02:20:00+01:00,5059,LSTM,270.39794075247914,312.23384008156495
2013-12-17 02:30:00+01:00,5059,LSTM,287.36633304794833,295.51894456522564
2013-12-17 02:40:00+01:00,5059,LSTM,300.2383250001065,289.94863371806764
2013-12-17 02:50:00+01:00,5059,LSTM,249.70933426844925,290.23653218620916
2013-12-17 03:00:00+01:00,5059,LSTM,278.10530977032835,274.74852706487286
2013-12-17 03:10:00+01:00,5059,LSTM,289.595146634046,273.58014882817247
2013-12-17 03:20:00+01:00,5059,LSTM,263.24370845835017,276.46496141380044
2013-12-17 03:30:00+01:00,5059,LSTM,275.8496909249714,270.143317155452
2013-12-17 03:40:00+01:00,5059,LSTM,302.61842173686546,270.2754940230118
2013-12-17 03:50:00+01:00,5059,LSTM,267.3950472937171,279.4082861577308
2013-12-17 04:00:00+01:00,5059,LSTM,294.62832252065186,274.0540739988053
2013-12-17 04:10:00+01:00,5059,LSTM,295.6277383725996,280.00890996596263
2013-12-17 04:20:00+01:00,5059,LSTM,270.7768584842542,284.5685456644346
2013-12-17 04:30:00+01:00,5059,LSTM,253.19947630487815,279.3815943564334
2013-12-17 04:40:00+01:00,5059,LSTM,297.3525414221348,269.8554186873107
2013-12-17 04:50:00+01:00,5059,LSTM,271.64036748259394,279.0645563672251
2013-12-17 05:00:00+01:00,5059,LSTM,261.4262028395139,276.6951636302292
2013-12-17 05:10:00+01:00,5059,LSTM,315.23522032092023,272.095781625022
2013-12-17 05:20:00+01:00,5059,LSTM,340.9570770890191,288.8518221451077
2013-12-17 05:30:00+01:00,5059,LSTM,281.9102739037611,310.84609953027257
2013-12-17 05:40:00+01:00,5059,LSTM,331.34531317410733,305.27322440526063
2013-12-17 05:50:00+01:00,5059,LSTM,279.85925837392665,320.2416135869312
2013-12-17 06:00:00+01:00,5059,LSTM,283.45943171020843,311.1309674882232
2013-12-17 06:10:00+01:00,5059,LSTM,337.38725519775517,306.1351714384209
2013-12-17 06:20:00+01:00,5059,LSTM,331.4590497969239,323.1173346419864
2013-12-17 06:30:00+01:00,5059,LSTM,294.9102879553966,333.548816951617
2013-12-17 06:40:00+01:00,5059,LSTM,379.76586227408154,327.5303402704494
2013-12-17 06:50:00+01:00,5059,LSTM,342.5234368084959,356.7407286526336
2013-12-17 07:00:00+01:00,5059,LSTM,393.17277836607974,363.40074102961125
2013-12-17 07:10:00+01:00,5059,LSTM,446.573452671695,389.2249422266896
2013-12-17 07:20:00+01:00,5059,LSTM,479.67811511919246,430.215797906778
2013-12-17 07:30:00+01:00,5059,LSTM,454.89656750113545,475.1853055143054
2013-12-17 07:40:00+01:00,5059,LSTM,550.1102425744252,498.4510567617056
2013-12-17 07:50:00+01:00,5059,LSTM,753.2258738339543,556.2293070865478
2013-12-17 08:00:00+01:00,5059,LSTM,753.59560834568,689.77800501902
2013-12-17 08:10:00+01:00,5059,LSTM,825.6179043047689,793.7351696337523
2013-12-17 08:20:00+01:00,5059,LSTM,969.2273325847164,904.7107918741068
2013-12-17 08:30:00+01:00,5059,LSTM,1102.469796638728,1048.1724926178658
2013-12-17 08:40:00+01:00,5059,LSTM,1151.8214553259577,1203.7117089372853
2013-12-17 08:50:00+01:00,5059,LSTM,1323.1920101364658,1320.3937235881806
2013-12-17 09:00:00+01:00,5059,LSTM,1353.7093233624405,1455.5567218482406
2013-12-17 09:10:00+01:00,5059,LSTM,1526.8392653158178,1536.5133922758453
2013-12-17 09:20:00+01:00,5059,LSTM,1520.492903553634,1645.3773025639991
2013-12-17 09:30:00+01:00,5059,LSTM,1443.8578638528295,1700.707541724007
2013-12-17 09:40:00+01:00,5059,LSTM,1733.7272540198776,1704.8368741148834
2013-12-17 09:50:00+01:00,5059,LSTM,1723.3817538010178,1827.724936544054
2013-12-17 10:00:00+01:00,5059,LSTM,1592.9744371382506,1897.355249970062
2013-12-17 10:10:00+01:00,5059,LSTM,1676.8530851858354,1894.6199231275075
2013-12-17 10:20:00+01:00,5059,LSTM,2029.1398456023123,1932.2451058453212
2013-12-17 10:30:00+01:00,5059,LSTM,1878.197800180428,2087.6736211242073
2013-12-17 10:40:00+01:00,5059,LSTM,2047.5850397906604,2116.0725904027613
2013-12-17 10:50:00+01:00,5059,LSTM,2180.4499101237425,2199.1251208831063
2013-12-17 11:00:00+01:00,5059,LSTM,2260.4430776059953,2292.7527332329
2013-12-17 11:10:00+01:00,5059,LSTM,2108.2442360878717,2373.717766703051
2013-12-17 11:20:00+01:00,5059,LSTM,2238.8873708686688,2363.9249061371233
2013-12-17 11:30:00+01:00,5059,LSTM,2177.5772585176783,2411.323833895044
2013-12-17 11:40:00+01:00,5059,LSTM,2299.4007801681732,2414.7459792491472
2013-12-17 11:50:00+01:00,5059,LSTM,2414.3124382494843,2465.4600520398126
2013-12-17 12:00:00+01:00,5059,LSTM,2392.452468855372,2537.3052896016407
2013-12-17 12:10:00+01:00,5059,LSTM,2683.226739956791,2570.5802914984115
2013-12-17 12:20:00+01:00,5059,LSTM,2642.996670341281,2699.2942183744976
2013-12-17 12:30:00+01:00,5059,LSTM,2447.843083978823,2756.0456502559828
2013-12-17 12:40:00+01:00,5059,LSTM,2542.863771910979,2718.395524108136
2013-12-17 12:50:00+01:00,5059,LSTM,2836.1825336859206,2737.5370423808463
2013-12-17 13:00:00+01:00,5059,LSTM,2705.4674174284614,2855.890703936789
2013-12-17 13:10:00+01:00,5059,LSTM,2972.2610392682514,2869.1895151194076
2013-12-17 13:20:00+01:00,5059,LSTM,3007.2955873514843,2971.123173112209
2013-12-17 13:30:00+01:00,5059,LSTM,3013.350592278469,3033.0354472908193
2013-12-17 13:40:00+01:00,5059,LSTM,3133.4561120207914,3064.1818654526915
2013-12-17 13:50:00+01:00,5059,LSTM,2863.877364002965,3117.047250804688
2013-12-17 14:00:00+01:00,5059,LSTM,3008.3772777687504,3047.0530721791174
2013-12-17 14:10:00+01:00,5059,LSTM,2890.120616511605,3056.3603517659853
2013-12-17 14:20:00+01:00,5059,LSTM,2734.4712750524495,3012.92498166359
2013-12-17 14:30:00+01:00,5059,LSTM,2544.7541599642627,2925.67158126815
2013-12-17 14:40:00+01:00,5059,LSTM,2736.8468713334055,2797.9193751453577
2013-12-17 14:50:00+01:00,5059,LSTM,2691.299759388447,2791.336407662081
2013-12-17 15:00:00+01:00,5059,LSTM,2396.327777438198,2760.956242346185
2013-12-17 15:10:00+01:00,5059,LSTM,2737.6081988001533,2619.3598497644844
2013-12-17 15:20:00+01:00,5059,LSTM,2477.288921323988,2661.057105714278
2013-12-17 15:30:00+01:00,5059,LSTM,2892.6897355768683,2578.886919931841
2013-12-17 15:40:00+01:00,5059,LSTM,2803.8120728539525,2678.391274332332
2013-12-17 15:50:00+01:00,5059,LSTM,2902.2222444601093,2700.7537587056986
2013-12-17 16:00:00+01:00,5059,LSTM,2747.325534572616,2744.323753395423
2013-12-17 16:10:00+01:00,5059,LSTM,3124.1048405432443,2713.0570472905865
2013-12-17 16:20:00+01:00,5059,LSTM,3048.2635468876983,2824.6305250846717
2013-12-17 16:30:00+01:00,5059,LSTM,3095.519708863072,2865.334006807998
2013-12-17 16:40:00+01:00,5059,LSTM,3181.4685175720165,2904.1562410512415
2013-12-17 16:50:00+01:00,5059,LSTM,2941.1340819678676,2956.019576552788
2013-12-17 17:00:00+01:00,5059,LSTM,2902.808100862453,2907.776302032431
2013-12-17 17:10:00+01:00,5059,LSTM,2714.8737094901308,2868.476296201773
2013-12-17 17:20:00+01:00,5059,LSTM,3030.4998003823516,2780.4581582154515
2013-12-17 17:30:00+01:00,5059,LSTM,2599.423205429515,2840.7141420166163
2013-12-17 17:40:00+01:00,5059,LSTM,2843.5127826292623,2720.889284321045
2013-12-17 17:50:00+01:00,5059,LSTM,2552.3711586733143,2737.8848517043016
2013-12-17 18:00:00+01:00,5059,LSTM,2385.3820880216304,2639.8053033258993
2013-12-17 18:10:00+01:00,5059,LSTM,2270.1549367707144,2514.148928116326
2013-12-17 18:20:00+01:00,5059,LSTM,2145.7808651734035,2390.343029052588
2013-12-17 18:30:00+01:00,5059,LSTM,2272.6867447783147,2260.4343818127572
2013-12-17 18:40:00+01:00,5059,LSTM,2324.882122757913,2225.065239094989
2013-12-17 18:50:00+01:00,5059,LSTM,2225.7321047828113,2217.603948167712
2013-12-17 19:00:00+01:00,5059,LSTM,2236.897175529349,2168.5430769652585
2013-12-17 19:10:00+01:00,5059,LSTM,2005.543316084965,2137.3391373888
2013-12-17 19:20:00+01:00,5059,LSTM,1953.8908385538928,2022.8532810221575
2013-12-17 19:30:00+01:00,5059,LSTM,1802.577557519813,1926.261713147518
2013-12-17 19:40:00+01:00,5059,LSTM,1852.4194912685211,1803.1078691466953
2013-12-17 19:50:00+01:00,5059,LSTM,1696.937233071331,1741.5100395399186
2013-12-17 20:00:00+01:00,5059,LSTM,1606.592280829726,1642.6200919411233
2013-12-17 20:10:00+01:00,5059,LSTM,1590.6037134884723,1545.8893828533892
2013-12-17 20:20:00+01:00,5059,LSTM,1446.018310821015,1479.099444243382
2013-12-17 20:30:00+01:00,5059,LSTM,1323.764263114715,1388.3018567159504
2013-12-17 20:40:00+01:00,5059,LSTM,1351.1809224767587,1292.2640180540457
2013-12-17 20:50:00+01:00,5059,LSTM,1179.2695581179487,1242.578104124706
2013-12-17 21:00:00+01:00,5059,LSTM,1079.566171721769,1160.1360466107135
2013-12-17 21:10:00+01:00,5059,LSTM,1028.0623323242182,1080.496147430843
2013-12-17 21:20:00+01:00,5059,LSTM,1090.8692043011597,1017.1859338685668
2013-12-17 21:30:00+01:00,5059,LSTM,956.157173394153,996.16497476608
2013-12-17 21:40:00+01:00,5059,LSTM,862.8588562365394,945.814708895935
2013-12-17 21:50:00+01:00,5059,LSTM,919.108211412784,888.2161911370338
2013-12-17 22:00:00+01:00,5059,LSTM,801.8913669990999,866.5227210278431
2013-12-17 22:10:00+01:00,5059,LSTM,840.025473348916,820.2757950957827
2013-12-17 22:20:00+01:00,5059,LSTM,779.964293575358,800.5226382758768
2013-12-17 22:30:00+01:00,5059,LSTM,783.5627899339181,770.7201348256123
2013-12-17 22:40:00+01:00,5059,LSTM,769.1843076283114,751.7820104099491
2013-12-17 22:50:00+01:00,5059,LSTM,724.5754541299857,734.7315441690029
2013-12-17 23:00:00+01:00,5059,LSTM,680.9918038722185,710.5070443994579
2013-12-17 23:10:00+01:00,5059,LSTM,609.1262592980859,681.758575705227
2013-12-17 23:20:00+01:00,5059,LSTM,687.9436334535905,642.3476648573886
2013-12-17 23:30:00+01:00,5059,LSTM,579.2200083131236,637.6343473248096
2013-12-17 23:40:00+01:00,5059,LSTM,560.5220967708262,603.7590712940596
2013-12-17 23:50:00+01:00,5059,LSTM,585.9376945311287,576.1445962016701
2013-12-18 00:00:00+01:00,5059,LSTM,543.7736968991749,564.4222331087734
2013-12-18 00:10:00+01:00,5059,LSTM,489.5595279221815,544.4371839802168
2013-12-18 00:20:00+01:00,5059,LSTM,539.0692878515375,515.7472274442883
2013-12-18 00:30:00+01:00,5059,LSTM,504.4429839294646,510.3328130348384
2013-12-18 00:40:00+01:00,5059,LSTM,474.9078134467608,496.3466005502505
2013-12-18 00:50:00+01:00,5059,LSTM,456.41155611897767,478.3240398865108
2013-12-18 01:00:00+01:00,5059,LSTM,410.78294210556214,460.5600050536772
2013-12-18 01:10:00+01:00,5059,LSTM,379.6580133956543,435.0883920615089
2013-12-18 01:20:00+01:00,5059,LSTM,401.6303789541303,408.94890124648623
2013-12-18 01:30:00+01:00,5059,LSTM,409.8603703943211,397.8806621225005
2013-12-18 01:40:00+01:00,5059,LSTM,410.02415046696865,392.9095763865632
2013-12-18 01:50:00+01:00,5059,LSTM,413.1297835925668,389.8324429618933
2013-12-18 02:00:00+01:00,5059,LSTM,381.0713856975038,388.81786311738426
2013-12-18 02:10:00+01:00,5059,LSTM,370.3176727064605,378.1582766368414
2013-12-18 02:20:00+01:00,5059,LSTM,391.415869340594,367.4631399405969
2013-12-18 02:30:00+01:00,5059,LSTM,339.148300881556,366.6706615256601
2013-12-18 02:40:00+01:00,5059,LSTM,343.9882060413193,349.42402802889114
2013-12-18 02:50:00+01:00,5059,LSTM,354.6266013871846,339.52696453562817
2013-12-18 03:00:00+01:00,5059,LSTM,349.9417560497925,336.38152807357733
2013-12-18 03:10:00+01:00,5059,LSTM,357.09318141952957,333.1624269022693
2013-12-18 03:20:00+01:00,5059,LSTM,353.47435520361154,333.9445316477063
2013-12-18 03:30:00+01:00,5059,LSTM,323.447450434965,333.831237189798
2013-12-18 03:40:00+01:00,5059,LSTM,330.1956752648785,324.0989868276897
2013-12-18 03:50:00+01:00,5059,LSTM,333.831216647599,320.1963890502352
2013-12-18 04:00:00+01:00,5059,LSTM,349.34023294260385,319.230472205908
2013-12-18 04:10:00+01:00,5059,LSTM,332.1836171780489,324.745417963039
2013-12-18 04:20:00+01:00,5059,LSTM,342.72670865070006,323.35942578301047
2013-12-18 04:30:00+01:00,5059,LSTM,374.74505887607165,326.990909456458
2013-12-18 04:40:00+01:00,5059,LSTM,368.8532675342715,341.86675151921986
2013-12-18 04:50:00+01:00,5059,LSTM,359.9599502826066,351.0968696543026
2013-12-18 05:00:00+01:00,5059,LSTM,320.0647369327155,355.13257676399076
2013-12-18 05:10:00+01:00,5059,LSTM,361.5438998780232,343.358345323595
2013-12-18 05:20:00+01:00,5059,LSTM,344.9346728869323,350.8973222140361
2013-12-18 05:30:00+01:00,5059,LSTM,401.5830470757553,350.34285540717417
2013-12-18 05:40:00+01:00,5059,LSTM,397.4718817600568,372.7624532418323
2013-12-18 05:50:00+01:00,5059,LSTM,396.8632282582037,388.3931254583124
2013-12-18 06:00:00+01:00,5059,LSTM,346.3753973935506,400.5684915457159
2013-12-18 06:10:00+01:00,5059,LSTM,356.57951866107777,389.5109174864406
2013-12-18 06:20:00+01:00,5059,LSTM,357.72878170509375,385.35072634275434
2013-12-18 06:30:00+01:00,5059,LSTM,379.6343106637374,382.52908823879955
2013-12-18 06:40:00+01:00,5059,LSTM,361.9120054179503,389.7513768142851
2013-12-18 06:50:00+01:00,5059,LSTM,413.2211321445227,388.60765061240727
2013-12-18 07:00:00+01:00,5059,LSTM,403.95444104839953,409.5645027685466
2013-12-18 07:10:00+01:00,5059,LSTM,471.1231608700478,422.0001430581201
2013-12-18 07:20:00+01:00,5059,LSTM,481.87419716284353,460.1659804498098
2013-12-18 07:30:00+01:00,5059,LSTM,486.940277290041,493.929885231042
2013-12-18 07:40:00+01:00,5059,LSTM,624.4268705854736,521.8786489091116
2013-12-18 07:50:00+01:00,5059,LSTM,638.6378132859073,602.8014300737153
2013-12-18 08:00:00+01:00,5059,LSTM,813.0423251435557,670.9179745198162
2013-12-18 08:10:00+01:00,5059,LSTM,815.5121252940957,802.146583784938
2013-12-18 08:20:00+01:00,5059,LSTM,925.61453235213,901.2753297588768
2013-12-18 08:30:00+01:00,5059,LSTM,986.848120974192,1021.6446011265416
2013-12-18 08:40:00+01:00,5059,LSTM,1024.8682611465365,1128.4476479267566
2013-12-18 08:50:00+01:00,5059,LSTM,1120.727843257828,1209.3826968297296
2013-12-18 09:00:00+01:00,5059,LSTM,1329.3274274725973,1293.7114217747228
2013-12-18 09:10:00+01:00,5059,LSTM,1298.2369897110016,1425.593601357855
2013-12-18 09:20:00+01:00,5059,LSTM,1384.4583814098676,1483.4094416648736
2013-12-18 09:30:00+01:00,5059,LSTM,1469.435973217305,1548.7783915300506
2013-12-18 09:40:00+01:00,5059,LSTM,1578.1361312666943,1619.8574053854231
2013-12-18 09:50:00+01:00,5059,LSTM,1854.7710667065855,1706.9907509540678
2013-12-18 10:00:00+01:00,5059,LSTM,1918.0593438392868,1870.0289647410243
2013-12-18 10:10:00+01:00,5059,LSTM,1979.1547096410304,1992.0228518267352
2013-12-18 10:20:00+01:00,5059,LSTM,1986.4985244164911,2091.8252452486995
2013-12-18 10:30:00+01:00,5059,LSTM,2171.308455294276,2157.299534482534
2013-12-18 10:40:00+01:00,5059,LSTM,2056.852707466107,2265.9885493652437
2013-12-18 10:50:00+01:00,5059,LSTM,2273.6548957077953,2286.070924494164
2013-12-18 11:00:00+01:00,5059,LSTM,2399.373989061783,2379.5396098960587
2013-12-18 11:10:00+01:00,5059,LSTM,2414.5996098502,2473.476917075752
2013-12-18 11:20:00+01:00,5059,LSTM,2517.3286726792185,2531.392764219072
2013-12-18 11:30:00+01:00,5059,LSTM,2686.7635965596937,2602.364981729734
2013-12-18 11:40:00+01:00,5059,LSTM,2631.355958824679,2701.699627559532
2013-12-18 11:50:00+01:00,5059,LSTM,2698.8047380088055,2740.2071549752527
2013-12-18 12:00:00+01:00,5059,LSTM,2644.4452959691716,2791.9573125769753
2013-12-18 12:10:00+01:00,5059,LSTM,2527.148419468281,2807.1099800898733
2013-12-18 12:20:00+01:00,5059,LSTM,2794.05995197264,2780.859001467248
2013-12-18 12:30:00+01:00,5059,LSTM,2793.751881246536,2868.4199986470717
2013-12-18 12:40:00+01:00,5059,LSTM,2745.215883678625,2915.782443724617
2013-12-18 12:50:00+01:00,5059,LSTM,2864.418528694098,2926.9719032562416
2013-12-18 13:00:00+01:00,5059,LSTM,3068.515763127842,2977.133024495141
2013-12-18 13:10:00+01:00,5059,LSTM,3000.179883659302,3072.1124775062726
2013-12-18 13:20:00+01:00,5059,LSTM,3004.657815983865,3095.4462403958432
2013-12-18 13:30:00+01:00,5059,LSTM,3191.448161658042,3106.994698827012
2013-12-18 13:40:00+01:00,5059,LSTM,3207.1082996863743,3171.062947890324
2013-12-18 13:50:00+01:00,5059,LSTM,3051.941792433846,3202.896709075123
2013-12-18 14:00:00+01:00,5059,LSTM,3178.2043481587575,3162.8739265639215
2013-12-18 14:10:00+01:00,5059,LSTM,3111.8794011532564,3178.771983025712
2013-12-18 14:20:00+01:00,5059,LSTM,2973.6132139771867,3158.4237389065765
2013-12-18 14:30:00+01:00,5059,LSTM,3023.9789777126794,3094.504684191128
2013-12-18 14:40:00+01:00,5059,LSTM,2870.2232175004474,3071.363358698683
2013-12-18 14:50:00+01:00,5059,LSTM,2810.923607709171,2998.1274666334566
2013-12-18 15:00:00+01:00,5059,LSTM,2524.7148022101296,2929.7590401672533
2013-12-18 15:10:00+01:00,5059,LSTM,2665.346366625859,2777.534764903931
2013-12-18 15:20:00+01:00,5059,LSTM,2788.057641203671,2737.587512031334
2013-12-18 15:30:00+01:00,5059,LSTM,2690.242446131267,2752.2317531806557
2013-12-18 15:40:00+01:00,5059,LSTM,2476.0341872915687,2716.094434408521
2013-12-18 15:50:00+01:00,5059,LSTM,2679.119521873683,2606.6011687443633
2013-12-18 16:00:00+01:00,5059,LSTM,2502.6747519075807,2614.4296759161252
2013-12-18 16:10:00+01:00,5059,LSTM,2525.053675563727,2547.7920204432144
2013-12-18 16:20:00+01:00,5059,LSTM,2681.9225684807616,2511.372980781404
2013-12-18 16:30:00+01:00,5059,LSTM,2889.6280857308334,2545.0079140423936
2013-12-18 16:40:00+01:00,5059,LSTM,2542.5158187074485,2637.4016425121285
2013-12-18 16:50:00+01:00,5059,LSTM,2753.3704305928,2564.261444634086
2013-12-18 17:00:00+01:00,5059,LSTM,2676.2470637758593,2596.543371652895
2013-12-18 17:10:00+01:00,5059,LSTM,2600.921754718969,2588.9515939502803
2013-12-18 17:20:00+01:00,5059,LSTM,2616.2776437022294,2555.685100793661
2013-12-18 17:30:00+01:00,5059,LSTM,2503.0155481320817,2541.2055562174096
2013-12-18 17:40:00+01:00,5059,LSTM,2491.408603981494,2489.314713007976
2013-12-18 17:50:00+01:00,5059,LSTM,2464.9943079902773,2452.1739456883797
2013-12-18 18:00:00+01:00,5059,LSTM,2273.415049555329,2418.194000497957
2013-12-18 18:10:00+01:00,5059,LSTM,2249.703419574344,2320.2271637870417
2013-12-18 18:20:00+01:00,5059,LSTM,2227.005320773888,2247.3298146775705
2013-12-18 18:30:00+01:00,5059,LSTM,2196.0857373418207,2190.079922148714
2013-12-18 18:40:00+01:00,5059,LSTM,1929.933422653716,2138.474704524779
2013-12-18 18:50:00+01:00,5059,LSTM,1906.7806631735991,1995.613190496436
2013-12-18 19:00:00+01:00,5059,LSTM,1933.294366637379,1892.006457762055
2013-12-18 19:10:00+01:00,5059,LSTM,1699.9930345911962,1833.375643329836
2013-12-18 19:20:00+01:00,5059,LSTM,1720.3448091463008,1703.7319034760244
2013-12-18 19:30:00+01:00,5059,LSTM,1700.022794249381,1626.9538986484629
2013-12-18 19:40:00+01:00,5059,LSTM,1523.485628713261,1570.0846119740222
2013-12-18 19:50:00+01:00,5059,LSTM,1568.3331793869795,1471.4958358952144
2013-12-18 20:00:00+01:00,5059,LSTM,1453.8414129487787,1425.0411670325875
2013-12-18 20:10:00+01:00,5059,LSTM,1269.3866241564565,1358.5865168580772
2013-12-18 20:20:00+01:00,5059,LSTM,1161.6352081750892,1257.690056441793
2013-12-18 20:30:00+01:00,5059,LSTM,1171.1188686028524,1162.5308198705588
2013-12-18 20:40:00+01:00,5059,LSTM,991.7398449113496,1107.8442873006804
2013-12-18 20:50:00+01:00,5059,LSTM,957.0807771124572,1023.152454783672
2013-12-18 21:00:00+01:00,5059,LSTM,985.3856762517144,961.9652593077708
2013-12-18 21:10:00+01:00,5059,LSTM,816.4782680852097,931.94764791299
2013-12-18 21:20:00+01:00,5059,LSTM,850.4734971172941,867.3634544896668
2013-12-18 21:30:00+01:00,5059,LSTM,817.6906815197862,835.4759600280197
2013-12-18 21:40:00+01:00,5059,LSTM,688.8506628285114,805.6879097802043
2013-12-18 21:50:00+01:00,5059,LSTM,702.4694820703987,751.7919178471118
2013-12-18 22:00:00+01:00,5059,LSTM,753.8612543852075,719.9608374982504
2013-12-18 22:10:00+01:00,5059,LSTM,676.8564501712979,711.8694918464643
2013-12-18 22:20:00+01:00,5059,LSTM,758.3573160739832,685.2509473051009
2013-12-18 22:30:00+01:00,5059,LSTM,652.5493699822855,689.1855402766868
2013-12-18 22:40:00+01:00,5059,LSTM,640.0536103792664,661.6212434395745
2013-12-18 22:50:00+01:00,5059,LSTM,634.624246031197,639.065214367281
2013-12-18 23:00:00+01:00,5059,LSTM,604.5951414686087,621.447693046372
2013-12-18 23:10:00+01:00,5059,LSTM,545.2345670530597,600.5242930604176
2013-12-18 23:20:00+01:00,5059,LSTM,540.5254183598569,569.4425063562717
2013-12-18 23:30:00+01:00,5059,LSTM,593.6400030972818,547.056593807967
2013-12-18 23:40:00+01:00,5059,LSTM,579.1790161992031,546.646600746555
2013-12-18 23:50:00+01:00,5059,LSTM,502.681969788076,541.9300195876165
2013-12-19 00:00:00+01:00,5059,LSTM,536.7287637734923,516.3804875161153
2013-12-19 00:10:00+01:00,5059,LSTM,487.2052468712019,508.74296076542566
2013-12-19 00:20:00+01:00,5059,LSTM,436.3902238811493,488.4147646367847
2013-12-19 00:30:00+01:00,5059,LSTM,456.98667049590455,459.6879757462276
2013-12-19 00:40:00+01:00,5059,LSTM,429.7248903876966,446.3908546558308
2013-12-19 00:50:00+01:00,5059,LSTM,370.90133161373166,429.2925996003348
2013-12-19 01:00:00+01:00,5059,LSTM,435.6061274724105,400.65818299156
2013-12-19 01:10:00+01:00,5059,LSTM,394.7007108394921,401.1088548243814
2013-12-19 01:20:00+01:00,5059,LSTM,400.9431114384961,389.1096080023066
2013-12-19 01:30:00+01:00,5059,LSTM,427.4380569763511,383.4248371163976
2013-12-19 01:40:00+01:00,5059,LSTM,336.432548525715,387.94227878836455
2013-12-19 01:50:00+01:00,5059,LSTM,365.28947181719207,362.51023726580536
2013-12-19 02:00:00+01:00,5059,LSTM,346.521342233939,354.66541196224546
2013-12-19 02:10:00+01:00,5059,LSTM,342.6711331792088,343.26579820468635
2013-12-19 02:20:00+01:00,5059,LSTM,320.3067852022814,334.74283796685654
2013-12-19 02:30:00+01:00,5059,LSTM,328.1425913805245,322.197924473282
2013-12-19 02:40:00+01:00,5059,LSTM,280.1180576799443,316.81853576815456
2013-12-19 02:50:00+01:00,5059,LSTM,335.4681841160034,297.99032562595585
2013-12-19 03:00:00+01:00,5059,LSTM,298.21441243482883,304.23201103849647
2013-12-19 03:10:00+01:00,5059,LSTM,309.2170991670778,296.66540988208385
2013-12-19 03:20:00+01:00,5059,LSTM,300.1225564931746,296.18705550424875
2013-12-19 03:30:00+01:00,5059,LSTM,246.7247532059921,293.3752082793724
2013-12-19 03:40:00+01:00,5059,LSTM,276.3256637148603,273.82795131532566
2013-12-19 03:50:00+01:00,5059,LSTM,262.1130720022303,271.21798269240116
2013-12-19 04:00:00+01:00,5059,LSTM,270.2798707989763,265.03935520344953
2013-12-19 04:10:00+01:00,5059,LSTM,252.87465091984024,264.6172983803158
2013-12-19 04:20:00+01:00,5059,LSTM,251.35563789101428,259.10619903996576
2013-12-19 04:30:00+01:00,5059,LSTM,252.64907119921253,255.63579863897644
2013-12-19 04:40:00+01:00,5059,LSTM,252.2801092947333,254.4000498295693
2013-12-19 04:50:00+01:00,5059,LSTM,271.0941971573921,254.14898371605636
2013-12-19 05:00:00+01:00,5059,LSTM,250.35619828982215,261.4704632212538
2013-12-19 05:10:00+01:00,5059,LSTM,284.9673125115872,259.7681324005225
2013-12-19 05:20:00+01:00,5059,LSTM,278.6534439033785,271.8471632312787
2013-12-19 05:30:00+01:00,5059,LSTM,234.9504278446457,278.4584543290325
2013-12-19 05:40:00+01:00,5059,LSTM,278.2427763608672,267.3909145535524
2013-12-19 05:50:00+01:00,5059,LSTM,274.4029886361092,275.80757381853005
2013-12-19 06:00:00+01:00,5059,LSTM,246.94149252470348,280.35450468581666
2013-12-19 06:10:00+01:00,5059,LSTM,316.2096068087472,273.72666234009694
2013-12-19 06:20:00+01:00,5059,LSTM,317.4205915073021,295.5361951616974
2013-12-19 06:30:00+01:00,5059,LSTM,308.8335239301206,311.9876694075915
2013-12-19 06:40:00+01:00,5059,LSTM,312.5832677434298,321.2001872719495
2013-12-19 06:50:00+01:00,5059,LSTM,378.32358502269534,329.32463541966786
2013-12-19 07:00:00+01:00,5059,LSTM,398.9413710071025,361.0271522015819
2013-12-19 07:10:00+01:00,5059,LSTM,383.5255036916005,392.7046672744205
2013-12-19 07:20:00+01:00,5059,LSTM,505.4136964137046,410.005966512711
2013-12-19 07:30:00+01:00,5059,LSTM,487.4410932227262,473.3284769528773
2013-12-19 07:40:00+01:00,5059,LSTM,513.9205171343103,513.1357435662683
2013-12-19 07:50:00+01:00,5059,LSTM,644.8989028283055,554.3340143573113
2013-12-19 08:00:00+01:00,5059,LSTM,664.4584384106298,642.1491081608384
2013-12-19 08:10:00+01:00,5059,LSTM,682.4676778189996,717.1241634014251
2013-12-19 08:20:00+01:00,5059,LSTM,738.4892390911912,780.6775754065259
2013-12-19 08:30:00+01:00,5059,LSTM,748.6995133061936,850.4331013545584
2013-12-19 08:40:00+01:00,5059,LSTM,879.4210834245963,901.6022460457268
2013-12-19 08:50:00+01:00,5059,LSTM,1059.679721881494,993.2029424496249
2013-12-19 09:00:00+01:00,5059,LSTM,1205.6597079842084,1133.912546556455
2013-12-19 09:10:00+01:00,5059,LSTM,1294.013350952021,1287.555814507414
2013-12-19 09:20:00+01:00,5059,LSTM,1403.564713442008,1415.2472355892608
2013-12-19 09:30:00+01:00,5059,LSTM,1366.8352103602988,1528.6645165788573
2013-12-19 09:40:00+01:00,5059,LSTM,1410.350522104539,1572.0923686848166
2013-12-19 09:50:00+01:00,5059,LSTM,1500.051781714155,1612.6712206765394
2013-12-19 10:00:00+01:00,5059,LSTM,1631.4615686937482,1673.364413851793
2013-12-19 10:10:00+01:00,5059,LSTM,1594.8405005830125,1764.3588916594138
2013-12-19 10:20:00+01:00,5059,LSTM,1743.966534150521,1807.5739669825423
2013-12-19 10:30:00+01:00,5059,LSTM,1792.16366838841,1897.546288670177
2013-12-19 10:40:00+01:00,5059,LSTM,1852.2519185989156,1970.9467024713476
2013-12-19 10:50:00+01:00,5059,LSTM,1815.0078379638985,2039.047278459904
2013-12-19 11:00:00+01:00,5059,LSTM,1953.044086730254,2064.9016099217656
2013-12-19 11:10:00+01:00,5059,LSTM,1898.2077627255287,2133.105048419688
2013-12-19 11:20:00+01:00,5059,LSTM,1932.6766482165613,2148.562398764862
2013-12-19 11:30:00+01:00,5059,LSTM,2083.846760119044,2170.35194187501
2013-12-19 11:40:00+01:00,5059,LSTM,2171.0338817983265,2239.1462715811285
2013-12-19 11:50:00+01:00,5059,LSTM,2265.274892823078,2309.424152583807
2013-12-19 12:00:00+01:00,5059,LSTM,2178.1807964524087,2384.936365755742
2013-12-19 12:10:00+01:00,5059,LSTM,2262.1306170042567,2395.122842972242
2013-12-19 12:20:00+01:00,5059,LSTM,2150.625855726567,2436.048251288014
2013-12-19 12:30:00+01:00,5059,LSTM,2270.917366788972,2416.095954981137
2013-12-19 12:40:00+01:00,5059,LSTM,2441.9105089258837,2454.0956388237028
2013-12-19 12:50:00+01:00,5059,LSTM,2547.372257843974,2541.443917499737
2013-12-19 13:00:00+01:00,5059,LSTM,2549.3321702751787,2630.1748081713567
2013-12-19 13:10:00+01:00,5059,LSTM,2767.840205049686,2680.3486342414412
2013-12-19 13:20:00+01:00,5059,LSTM,2683.8859615620045,2790.18248262783
2013-12-19 13:30:00+01:00,5059,LSTM,2711.2274876545725,2818.2636562896273
2013-12-19 13:40:00+01:00,5059,LSTM,2517.5943287330497,2843.5815874476884
2013-12-19 13:50:00+01:00,5059,LSTM,2742.8960086254424,2780.67169262583
2013-12-19 14:00:00+01:00,5059,LSTM,2650.2073692734793,2829.1366606224647
2013-12-19 14:10:00+01:00,5059,LSTM,2467.6527090842947,2813.4008530139745
2013-12-19 14:20:00+01:00,5059,LSTM,2606.0076785340425,2725.102043160736
2013-12-19 14:30:00+01:00,5059,LSTM,2583.6455903449214,2721.847508331811
2013-12-19 14:40:00+01:00,5059,LSTM,2529.976537768367,2701.385736638599
2013-12-19 14:50:00+01:00,5059,LSTM,2546.6701795436834,2658.2538837876373
2013-12-19 15:00:00+01:00,5059,LSTM,2376.3785499682213,2630.3541910630447
2013-12-19 15:10:00+01:00,5059,LSTM,2511.2964176891996,2536.7658587876494
2013-12-19 15:20:00+01:00,5059,LSTM,2380.689174967583,2527.151215532567
2013-12-19 15:30:00+01:00,5059,LSTM,2496.920169570306,2461.4943963387695
2013-12-19 15:40:00+01:00,5059,LSTM,2670.805571501096,2460.545496974745
2013-12-19 15:50:00+01:00,5059,LSTM,2527.7155218410808,2520.864305583331
2013-12-19 16:00:00+01:00,5059,LSTM,2489.7964492530105,2497.7764802515653
2013-12-19 16:10:00+01:00,5059,LSTM,2740.8386796100754,2464.6097608150794
2013-12-19 16:20:00+01:00,5059,LSTM,2435.4741959080657,2537.1530647435866
2013-12-19 16:30:00+01:00,5059,LSTM,2455.3763641498495,2464.3484375901508
2013-12-19 16:40:00+01:00,5059,LSTM,2387.4033165893243,2424.8094876867444
2013-12-19 16:50:00+01:00,5059,LSTM,2405.840058667264,2372.9677154307874
2013-12-19 17:00:00+01:00,5059,LSTM,2422.1623950772405,2346.1844160373116
2013-12-19 17:10:00+01:00,5059,LSTM,2372.2351973933446,2333.9217479447916
2013-12-19 17:20:00+01:00,5059,LSTM,2159.3250611600024,2304.615898491592
2013-12-19 17:30:00+01:00,5059,LSTM,2137.3470231333004,2199.0669583990566
2013-12-19 17:40:00+01:00,5059,LSTM,2231.6364660772742,2120.9923323025787
2013-12-19 17:50:00+01:00,5059,LSTM,2189.9359888965487,2106.643507617833
2013-12-19 18:00:00+01:00,5059,LSTM,2123.960095043322,2078.9873630103184
2013-12-19 18:10:00+01:00,5059,LSTM,2123.451003595895,2032.7140949512132
2013-12-19 18:20:00+01:00,5059,LSTM,1877.553342191135,2000.6862062770656
2013-12-19 18:30:00+01:00,5059,LSTM,2125.4349841205067,1881.481204473631
2013-12-19 18:40:00+01:00,5059,LSTM,2092.7606490164035,1899.1216877371403
2013-12-19 18:50:00+01:00,5059,LSTM,1824.8812008166783,1899.1786263613053
2013-12-19 19:00:00+01:00,5059,LSTM,1729.002354566916,1794.7359099070345
2013-12-19 19:10:00+01:00,5059,LSTM,1680.395520499064,1688.73609400503
2013-12-19 19:20:00+01:00,5059,LSTM,1606.5752362878022,1602.458401332995
2013-12-19 19:30:00+01:00,5059,LSTM,1626.3035230049495,1520.9816778729084
2013-12-19 19:40:00+01:00,5059,LSTM,1547.658882743896,1476.927471761615
2013-12-19 19:50:00+01:00,5059,LSTM,1395.2603887462813,1422.935217420678
2013-12-19 20:00:00+01:00,5059,LSTM,1390.3670922554602,1337.8904961974483
2013-12-19 20:10:00+01:00,5059,LSTM,1230.7984534560287,1283.5490866514267
2013-12-19 20:20:00+01:00,5059,LSTM,1114.678444359706,1199.6505338861846
2013-12-19 20:30:00+01:00,5059,LSTM,1020.2102026287268,1112.7935183958175
2013-12-19 20:40:00+01:00,5059,LSTM,942.3614820471294,1032.3703343199063
2013-12-19 20:50:00+01:00,5059,LSTM,842.1623482834539,961.715941565522
2013-12-19 21:00:00+01:00,5059,LSTM,718.4313832101792,891.3376166337255
2013-12-19 21:10:00+01:00,5059,LSTM,781.4336926125877,815.3964988512063
2013-12-19 21:20:00+01:00,5059,LSTM,700.1835363671692,784.0103207099951
2013-12-19 21:30:00+01:00,5059,LSTM,728.1584510887207,742.5276481933387
2013-12-19 21:40:00+01:00,5059,LSTM,701.6063234487783,722.6586909167129
2013-12-19 21:50:00+01:00,5059,LSTM,737.4239070672787,701.8853594642532
2013-12-19 22:00:00+01:00,5059,LSTM,640.2519642941571,696.8540131987495
2013-12-19 22:10:00+01:00,5059,LSTM,642.985078222449,666.3231382798954
2013-12-19 22:20:00+01:00,5059,LSTM,583.5190957964612,645.8005232666957
2013-12-19 22:30:00+01:00,5059,LSTM,631.5819903985708,614.8189182359781
2013-12-19 22:40:00+01:00,5059,LSTM,589.1495625226398,606.3859408392029
2013-12-19 22:50:00+01:00,5059,LSTM,559.7251731516242,588.0989098822596
2013-12-19 23:00:00+01:00,5059,LSTM,568.679953335636,567.1285369883452
2013-12-19 23:10:00+01:00,5059,LSTM,518.3544693920394,554.8505997867861
2013-12-19 23:20:00+01:00,5059,LSTM,516.4648617700618,531.7406284190099
2013-12-19 23:30:00+01:00,5059,LSTM,506.9211801212165,515.2598980939647
2013-12-19 23:40:00+01:00,5059,LSTM,482.3107953596432,500.9105488978404
2013-12-19 23:50:00+01:00,5059,LSTM,465.71011898830255,483.82150193100154
2013-12-20 00:00:00+01:00,5059,LSTM,525.8391811623073,467.2439118379298
2013-12-20 00:10:00+01:00,5059,LSTM,489.6033643214071,473.3663000512222
2013-12-20 00:20:00+01:00,5059,LSTM,372.18170621682486,466.3577207232416
2013-12-20 00:30:00+01:00,5059,LSTM,404.6974153557329,426.34181513901126
2013-12-20 00:40:00+01:00,5059,LSTM,391.8035199030421,409.0957644326637
2013-12-20 00:50:00+01:00,5059,LSTM,297.0850991814628,393.25120813155206
2013-12-20 01:00:00+01:00,5059,LSTM,363.3344991526836,354.64816136577383
2013-12-20 01:10:00+01:00,5059,LSTM,311.2339751321364,349.3382412788701
2013-12-20 01:20:00+01:00,5059,LSTM,304.23021505480676,330.2351871739679
2013-12-20 01:30:00+01:00,5059,LSTM,292.2712204868343,316.15497059441805
2013-12-20 01:40:00+01:00,5059,LSTM,266.19816452625963,303.51343044898545
2013-12-20 01:50:00+01:00,5059,LSTM,241.7376492345742,287.50639217840444
2013-12-20 02:00:00+01:00,5059,LSTM,268.4535928885993,269.73711223177884
2013-12-20 02:10:00+01:00,5059,LSTM,255.5880078172601,266.54983141747584
2013-12-20 02:20:00+01:00,5059,LSTM,255.26365254841616,260.73754598737787
2013-12-20 02:30:00+01:00,5059,LSTM,247.74218078829716,257.2906903194105
2013-12-20 02:40:00+01:00,5059,LSTM,261.45126158387035,252.92559006358147
2013-12-20 02:50:00+01:00,5059,LSTM,212.5583143638952,254.73317283440656
2013-12-20 03:00:00+01:00,5059,LSTM,225.6367273427018,240.21632967118944
2013-12-20 03:10:00+01:00,5059,LSTM,253.4142747997072,235.02413324939607
2013-12-20 03:20:00+01:00,5059,LSTM,224.57255264220984,240.8127573883878
2013-12-20 03:30:00+01:00,5059,LSTM,224.4408265720119,235.50108893022
2013-12-20 03:40:00+01:00,5059,LSTM,250.7928666623549,232.36544334724772
2013-12-20 03:50:00+01:00,5059,LSTM,213.31397230687588,239.4512424060556
2013-12-20 04:00:00+01:00,5059,LSTM,220.35383958377943,231.76866595579668
2013-12-20 04:10:00+01:00,5059,LSTM,226.84929285616948,229.3725814175034
2013-12-20 04:20:00+01:00,5059,LSTM,201.8170904489129,230.14384626110336
2013-12-20 04:30:00+01:00,5059,LSTM,205.7938309617253,222.2922605886561
2013-12-20 04:40:00+01:00,5059,LSTM,235.06806763990468,218.7001735476911
2013-12-20 04:50:00+01:00,5059,LSTM,192.87130693697137,226.85212940329663
2013-12-20 05:00:00+01:00,5059,LSTM,216.31818752894188,218.0131801990167
2013-12-20 05:10:00+01:00,5059,LSTM,236.10061823349153,220.79682036750023
2013-12-20 05:20:00+01:00,5059,LSTM,207.196969063719,230.02449078281325
2013-12-20 05:30:00+01:00,5059,LSTM,252.6470259875985,226.5029213828302
2013-12-20 05:40:00+01:00,5059,LSTM,243.07234235022895,240.9479647661385
2013-12-20 05:50:00+01:00,5059,LSTM,206.3478039694104,247.71800797466497
2013-12-20 06:00:00+01:00,5059,LSTM,246.4004129838222,239.24376901605888
2013-12-20 06:10:00+01:00,5059,LSTM,231.74611326732247,247.9969314703178
2013-12-20 06:20:00+01:00,5059,LSTM,241.98839652535327,248.51316722553975
2013-12-20 06:30:00+01:00,5059,LSTM,240.64298161385904,252.93514782649163
2013-12-20 06:40:00+01:00,5059,LSTM,296.8053578235843,255.5849793142356
2013-12-20 06:50:00+01:00,5059,LSTM,303.1602112211577,278.8889033342334
2013-12-20 07:00:00+01:00,5059,LSTM,369.7269874340917,298.31866974933814
2013-12-20 07:10:00+01:00,5059,LSTM,364.4389525038346,338.8829811200485
2013-12-20 07:20:00+01:00,5059,LSTM,412.5123287754679,366.6544599519468
2013-12-20 07:30:00+01:00,5059,LSTM,379.6234051825406,406.5725150244344
2013-12-20 07:40:00+01:00,5059,LSTM,429.2800567868636,421.7010550138889
2013-12-20 07:50:00+01:00,5059,LSTM,670.1840530274999,452.4122452891053
2013-12-20 08:00:00+01:00,5059,LSTM,684.6150251137783,577.9547432503489
2013-12-20 08:10:00+01:00,5059,LSTM,693.4316082437371,682.5540846303547
2013-12-20 08:20:00+01:00,5059,LSTM,856.2360193550143,767.611064485853
2013-12-20 08:30:00+01:00,5059,LSTM,789.6416061296161,903.9612359737018
2013-12-20 08:40:00+01:00,5059,LSTM,935.7096446311258,969.417254727827
2013-12-20 08:50:00+01:00,5059,LSTM,1030.285107330268,1077.1246757038757
2013-12-20 09:00:00+01:00,5059,LSTM,1220.13266072733,1185.5912394827606
2013-12-20 09:10:00+01:00,5059,LSTM,1237.1398529397816,1331.723897867037
2013-12-20 09:20:00+01:00,5059,LSTM,1306.820377211013,1419.5990482234834
2013-12-20 09:30:00+01:00,5059,LSTM,1387.725636006505,1491.5523642689484
2013-12-20 09:40:00+01:00,5059,LSTM,1409.9805328406676,1559.411635883549
2013-12-20 09:50:00+01:00,5059,LSTM,1643.7428191505112,1604.7458828762717
2013-12-20 10:00:00+01:00,5059,LSTM,1689.272003934374,1726.0962527787397
2013-12-20 10:10:00+01:00,5059,LSTM,1596.90411400344,1816.757461883918
2013-12-20 10:20:00+01:00,5059,LSTM,1671.0422452853209,1840.2763190113055
2013-12-20 10:30:00+01:00,5059,LSTM,1595.8231638558225,1891.008312607428
2013-12-20 10:40:00+01:00,5059,LSTM,1878.9928612760896,1894.037307543295
2013-12-20 10:50:00+01:00,5059,LSTM,1986.6230901859776,2007.8806957494537
2013-12-20 11:00:00+01:00,5059,LSTM,1975.8968054994184,2110.6248986602527
2013-12-20 11:10:00+01:00,5059,LSTM,1999.3616138856423,2164.834082165773
2013-12-20 11:20:00+01:00,5059,LSTM,2245.8920415078146,2205.2687809467775
2013-12-20 11:30:00+01:00,5059,LSTM,2462.250541748612,2319.8080209160144
2013-12-20 11:40:00+01:00,5059,LSTM,2270.869187194384,2459.6601217666475
2013-12-20 11:50:00+01:00,5059,LSTM,2222.109094283065,2469.1973704537754
2013-12-20 12:00:00+01:00,5059,LSTM,2357.328781544976,2462.8907621882977
2013-12-20 12:10:00+01:00,5059,LSTM,2275.7558503320365,2513.4634500227467
2013-12-20 12:20:00+01:00,5059,LSTM,2439.717179569458,2512.3029977357764
2013-12-20 12:30:00+01:00,5059,LSTM,2526.5450398492626,2577.3089565870227
2013-12-20 12:40:00+01:00,5059,LSTM,2346.0897548166195,2646.40668698649
2013-12-20 12:50:00+01:00,5059,LSTM,2470.798121140991,2617.9935559006976
2013-12-20 13:00:00+01:00,5059,LSTM,2650.6479368966434,2653.433041422322
2013-12-20 13:10:00+01:00,5059,LSTM,2598.8075158991405,2740.199811815944
2013-12-20 13:20:00+01:00,5059,LSTM,2632.6094353152557,2766.481561772815
2013-12-20 13:30:00+01:00,5059,LSTM,2461.224840610742,2792.3502298790418
2013-12-20 13:40:00+01:00,5059,LSTM,2746.5821594127456,2736.439298343212
2013-12-20 13:50:00+01:00,5059,LSTM,2632.1051283019806,2811.640709383447
2013-12-20 14:00:00+01:00,5059,LSTM,2633.7162464014477,2801.722898551184
2013-12-20 14:10:00+01:00,5059,LSTM,2568.361786725218,2789.361097807994
2013-12-20 14:20:00+01:00,5059,LSTM,2618.5421869985685,2748.4754357989577
2013-12-20 14:30:00+01:00,5059,LSTM,2665.730362761507,2736.2100285914576
2013-12-20 14:40:00+01:00,5059,LSTM,2900.371530043799,2738.0990854631855
2013-12-20 14:50:00+01:00,5059,LSTM,2662.66214424629,2817.5400637024927
2013-12-20 15:00:00+01:00,5059,LSTM,2651.5894740353215,2765.6479383541323
2013-12-20 15:10:00+01:00,5059,LSTM,2596.082086885014,2724.6912924717763
2013-12-20 15:20:00+01:00,5059,LSTM,2519.1434979483274,2674.1652278710344
2013-12-20 15:30:00+01:00,5059,LSTM,2734.3699977438264,2609.0221967126895
2013-12-20 15:40:00+01:00,5059,LSTM,2823.198777200726,2647.325514364773
2013-12-20 15:50:00+01:00,5059,LSTM,2617.3066456200545,2697.129035401139
2013-12-20 16:00:00+01:00,5059,LSTM,2674.8654397633595,2645.0528648377194
2013-12-20 16:10:00+01:00,5059,LSTM,2548.038849665674,2632.313415901502
2013-12-20 16:20:00+01:00,5059,LSTM,2558.9575624357963,2574.6782406250986
2013-12-20 16:30:00+01:00,5059,LSTM,2391.499192568052,2541.7365948493334
2013-12-20 16:40:00+01:00,5059,LSTM,2764.468255868256,2454.3153508125474
2013-12-20 16:50:00+01:00,5059,LSTM,2595.301861996995,2540.046269511282
2013-12-20 17:00:00+01:00,5059,LSTM,2626.299354670793,2527.787855788838
2013-12-20 17:10:00+01:00,5059,LSTM,2673.3780120923734,2528.7100633515647
2013-12-20 17:20:00+01:00,5059,LSTM,2455.523272998494,2546.0788497206463
2013-12-20 17:30:00+01:00,5059,LSTM,2262.688361618329,2473.481579399123
2013-12-20 17:40:00+01:00,5059,LSTM,2273.095354882482,2351.624414946258
2013-12-20 17:50:00+01:00,5059,LSTM,2120.389470585455,2279.2089752361926
2013-12-20 18:00:00+01:00,5059,LSTM,2335.0258031772432,2170.325366631798
2013-12-20 18:10:00+01:00,5059,LSTM,2156.2871708984644,2183.1890664858443
2013-12-20 18:20:00+01:00,5059,LSTM,2015.8968597147664,2117.9986544662443
2013-12-20 18:30:00+01:00,5059,LSTM,2134.443587020484,2016.2115099853677
2013-12-20 18:40:00+01:00,5059,LSTM,1919.2556124569055,1994.9244487764977
2013-12-20 18:50:00+01:00,5059,LSTM,1839.29031515043,1894.8962240662645
2013-12-20 19:00:00+01:00,5059,LSTM,1951.7674011588945,1796.79094549076
2013-12-20 19:10:00+01:00,5059,LSTM,1644.7550446169173,1775.20182400651
2013-12-20 19:20:00+01:00,5059,LSTM,1486.1348619484104,1644.9173935029994
2013-12-20 19:30:00+01:00,5059,LSTM,1693.2423371645768,1503.2608423800566
2013-12-20 19:40:00+01:00,5059,LSTM,1344.2494543511586,1487.344296892149
2013-12-20 19:50:00+01:00,5059,LSTM,1241.1987143421502,1359.435445810201
2013-12-20 20:00:00+01:00,5059,LSTM,1227.981224743059,1247.630838798673
2013-12-20 20:10:00+01:00,5059,LSTM,1140.507265566108,1176.2462679253929
2013-12-20 20:20:00+01:00,5059,LSTM,1019.1906659236164,1107.727408681681
2013-12-20 20:30:00+01:00,5059,LSTM,927.6131155380868,1031.7153361653636
2013-12-20 20:40:00+01:00,5059,LSTM,860.2623552924944,959.9879388267308
2013-12-20 20:50:00+01:00,5059,LSTM,789.0068819818955,897.5547665695276
2013-12-20 21:00:00+01:00,5059,LSTM,744.620248807567,839.6503712579866
2013-12-20 21:10:00+01:00,5059,LSTM,782.2458984950423,791.2563288556291
2013-12-20 21:20:00+01:00,5059,LSTM,736.7810587058777,769.4331004591272
2013-12-20 21:30:00+01:00,5059,LSTM,696.8599239457909,742.7130921054088
2013-12-20 21:40:00+01:00,5059,LSTM,733.6608564436095,714.0581612738027
2013-12-20 21:50:00+01:00,5059,LSTM,721.8334867280132,703.9056607388669
2013-12-20 22:00:00+01:00,5059,LSTM,662.1285390868957,692.8677267167908
2013-12-20 22:10:00+01:00,5059,LSTM,703.3141856360395,668.2638303829542
2013-12-20 22:20:00+01:00,5059,LSTM,637.8367016450036,662.0917301467215
2013-12-20 22:30:00+01:00,5059,LSTM,693.2207686464012,638.5917554289853
2013-12-20 22:40:00+01:00,5059,LSTM,601.3870091669738,637.5688416814511
2013-12-20 22:50:00+01:00,5059,LSTM,664.3227327647204,609.8513292425688
2013-12-20 23:00:00+01:00,5059,LSTM,564.037425103182,608.6337634943073
2013-12-20 23:10:00+01:00,5059,LSTM,487.86608792561753,578.0767795645774
2013-12-20 23:20:00+01:00,5059,LSTM,539.5644707546805,535.7156670458368
2013-12-20 23:30:00+01:00,5059,LSTM,738.7418686016814,521.9562765932338
2013-12-20 23:40:00+01:00,5059,LSTM,1177.4382281359135,570.7012171082796
2013-12-20 23:50:00+01:00,5059,LSTM,832.1245890698235,745.1019500424773
2013-12-21 00:00:00+01:00,5059,LSTM,696.6467983525015,758.7689682132979
2013-12-21 00:10:00+01:00,5059,LSTM,505.4170073563016,716.3352982871006
2013-12-21 00:20:00+01:00,5059,LSTM,790.2081757245131,615.4792197833551
2013-12-21 00:30:00+01:00,5059,LSTM,458.1687248772535,639.413373364989
2013-12-21 00:40:00+01:00,5059,LSTM,404.180004582827,545.4755999529586
2013-12-21 00:50:00+01:00,5059,LSTM,392.9789887735571,469.0611106507069
2013-12-21 01:00:00+01:00,5059,LSTM,361.3630793424876,417.8611072067284
2013-12-21 01:10:00+01:00,5059,LSTM,361.5744809748782,378.02132088782673
2013-12-21 01:20:00+01:00,5059,LSTM,322.63081483554737,355.42478788125015
2013-12-21 01:30:00+01:00,5059,LSTM,308.5506185666257,331.973184768485
2013-12-21 01:40:00+01:00,5059,LSTM,308.66303439872377,314.8494034925343
2013-12-21 01:50:00+01:00,5059,LSTM,316.962483172886,305.3691517086131
2013-12-21 02:00:00+01:00,5059,LSTM,297.18680753531356,302.9667730337694
2013-12-21 02:10:00+01:00,5059,LSTM,320.12656750925487,296.32529339219036
2013-12-21 02:20:00+01:00,5059,LSTM,315.64931870746796,299.7530335343379
2013-12-21 02:30:00+01:00,5059,LSTM,277.50320233929483,301.0295776732387
2013-12-21 02:40:00+01:00,5059,LSTM,282.77679816256216,289.9798712846514
2013-12-21 02:50:00+01:00,5059,LSTM,296.1383101916275,284.3389262384271
2013-12-21 03:00:00+01:00,5059,LSTM,279.4826319466248,284.8715966835309
2013-12-21 03:10:00+01:00,5059,LSTM,274.2796422617979,279.9805863514857
2013-12-21 03:20:00+01:00,5059,LSTM,257.2602055796141,275.2984481064482
2013-12-21 03:30:00+01:00,5059,LSTM,250.5474186164625,266.69249851261975
2013-12-21 03:40:00+01:00,5059,LSTM,319.1932872568903,258.94208525731665
2013-12-21 03:50:00+01:00,5059,LSTM,255.3902118603548,277.5474363423955
2013-12-21 04:00:00+01:00,5059,LSTM,269.69435766780987,268.9353091701007
2013-12-21 04:10:00+01:00,5059,LSTM,265.03292137537954,268.80161704744546
2013-12-21 04:20:00+01:00,5059,LSTM,273.5162230814001,267.2525601075265
2013-12-21 04:30:00+01:00,5059,LSTM,287.65330372374115,269.64141804459496
2013-12-21 04:40:00+01:00,5059,LSTM,283.76548092099694,276.86965108237814
2013-12-21 04:50:00+01:00,5059,LSTM,275.0704351487774,281.1064208874284
2013-12-21 05:00:00+01:00,5059,LSTM,292.8203879967106,281.4306854778613
2013-12-21 05:10:00+01:00,5059,LSTM,332.54619124623844,288.5270913223376
2013-12-21 05:20:00+01:00,5059,LSTM,310.369818092148,308.71215412349784
2013-12-21 05:30:00+01:00,5059,LSTM,288.3950255913151,315.2913917480778
2013-12-21 05:40:00+01:00,5059,LSTM,300.3631437786233,311.9879025237599
2013-12-21 05:50:00+01:00,5059,LSTM,302.14235877027255,314.01496416726127
2013-12-21 06:00:00+01:00,5059,LSTM,321.63304877541,315.99785029682494
2013-12-21 06:10:00+01:00,5059,LSTM,279.6580430774795,325.18437570839137
2013-12-21 06:20:00+01:00,5059,LSTM,313.6888987958482,315.75995524683435
2013-12-21 06:30:00+01:00,5059,LSTM,313.98742913939645,322.52032413436655
2013-12-21 06:40:00+01:00,5059,LSTM,310.8487630841893,327.60936665158306
2013-12-21 06:50:00+01:00,5059,LSTM,316.012619031496,330.5740215249343
2013-12-21 07:00:00+01:00,5059,LSTM,323.7438542590177,335.0830710148341
2013-12-21 07:10:00+01:00,5059,LSTM,301.79507497796254,341.6407453938248
2013-12-21 07:20:00+01:00,5059,LSTM,326.47912217084314,337.8127447903016
2013-12-21 07:30:00+01:00,5059,LSTM,342.9215768879711,344.98922603867004
2013-12-21 07:40:00+01:00,5059,LSTM,296.918470004137,356.87873342440673
2013-12-21 07:50:00+01:00,5059,LSTM,335.83933339024156,347.2318035799824
2013-12-21 08:00:00+01:00,5059,LSTM,374.4425241337799,355.9490661442867
2013-12-21 08:10:00+01:00,5059,LSTM,345.98759236029895,377.9174676347442
2013-12-21 08:20:00+01:00,5059,LSTM,423.2761378946721,382.8721186807997
2013-12-21 08:30:00+01:00,5059,LSTM,409.35818693374944,418.86274910388374
2013-12-21 08:40:00+01:00,5059,LSTM,468.2277099289084,439.77525090895926
2013-12-21 08:50:00+01:00,5059,LSTM,520.4716139397609,480.6015848531037
2013-12-21 09:00:00+01:00,5059,LSTM,583.5124224347431,533.618787109859
2013-12-21 09:10:00+01:00,5059,LSTM,506.61740576856255,601.587361067982
2013-12-21 09:20:00+01:00,5059,LSTM,730.4026707019392,617.7581634469591
2013-12-21 09:30:00+01:00,5059,LSTM,708.8068203368907,729.2520903485315
2013-12-21 09:40:00+01:00,5059,LSTM,748.758763941742,801.6981265557176
2013-12-21 09:50:00+01:00,5059,LSTM,776.958457059839,872.1217634427732
2013-12-21 10:00:00+01:00,5059,LSTM,834.7816330459577,931.4131999571008
2013-12-21 10:10:00+01:00,5059,LSTM,927.0139428925676,993.8615830443008
2013-12-21 10:20:00+01:00,5059,LSTM,1075.7582676411378,1072.0640442196996
2013-12-21 10:30:00+01:00,5059,LSTM,1118.0957235366943,1184.3209894804102
2013-12-21 10:40:00+01:00,5059,LSTM,1275.78283072255,1268.4831820625056
2013-12-21 10:50:00+01:00,5059,LSTM,1225.114013786912,1381.694069645605
2013-12-21 11:00:00+01:00,5059,LSTM,1428.2644801986223,1421.8849562326222
2013-12-21 11:10:00+01:00,5059,LSTM,1449.5227988055815,1526.7932639545008
2013-12-21 11:20:00+01:00,5059,LSTM,1457.4512375312793,1595.474444900316
2013-12-21 11:30:00+01:00,5059,LSTM,1642.2818841160702,1641.8909337054652
2013-12-21 11:40:00+01:00,5059,LSTM,1650.583984321538,1747.6508730700464
2013-12-21 11:50:00+01:00,5059,LSTM,1815.624090490248,1816.6075681875495
2013-12-21 12:00:00+01:00,5059,LSTM,1969.3022113096697,1926.898062008578
2013-12-21 12:10:00+01:00,5059,LSTM,1965.2987969933545,2051.9203612397346
2013-12-21 12:20:00+01:00,5059,LSTM,2041.429052756648,2124.4116219836164
2013-12-21 12:30:00+01:00,5059,LSTM,2129.975100508553,2197.366259391505
2013-12-21 12:40:00+01:00,5059,LSTM,2113.195746146977,2272.2449210964023
2013-12-21 12:50:00+01:00,5059,LSTM,2121.88208903975,2308.7827334460817
2013-12-21 13:00:00+01:00,5059,LSTM,2164.920437372808,2334.458264806676
2013-12-21 13:10:00+01:00,5059,LSTM,2325.1904733925903,2366.1003462218973
2013-12-21 13:20:00+01:00,5059,LSTM,2355.1354274656605,2443.9808448290273
2013-12-21 13:30:00+01:00,5059,LSTM,2386.169719685619,2498.5564869514856
2013-12-21 13:40:00+01:00,5059,LSTM,2157.8718248859927,2543.206159175782
2013-12-21 13:50:00+01:00,5059,LSTM,2452.4161408036844,2484.2890780886014
2013-12-21 14:00:00+01:00,5059,LSTM,2294.8981232228152,2569.0330994878404
2013-12-21 14:10:00+01:00,5059,LSTM,2495.482685549686,2554.2775453680433
2013-12-21 14:20:00+01:00,5059,LSTM,2569.293698796655,2626.0146170276703
2013-12-21 14:30:00+01:00,5059,LSTM,2397.1415955866864,2692.3398968347437
2013-12-21 14:40:00+01:00,5059,LSTM,2213.513618410191,2661.71344428679
2013-12-21 14:50:00+01:00,5059,LSTM,2490.4224224505124,2568.73237963043
2013-12-21 15:00:00+01:00,5059,LSTM,2579.465554229899,2624.4056492324376
2013-12-21 15:10:00+01:00,5059,LSTM,2429.4550315029883,2683.167241835205
2013-12-21 15:20:00+01:00,5059,LSTM,2475.5438197314447,2648.0072625996554
2013-12-21 15:30:00+01:00,5059,LSTM,2627.731778682969,2638.1178919399545
2013-12-21 15:40:00+01:00,5059,LSTM,2615.487556466842,2683.884074053452
2013-12-21 15:50:00+01:00,5059,LSTM,2511.203744927034,2695.63487731891
2013-12-21 16:00:00+01:00,5059,LSTM,2755.580728222209,2651.818595397128
2013-12-21 16:10:00+01:00,5059,LSTM,2681.335273491005,2713.403341358946
2013-12-21 16:20:00+01:00,5059,LSTM,2624.820788477209,2712.8422307412807
2013-12-21 16:30:00+01:00,5059,LSTM,2838.9737218283976,2683.469360389627
2013-12-21 16:40:00+01:00,5059,LSTM,2782.5342073262636,2741.1082655247274
2013-12-21 16:50:00+01:00,5059,LSTM,2546.9558334697927,2748.6429297660507
2013-12-21 17:00:00+01:00,5059,LSTM,2749.619216672935,2659.0568524301584
2013-12-21 17:10:00+01:00,5059,LSTM,2715.9995497311984,2680.056423124182
2013-12-21 17:20:00+01:00,5059,LSTM,2544.212649289884,2676.8162249396214
2013-12-21 17:30:00+01:00,5059,LSTM,2755.392289210746,2605.7822316442976
2013-12-21 17:40:00+01:00,5059,LSTM,2733.138698649621,2640.0928521197875
2013-12-21 17:50:00+01:00,5059,LSTM,2625.954980778301,2649.9214960175855
2013-12-21 18:00:00+01:00,5059,LSTM,2288.752105761026,2612.804156872927
2013-12-21 18:10:00+01:00,5059,LSTM,2231.908150630958,2456.957139792477
2013-12-21 18:20:00+01:00,5059,LSTM,2133.0560700171113,2337.290626254384
2013-12-21 18:30:00+01:00,5059,LSTM,2152.113357818747,2220.422963714771
2013-12-21 18:40:00+01:00,5059,LSTM,1993.870969255997,2150.099275384975
2013-12-21 18:50:00+01:00,5059,LSTM,1951.8522228049544,2036.083264656016
2013-12-21 19:00:00+01:00,5059,LSTM,1813.9456247719977,1941.119721823387
2013-12-21 19:10:00+01:00,5059,LSTM,1655.682457770184,1821.305412634442
2013-12-21 19:20:00+01:00,5059,LSTM,1597.5038821789983,1680.3481663078244
2013-12-21 19:30:00+01:00,5059,LSTM,1325.428572246081,1567.6759683021492
2013-12-21 19:40:00+01:00,5059,LSTM,1457.4199301408544,1400.6527356024003
2013-12-21 19:50:00+01:00,5059,LSTM,1450.1373393755623,1342.800115756135
2013-12-21 20:00:00+01:00,5059,LSTM,1219.9036467766934,1305.8053938949058
2013-12-21 20:10:00+01:00,5059,LSTM,1292.191702801296,1212.2140383941996
2013-12-21 20:20:00+01:00,5059,LSTM,1162.7395183121157,1176.9691903035423
2013-12-21 20:30:00+01:00,5059,LSTM,1148.6571509839123,1117.2849384754718
2013-12-21 20:40:00+01:00,5059,LSTM,1033.7630369467995,1076.3346158691877
2013-12-21 20:50:00+01:00,5059,LSTM,946.2925631434156,1017.6157126647832
2013-12-21 21:00:00+01:00,5059,LSTM,943.5212992022794,955.8977116731262
2013-12-21 21:10:00+01:00,5059,LSTM,952.7126237258566,916.0516020781528
2013-12-21 21:20:00+01:00,5059,LSTM,890.1042880755691,893.2424088468298
2013-12-21 21:30:00+01:00,5059,LSTM,913.2415029214424,861.3355948827154
2013-12-21 21:40:00+01:00,5059,LSTM,859.0974896130027,846.9338528277127
2013-12-21 21:50:00+01:00,5059,LSTM,780.5531538602319,822.0000388363562
2013-12-21 22:00:00+01:00,5059,LSTM,788.2426380564108,783.2247775010723
2013-12-21 22:10:00+01:00,5059,LSTM,706.0111943347817,759.3742543449006
2013-12-21 22:20:00+01:00,5059,LSTM,683.720385125667,720.393734223221
2013-12-21 22:30:00+01:00,5059,LSTM,653.2257902519702,688.5043165531837
2013-12-21 22:40:00+01:00,5059,LSTM,590.1951788206926,658.8966399407726
2013-12-21 22:50:00+01:00,5059,LSTM,508.7833081277942,622.0923758104572
2013-12-21 23:00:00+01:00,5059,LSTM,559.7362623338194,575.9570542440831
2013-12-21 23:10:00+01:00,5059,LSTM,489.1153815959461,559.2367970558676
2013-12-21 23:20:00+01:00,5059,LSTM,517.4391731768401,528.7489320701084
2013-12-21 23:30:00+01:00,5059,LSTM,570.5881804581738,516.2488351599347
2013-12-21 23:40:00+01:00,5059,LSTM,525.5759387678265,522.0957383410603
2013-12-21 23:50:00+01:00,5059,LSTM,463.4318768975877,512.9141666480753
2013-12-22 00:00:00+01:00,5059,LSTM,485.2741227358194,488.5870374853326
2013-12-22 00:10:00+01:00,5059,LSTM,469.7986701249669,477.748709182565
2013-12-22 00:20:00+01:00,5059,LSTM,406.7675352334708,465.1011080167506
2013-12-22 00:30:00+01:00,5059,LSTM,498.5281362522783,437.8341508526055
2013-12-22 00:40:00+01:00,5059,LSTM,419.4829737261513,446.13500966086303
2013-12-22 00:50:00+01:00,5059,LSTM,313.36543535485157,427.6506458672544
2013-12-22 01:00:00+01:00,5059,LSTM,311.2208008242395,383.84304752275045
2013-12-22 01:10:00+01:00,5059,LSTM,285.2769293759354,354.1532557399728
2013-12-22 01:20:00+01:00,5059,LSTM,287.1130974363921,326.7853009958096
2013-12-22 01:30:00+01:00,5059,LSTM,288.1645881347529,309.68599691755526
2013-12-22 01:40:00+01:00,5059,LSTM,265.65384787143427,299.18364729268956
2013-12-22 01:50:00+01:00,5059,LSTM,327.46785882066564,286.0691144412983
2013-12-22 02:00:00+01:00,5059,LSTM,274.2746457073946,296.4977993569066
2013-12-22 02:10:00+01:00,5059,LSTM,263.7229004501788,287.321181382503
2013-12-22 02:20:00+01:00,5059,LSTM,257.93139545250136,278.231515738963
2013-12-22 02:30:00+01:00,5059,LSTM,210.99528951371903,270.1552060800475
2013-12-22 02:40:00+01:00,5059,LSTM,235.3851861644892,249.8759643467988
2013-12-22 02:50:00+01:00,5059,LSTM,244.28406511376463,244.1420059493289
2013-12-22 03:00:00+01:00,5059,LSTM,207.78161969311412,243.1855303098273
2013-12-22 03:10:00+01:00,5059,LSTM,191.04721561606692,231.21081896449095
2013-12-22 03:20:00+01:00,5059,LSTM,239.08790421682912,218.22345098303572
2013-12-22 03:30:00+01:00,5059,LSTM,235.65778299775752,225.3832644253539
2013-12-22 03:40:00+01:00,5059,LSTM,192.7590164378298,229.43400752791263
2013-12-22 03:50:00+01:00,5059,LSTM,211.66522254048812,218.51181568351444
2013-12-22 04:00:00+01:00,5059,LSTM,198.14498083578223,217.76631017653744
2013-12-22 04:10:00+01:00,5059,LSTM,188.68126472202889,212.752447623674
2013-12-22 04:20:00+01:00,5059,LSTM,197.03189458565475,206.4808067834765
2013-12-22 04:30:00+01:00,5059,LSTM,207.60875226614704,205.34762908822495
2013-12-22 04:40:00+01:00,5059,LSTM,194.52624481075372,208.53700794804467
2013-12-22 04:50:00+01:00,5059,LSTM,199.42442852212247,206.65412865478265
2013-12-22 05:00:00+01:00,5059,LSTM,191.96487118811712,207.48495467944372
2013-12-22 05:10:00+01:00,5059,LSTM,184.78975548405063,205.69508873742737
2013-12-22 05:20:00+01:00,5059,LSTM,202.4455631068451,202.21629615437064
2013-12-22 05:30:00+01:00,5059,LSTM,188.96750227212567,206.24873963769937
2013-12-22 05:40:00+01:00,5059,LSTM,196.66335017015635,204.4964053988174
2013-12-22 05:50:00+01:00,5059,LSTM,218.43880114155652,206.36250032794464
2013-12-22 06:00:00+01:00,5059,LSTM,204.2862255757433,215.63959137098732
2013-12-22 06:10:00+01:00,5059,LSTM,204.22127119083729,217.26347860100623
2013-12-22 06:20:00+01:00,5059,LSTM,212.75473150049305,218.6117059617318
2013-12-22 06:30:00+01:00,5059,LSTM,201.71213416432457,222.6292300102743
2013-12-22 06:40:00+01:00,5059,LSTM,182.2608393858939,221.3960454787209
2013-12-22 06:50:00+01:00,5059,LSTM,215.85309176023844,213.44200525020233
2013-12-22 07:00:00+01:00,5059,LSTM,209.48022861129783,220.13220617100524
2013-12-22 07:10:00+01:00,5059,LSTM,202.72679324680985,222.50940829964705
2013-12-22 07:20:00+01:00,5059,LSTM,241.69568393787728,222.03466722242433
2013-12-22 07:30:00+01:00,5059,LSTM,212.70930709149425,236.29531571642065
2013-12-22 07:40:00+01:00,5059,LSTM,195.1311476488756,235.6509826265883
2013-12-22 07:50:00+01:00,5059,LSTM,250.3366115453922,228.7810491398443
2013-12-22 08:00:00+01:00,5059,LSTM,234.88384368845,244.35064492016815
2013-12-22 08:10:00+01:00,5059,LSTM,237.84228777449152,249.48164834772092
2013-12-22 08:20:00+01:00,5059,LSTM,284.89967062812855,254.5380546013423
2013-12-22 08:30:00+01:00,5059,LSTM,271.1842710479676,276.0241387390995
2013-12-22 08:40:00+01:00,5059,LSTM,261.9084632819213,286.1108422354662
2013-12-22 08:50:00+01:00,5059,LSTM,294.08462966525536,289.6985000692291
2013-12-22 09:00:00+01:00,5059,LSTM,349.03415157397745,304.29075631296746
2013-12-22 09:10:00+01:00,5059,LSTM,349.0551269253957,336.2005133687096
2013-12-22 09:20:00+01:00,5059,LSTM,378.0785075419979,359.6025792956608
2013-12-22 09:30:00+01:00,5059,LSTM,424.978015977355,388.58474694884865
2013-12-22 09:40:00+01:00,5059,LSTM,469.05362333895664,428.9340669331272
2013-12-22 09:50:00+01:00,5059,LSTM,553.5082173000166,477.2691892238872
2013-12-22 10:00:00+01:00,5059,LSTM,689.4640303827067,549.953994666696
2013-12-22 10:10:00+01:00,5059,LSTM,631.2228099903323,665.8294565139792
2013-12-22 10:20:00+01:00,5059,LSTM,707.7872588440464,727.9384224597914
2013-12-22 10:30:00+01:00,5059,LSTM,766.1703882051784,807.5584339165339
2013-12-22 10:40:00+01:00,5059,LSTM,803.8872406256111,889.106782319403
2013-12-22 10:50:00+01:00,5059,LSTM,971.2717553509528,960.9936019777932
2013-12-22 11:00:00+01:00,5059,LSTM,1046.3397378106597,1082.8738740708638
2013-12-22 11:10:00+01:00,5059,LSTM,1230.150878338549,1193.1641930547655
2013-12-22 11:20:00+01:00,5059,LSTM,1127.9285123618542,1337.7148103824954
2013-12-22 11:30:00+01:00,5059,LSTM,1449.8252432075024,1373.0436240031072
2013-12-22 11:40:00+01:00,5059,LSTM,1383.4528775203491,1520.4859272009965
2013-12-22 11:50:00+01:00,5059,LSTM,1643.2719876138165,1571.6113626105646
2013-12-22 12:00:00+01:00,5059,LSTM,1733.9001619720027,1705.3976933373378
2013-12-22 12:10:00+01:00,5059,LSTM,1675.901197522778,1818.2360594618972
2013-12-22 12:20:00+01:00,5059,LSTM,1833.24241029612,1867.0848240905043
2013-12-22 12:30:00+01:00,5059,LSTM,1764.016121224312,1965.086161994363
2013-12-22 12:40:00+01:00,5059,LSTM,2001.0840532715697,2000.4431826713671
2013-12-22 12:50:00+01:00,5059,LSTM,1983.3840196166277,2116.1740542151165
2013-12-22 13:00:00+01:00,5059,LSTM,2070.590497311268,2174.9378031424426
2013-12-22 13:10:00+01:00,5059,LSTM,2207.3521651652018,2242.7723935827
2013-12-22 13:20:00+01:00,5059,LSTM,2090.542334964311,2330.050620850089
2013-12-22 13:30:00+01:00,5059,LSTM,1998.656231994664,2335.661727026741
2013-12-22 13:40:00+01:00,5059,LSTM,2118.2162342092574,2307.7246191570985
2013-12-22 13:50:00+01:00,5059,LSTM,2046.2310710816632,2338.474972948629
2013-12-22 14:00:00+01:00,5059,LSTM,2005.1089368734376,2326.153734418764
2013-12-22 14:10:00+01:00,5059,LSTM,2134.599187877855,2303.368610431842
2013-12-22 14:20:00+01:00,5059,LSTM,2146.133726180325,2340.294328085965
2013-12-22 14:30:00+01:00,5059,LSTM,2083.603607826776,2363.076946074075
2013-12-22 14:40:00+01:00,5059,LSTM,2265.521280624695,2349.3429070048005
2013-12-22 14:50:00+01:00,5059,LSTM,2261.104094533786,2413.169647717509
2013-12-22 15:00:00+01:00,5059,LSTM,2310.0314756094363,2444.463045623643
2013-12-22 15:10:00+01:00,5059,LSTM,2401.240861408792,2479.7647594896625
2013-12-22 15:20:00+01:00,5059,LSTM,2304.6191588951147,2533.3740185354563
2013-12-22 15:30:00+01:00,5059,LSTM,2281.7643829912877,2520.695063244974
2013-12-22 15:40:00+01:00,5059,LSTM,2348.8731711906944,2499.044632208399
2013-12-22 15:50:00+01:00,5059,LSTM,2395.825975823637,2507.7033826144007
2013-12-22 16:00:00+01:00,5059,LSTM,2172.3371864192545,2524.1635987166146
2013-12-22 16:10:00+01:00,5059,LSTM,2329.111973580378,2430.254615151399
2013-12-22 16:20:00+01:00,5059,LSTM,2651.8509155766255,2431.272050668972
2013-12-22 16:30:00+01:00,5059,LSTM,2556.071906126393,2553.1569559458926
2013-12-22 16:40:00+01:00,5059,LSTM,2471.2009086606076,2577.861791580705
2013-12-22 16:50:00+01:00,5059,LSTM,2486.2011773419395,2549.4569361188956
2013-12-22 17:00:00+01:00,5059,LSTM,2402.3154583594815,2531.607231094125
2013-12-22 17:10:00+01:00,5059,LSTM,2440.9217081260927,2480.9312727970146
2013-12-22 17:20:00+01:00,5059,LSTM,2260.968178587986,2459.941726098238
2013-12-22 17:30:00+01:00,5059,LSTM,2325.2428465410244,2367.85815869074
2013-12-22 17:40:00+01:00,5059,LSTM,2008.163276809019,2331.6360439123
2013-12-22 17:50:00+01:00,5059,LSTM,2312.854559050513,2171.9622500882124
2013-12-22 18:00:00+01:00,5059,LSTM,1884.452834826,2190.982781069453
2013-12-22 18:10:00+01:00,5059,LSTM,2071.2512369688743,2022.1897741274631
2013-12-22 18:20:00+01:00,5059,LSTM,1986.6574873268737,1985.136658487236
2013-12-22 18:30:00+01:00,5059,LSTM,1833.1049849331396,1923.2189643577071
2013-12-22 18:40:00+01:00,5059,LSTM,1691.1321556824853,1818.1370433693116
2013-12-22 18:50:00+01:00,5059,LSTM,1681.0177891329374,1692.3757950234185
2013-12-22 19:00:00+01:00,5059,LSTM,1457.5157131782094,1606.7659510347169
2013-12-22 19:10:00+01:00,5059,LSTM,1255.7268027408024,1470.8380549164096
2013-12-22 19:20:00+01:00,5059,LSTM,1255.9373055745234,1318.1875631633216
2013-12-22 19:30:00+01:00,5059,LSTM,1104.201731118355,1227.0380121094624
2013-12-22 19:40:00+01:00,5059,LSTM,929.8861179876608,1127.2985017739604
2013-12-22 19:50:00+01:00,5059,LSTM,896.4365406331452,1019.0290959946144
2013-12-22 20:00:00+01:00,5059,LSTM,807.0841135528798,945.6030685544258
2013-12-22 20:10:00+01:00,5059,LSTM,1002.887214703369,877.4064487044329
2013-12-22 20:20:00+01:00,5059,LSTM,794.0688955845468,885.6763322017964
2013-12-22 20:30:00+01:00,5059,LSTM,773.2915473142456,835.849062455761
2013-12-22 20:40:00+01:00,5059,LSTM,666.1854757902189,797.9027622157896
2013-12-22 20:50:00+01:00,5059,LSTM,663.6101968280295,744.0991425644793
2013-12-22 21:00:00+01:00,5059,LSTM,622.5816799868818,707.4627803545516
2013-12-22 21:10:00+01:00,5059,LSTM,596.7989406741705,671.7277035312246
2013-12-22 21:20:00+01:00,5059,LSTM,650.9452692968117,640.6889267601736
2013-12-22 21:30:00+01:00,5059,LSTM,500.1367460087596,633.1786814375045
2013-12-22 21:40:00+01:00,5059,LSTM,519.0877109988569,587.6295304769131
2013-12-22 21:50:00+01:00,5059,LSTM,522.9897592793978,561.8586546033874
2013-12-22 22:00:00+01:00,5059,LSTM,535.3906570664624,544.3684147104988
2013-12-22 22:10:00+01:00,5059,LSTM,484.1563505064594,534.9789616742221
2013-12-22 22:20:00+01:00,5059,LSTM,455.8810415951838,513.9356234195561
2013-12-22 22:30:00+01:00,5059,LSTM,444.8541354743016,491.3827414155378
2013-12-22 22:40:00+01:00,5059,LSTM,423.22686580721177,472.3270098928484
2013-12-22 22:50:00+01:00,5059,LSTM,406.41707764769137,452.7431536903416
2013-12-22 23:00:00+01:00,5059,LSTM,471.2686510180205,434.28355848963986
2013-12-22 23:10:00+01:00,5059,LSTM,413.9503036024784,439.43775697596186
2013-12-22 23:20:00+01:00,5059,LSTM,342.5726055687035,425.7239407343077
2013-12-22 23:30:00+01:00,5059,LSTM,381.977035666582,395.6165796146406
2013-12-22 23:40:00+01:00,5059,LSTM,298.5262865761017,386.2906507342899
2013-12-22 23:50:00+01:00,5059,LSTM,353.7261024058185,355.10378691717665
2013-12-16 00:00:00+01:00,5259,AR,232.1898766899327,268.263096369648
2013-12-16 00:10:00+01:00,5259,AR,246.45064270918337,251.382724042014
2013-12-16 00:20:00+01:00,5259,AR,214.6365768929448,248.1060243223944
2013-12-16 00:30:00+01:00,5259,AR,219.90701685964387,222.426601456809
2013-12-16 00:40:00+01:00,5259,AR,268.1308842448762,229.3391878357915
2013-12-16 00:50:00+01:00,5259,AR,221.68804086152016,260.65568725114275
2013-12-16 01:00:00+01:00,5259,AR,222.3082533659559,245.63373424318308
2013-12-16 01:10:00+01:00,5259,AR,211.72433867681735,247.50012237220807
2013-12-16 01:20:00+01:00,5259,AR,228.3670902294976,237.6956021277752
2013-12-16 01:30:00+01:00,5259,AR,209.083516772896,251.14116554955223
2013-12-16 01:40:00+01:00,5259,AR,192.91373510366645,241.41092143823892
2013-12-16 01:50:00+01:00,5259,AR,192.7650026681405,216.4440731688335
2013-12-16 02:00:00+01:00,5259,AR,206.97307095675816,216.855051236464
2013-12-16 02:10:00+01:00,5259,AR,234.1046599547227,225.0628117826966
2013-12-16 02:20:00+01:00,5259,AR,206.42862575468757,239.6103914036116
2013-12-16 02:30:00+01:00,5259,AR,206.32528911496988,232.52972731591933
2013-12-16 02:40:00+01:00,5259,AR,195.28281835742075,235.09169688842627
2013-12-16 02:50:00+01:00,5259,AR,187.5159097104894,221.50884351403047
2013-12-16 03:00:00+01:00,5259,AR,169.92991641404285,213.46098512309976
2013-12-16 03:10:00+01:00,5259,AR,193.78353148119984,197.6494744484523
2013-12-16 03:20:00+01:00,5259,AR,169.87399148214186,203.222167375343
2013-12-16 03:30:00+01:00,5259,AR,167.73363047572687,193.22955786558236
2013-12-16 03:40:00+01:00,5259,AR,196.84103204670907,190.0076117942035
2013-12-16 03:50:00+01:00,5259,AR,163.3166196460585,201.23343918783132
2013-12-16 04:00:00+01:00,5259,AR,164.8898817361429,185.92648291874988
2013-12-16 04:10:00+01:00,5259,AR,213.83914269147948,188.87377385992983
2013-12-16 04:20:00+01:00,5259,AR,168.6627156809515,212.2942281709736
2013-12-16 04:30:00+01:00,5259,AR,166.91851495015797,195.67310543395513
2013-12-16 04:40:00+01:00,5259,AR,187.45837269291812,195.7113230036593
2013-12-16 04:50:00+01:00,5259,AR,171.63751616185593,193.43120405607945
2013-12-16 05:00:00+01:00,5259,AR,169.25965308148363,189.86204864515645
2013-12-16 05:10:00+01:00,5259,AR,178.00411355436933,193.0865218782124
2013-12-16 05:20:00+01:00,5259,AR,168.92126507089893,183.7324689614994
2013-12-16 05:30:00+01:00,5259,AR,171.16241950107786,184.61624374009656
2013-12-16 05:40:00+01:00,5259,AR,205.2234314816404,190.5250450832031
2013-12-16 05:50:00+01:00,5259,AR,189.87571240877625,204.16498103382037
2013-12-16 06:00:00+01:00,5259,AR,199.52766755495017,205.7213038964174
2013-12-16 06:10:00+01:00,5259,AR,182.89712685375787,219.0085367262231
2013-12-16 06:20:00+01:00,5259,AR,229.8823120720419,203.95004096270168
2013-12-16 06:30:00+01:00,5259,AR,194.64495741514983,235.01566267038345
2013-12-16 06:40:00+01:00,5259,AR,224.58916577687495,224.26124743712717
2013-12-16 06:50:00+01:00,5259,AR,237.17328332060544,236.7529856104273
2013-12-16 07:00:00+01:00,5259,AR,303.3206858845811,251.56958010641767
2013-12-16 07:10:00+01:00,5259,AR,308.52096198471156,305.7621679822349
2013-12-16 07:20:00+01:00,5259,AR,344.4099959516533,330.12708174923984
2013-12-16 07:30:00+01:00,5259,AR,428.88050232484073,365.8886752114955
2013-12-16 07:40:00+01:00,5259,AR,472.670063868485,438.0473044580027
2013-12-16 07:50:00+01:00,5259,AR,609.255805636527,496.1724833551709
2013-12-16 08:00:00+01:00,5259,AR,728.317303952794,616.0480949813207
2013-12-16 08:10:00+01:00,5259,AR,860.0230445389815,739.1999073194239
2013-12-16 08:20:00+01:00,5259,AR,1125.8513984364304,885.4552235187975
2013-12-16 08:30:00+01:00,5259,AR,1168.1613184302253,1123.3603667369418
2013-12-16 08:40:00+01:00,5259,AR,1387.1550088788963,1237.0088357344257
2013-12-16 08:50:00+01:00,5259,AR,1756.506362473516,1451.3323181274534
2013-12-16 09:00:00+01:00,5259,AR,2052.4333607953986,1761.49896506679
2013-12-16 09:10:00+01:00,5259,AR,2183.596149598601,2080.8119241316003
2013-12-16 09:20:00+01:00,5259,AR,2043.354206730856,2305.8453482885984
2013-12-16 09:30:00+01:00,5259,AR,2211.9809851344016,2262.83513437712
2013-12-16 09:40:00+01:00,5259,AR,2340.459539797622,2356.5408491276567
2013-12-16 09:50:00+01:00,5259,AR,2499.440104552217,2432.7056156150084
2013-12-16 10:00:00+01:00,5259,AR,2422.3499451419243,2541.3912434047393
2013-12-16 10:10:00+01:00,5259,AR,2569.7797810912753,2530.2940696887263
2013-12-16 10:20:00+01:00,5259,AR,2579.761359507784,2619.3713933142612
2013-12-16 10:30:00+01:00,5259,AR,2654.0538223338262,2643.382848641956
2013-12-16 10:40:00+01:00,5259,AR,2848.7235634199683,2677.835645228428
2013-12-16 10:50:00+01:00,5259,AR,2786.207240346757,2809.2667704383484
2013-12-16 11:00:00+01:00,5259,AR,2861.6458402638873,2832.760406633593
2013-12-16 11:10:00+01:00,5259,AR,2811.4269506459545,2914.4711594690825
2013-12-16 11:20:00+01:00,5259,AR,2873.902927843222,2855.6025198000925
2013-12-16 11:30:00+01:00,5259,AR,2930.762981621897,2877.553307064911
2013-12-16 11:40:00+01:00,5259,AR,3040.1118425684667,2925.542867024834
2013-12-16 11:50:00+01:00,5259,AR,3118.577086113159,3006.0791190251
2013-12-16 12:00:00+01:00,5259,AR,2854.6622378680117,3094.2303645243046
2013-12-16 12:10:00+01:00,5259,AR,2981.666579832694,2962.232356985591
2013-12-16 12:20:00+01:00,5259,AR,3125.8438192035446,2977.153398018522
2013-12-16 12:30:00+01:00,5259,AR,3391.408784226711,3057.6851741241185
2013-12-16 12:40:00+01:00,5259,AR,3522.350129221956,3306.1173958055133
2013-12-16 12:50:00+01:00,5259,AR,3438.2262069090484,3481.7307530736007
2013-12-16 13:00:00+01:00,5259,AR,3530.8870394481014,3492.81607537813
2013-12-16 13:10:00+01:00,5259,AR,3249.5358285368206,3583.004535704753
2013-12-16 13:20:00+01:00,5259,AR,3270.111501785123,3373.939950864809
2013-12-16 13:30:00+01:00,5259,AR,3355.132464557213,3307.6277081047974
2013-12-16 13:40:00+01:00,5259,AR,3163.859998487774,3322.280872326311
2013-12-16 13:50:00+01:00,5259,AR,3426.3613388472177,3188.983883194696
2013-12-16 14:00:00+01:00,5259,AR,3390.7327740282776,3333.4853514447564
2013-12-16 14:10:00+01:00,5259,AR,3217.67477696165,3317.306430760096
2013-12-16 14:20:00+01:00,5259,AR,3293.2998465105748,3234.2359957383005
2013-12-16 14:30:00+01:00,5259,AR,3250.974829296687,3251.4052065274736
2013-12-16 14:40:00+01:00,5259,AR,2988.675552829502,3176.058841115612
2013-12-16 14:50:00+01:00,5259,AR,2891.024586581531,3037.8139513852607
2013-12-16 15:00:00+01:00,5259,AR,2885.9451947460952,2899.3112381186884
2013-12-16 15:10:00+01:00,5259,AR,3058.134359507787,2790.7241618412536
2013-12-16 15:20:00+01:00,5259,AR,2785.339347452345,2931.3966172682713
2013-12-16 15:30:00+01:00,5259,AR,3014.155516017743,2781.829820076703
2013-12-16 15:40:00+01:00,5259,AR,2961.3494035523768,2877.43844761144
2013-12-16 15:50:00+01:00,5259,AR,2770.2828547195795,2901.2091063627854
2013-12-16 16:00:00+01:00,5259,AR,2893.541455722238,2804.982825895533
2013-12-16 16:10:00+01:00,5259,AR,3021.910283789267,2830.303603895357
2013-12-16 16:20:00+01:00,5259,AR,3028.2186093273453,2903.6442831692943
2013-12-16 16:30:00+01:00,5259,AR,3020.5500419830805,3013.8171942881545
2013-12-16 16:40:00+01:00,5259,AR,2886.455659477084,3013.3772136225157
2013-12-16 16:50:00+01:00,5259,AR,2971.204943893771,2904.1796824829194
2013-12-16 17:00:00+01:00,5259,AR,2918.5884743677407,2955.2431156712532
2013-12-16 17:10:00+01:00,5259,AR,2771.498766262565,2902.3876817884775
2013-12-16 17:20:00+01:00,5259,AR,2934.119722242314,2762.698549562569
2013-12-16 17:30:00+01:00,5259,AR,2954.7514697847732,2855.380325119566
2013-12-16 17:40:00+01:00,5259,AR,2941.6684416222006,2887.451878237821
2013-12-16 17:50:00+01:00,5259,AR,2747.2111219267767,2911.252223220414
2013-12-16 18:00:00+01:00,5259,AR,2658.7868297078226,2776.468002230446
2013-12-16 18:10:00+01:00,5259,AR,2650.058586218643,2648.6185958198976
2013-12-16 18:20:00+01:00,5259,AR,2317.725007155487,2621.8678210600874
2013-12-16 18:30:00+01:00,5259,AR,2560.468324335149,2349.92446955461
2013-12-16 18:40:00+01:00,5259,AR,2174.4464414563727,2401.3185267717963
2013-12-16 18:50:00+01:00,5259,AR,2060.1047957708984,2163.716165657859
2013-12-16 19:00:00+01:00,5259,AR,2025.345260150384,2039.903879919218
2013-12-16 19:10:00+01:00,5259,AR,1840.871024838,1919.363767954693
2013-12-16 19:20:00+01:00,5259,AR,1864.1748189448856,1746.902054440534
2013-12-16 19:30:00+01:00,5259,AR,1815.919576026279,1760.4601727579834
2013-12-16 19:40:00+01:00,5259,AR,1556.1769534235257,1690.5135321370672
2013-12-16 19:50:00+01:00,5259,AR,1483.8280027889798,1526.423272878982
2013-12-16 20:00:00+01:00,5259,AR,1350.4185893230958,1443.4470847859618
2013-12-16 20:10:00+01:00,5259,AR,1286.6215678230387,1276.7938869932336
2013-12-16 20:20:00+01:00,5259,AR,1215.8221219491645,1206.9716132687593
2013-12-16 20:30:00+01:00,5259,AR,1162.746253035903,1152.8834912938505
2013-12-16 20:40:00+01:00,5259,AR,1167.4231488764965,1075.5265560233838
2013-12-16 20:50:00+01:00,5259,AR,962.3013952792026,1093.5027267847431
2013-12-16 21:00:00+01:00,5259,AR,951.8954550191452,955.696411580626
2013-12-16 21:10:00+01:00,5259,AR,927.2463121432532,893.4959511326352
2013-12-16 21:20:00+01:00,5259,AR,875.9510409007667,864.7062019306076
2013-12-16 21:30:00+01:00,5259,AR,853.0675487997621,839.3099484205754
2013-12-16 21:40:00+01:00,5259,AR,817.6552269628801,819.329049598548
2013-12-16 21:50:00+01:00,5259,AR,764.6573964769121,780.0207397618062
2013-12-16 22:00:00+01:00,5259,AR,819.1555457572014,752.6521136950203
2013-12-16 22:10:00+01:00,5259,AR,746.0706382294346,780.6211883842644
2013-12-16 22:20:00+01:00,5259,AR,672.637745486664,728.5641014592072
2013-12-16 22:30:00+01:00,5259,AR,686.4748731049707,685.7374184868324
2013-12-16 22:40:00+01:00,5259,AR,691.5768979191633,677.8665081908179
2013-12-16 22:50:00+01:00,5259,AR,721.835402793747,664.4146692957028
2013-12-16 23:00:00+01:00,5259,AR,670.4378984320219,698.2082381190025
2013-12-16 23:10:00+01:00,5259,AR,651.5783809786882,672.6982911802353
2013-12-16 23:20:00+01:00,5259,AR,609.9293871411836,655.1210650519217
2013-12-16 23:30:00+01:00,5259,AR,588.9925199882217,631.464010631042
2013-12-16 23:40:00+01:00,5259,AR,525.4099245161871,600.9274095544895
2013-12-16 23:50:00+01:00,5259,AR,516.7734600937091,534.7396955428298
2013-12-17 00:00:00+01:00,5259,AR,467.06071091054497,516.7972755720954
2013-12-17 00:10:00+01:00,5259,AR,495.03102907536714,475.8423002301882
2013-12-17 00:20:00+01:00,5259,AR,440.19059733799304,477.12539578895206
2013-12-17 00:30:00+01:00,5259,AR,458.8445223763198,438.3961265801178
2013-12-17 00:40:00+01:00,5259,AR,489.79425554868016,448.5399906885719
2013-12-17 00:50:00+01:00,5259,AR,408.49871876603765,472.3027132015137
2013-12-17 01:00:00+01:00,5259,AR,388.2889551227609,430.38522814404655
2013-12-17 01:10:00+01:00,5259,AR,415.6460258850313,408.6179636909043
2013-12-17 01:20:00+01:00,5259,AR,387.5083917436968,404.1172888933953
2013-12-17 01:30:00+01:00,5259,AR,314.9284734537841,392.55186141244405
2013-12-17 01:40:00+01:00,5259,AR,360.4595900829752,347.22033302406464
2013-12-17 01:50:00+01:00,5259,AR,302.2349546736518,345.67028325489497
2013-12-17 02:00:00+01:00,5259,AR,288.7283914023612,313.9486840977507
2013-12-17 02:10:00+01:00,5259,AR,350.71538687571643,305.6685037494623
2013-12-17 02:20:00+01:00,5259,AR,315.43919304670925,324.20391463998476
2013-12-17 02:30:00+01:00,5259,AR,325.1870019608894,319.4341329905949
2013-12-17 02:40:00+01:00,5259,AR,376.631611345918,344.53907586301284
2013-12-17 02:50:00+01:00,5259,AR,344.88117039245583,365.1454584392221
2013-12-17 03:00:00+01:00,5259,AR,306.3181042019934,360.51354685350515
2013-12-17 03:10:00+01:00,5259,AR,379.130470973628,351.52345575367485
2013-12-17 03:20:00+01:00,5259,AR,325.178730480181,370.0150655018531
2013-12-17 03:30:00+01:00,5259,AR,319.28712012589995,346.9302345004196
2013-12-17 03:40:00+01:00,5259,AR,333.0001483713104,354.1144239651452
2013-12-17 03:50:00+01:00,5259,AR,284.91958425725534,337.11962846597976
2013-12-17 04:00:00+01:00,5259,AR,282.0920704138845,306.18081540515794
2013-12-17 04:10:00+01:00,5259,AR,316.856937076561,308.2530930855657
2013-12-17 04:20:00+01:00,5259,AR,279.538666129982,306.4036827106255
2013-12-17 04:30:00+01:00,5259,AR,316.08958227172894,292.7400994592362
2013-12-17 04:40:00+01:00,5259,AR,313.3697120239398,326.5283076135007
2013-12-17 04:50:00+01:00,5259,AR,296.6811874812207,316.503664254141
2013-12-17 05:00:00+01:00,5259,AR,290.3907096940581,315.8608209857804
2013-12-17 05:10:00+01:00,5259,AR,339.1140189265654,317.0280665137011
2013-12-17 05:20:00+01:00,5259,AR,308.0924840263518,333.08713023256684
2013-12-17 05:30:00+01:00,5259,AR,294.46112916705914,331.0177721280743
2013-12-17 05:40:00+01:00,5259,AR,315.03189379512054,325.8557714984769
2013-12-17 05:50:00+01:00,5259,AR,331.9913322207382,323.8106380200148
2013-12-17 06:00:00+01:00,5259,AR,317.0409959618591,342.09071974004485
2013-12-17 06:10:00+01:00,5259,AR,330.7334016329294,342.988969755128
2013-12-17 06:20:00+01:00,5259,AR,338.52611334543707,340.23244216507976
2013-12-17 06:30:00+01:00,5259,AR,311.9849558262465,351.8174262843072
2013-12-17 06:40:00+01:00,5259,AR,377.2446097481642,348.82436407964127
2013-12-17 06:50:00+01:00,5259,AR,364.6079825014748,375.79285930490386
2013-12-17 07:00:00+01:00,5259,AR,463.999797952032,381.1503101961073
2013-12-17 07:10:00+01:00,5259,AR,515.5595683177615,465.7536672259189
2013-12-17 07:20:00+01:00,5259,AR,516.2354324627687,522.4794761536144
2013-12-17 07:30:00+01:00,5259,AR,538.0558962925077,552.4878604759629
2013-12-17 07:40:00+01:00,5259,AR,723.5852083918212,583.3216370018527
2013-12-17 07:50:00+01:00,5259,AR,763.5819170188058,709.7132610697739
2013-12-17 08:00:00+01:00,5259,AR,728.2444448741306,788.9493028796679
2013-12-17 08:10:00+01:00,5259,AR,929.1892966376156,809.3750731894787
2013-12-17 08:20:00+01:00,5259,AR,1197.8624855872697,946.032676854302
2013-12-17 08:30:00+01:00,5259,AR,1237.7401196758376,1175.3723751774944
2013-12-17 08:40:00+01:00,5259,AR,1657.8983773660666,1317.7343543701668
2013-12-17 08:50:00+01:00,5259,AR,1860.2917224080768,1645.6678552461642
2013-12-17 09:00:00+01:00,5259,AR,2083.8604871376288,1904.3907632308435
2013-12-17 09:10:00+01:00,5259,AR,2054.594297944668,2193.8249262905792
2013-12-17 09:20:00+01:00,5259,AR,2340.44887484216,2244.689119683333
2013-12-17 09:30:00+01:00,5259,AR,2494.3693956195325,2430.6669660249845
2013-12-17 09:40:00+01:00,5259,AR,2697.0933799821023,2622.1227409163953
2013-12-17 09:50:00+01:00,5259,AR,2653.8050612841075,2792.927076366983
2013-12-17 10:00:00+01:00,5259,AR,2913.426652673073,2805.1673438513653
2013-12-17 10:10:00+01:00,5259,AR,2943.049202879115,2982.886288789935
2013-12-17 10:20:00+01:00,5259,AR,2912.6916604257776,3038.3363604356264
2013-12-17 10:30:00+01:00,5259,AR,2882.7919290560703,3024.1312561065533
2013-12-17 10:40:00+01:00,5259,AR,2897.9876864936605,2984.7379381637747
2013-12-17 10:50:00+01:00,5259,AR,3178.6437390347182,2954.9207654580605
2013-12-17 11:00:00+01:00,5259,AR,2957.5390345859732,3154.9252780011075
2013-12-17 11:10:00+01:00,5259,AR,3091.1827548452734,3034.109260295167
2013-12-17 11:20:00+01:00,5259,AR,2935.685527561912,3088.2514392298567
2013-12-17 11:30:00+01:00,5259,AR,3038.8824517189196,2998.9709152831138
2013-12-17 11:40:00+01:00,5259,AR,3033.9994816331905,3043.221652518873
2013-12-17 11:50:00+01:00,5259,AR,3046.004930756597,3029.8307770717247
2013-12-17 12:00:00+01:00,5259,AR,3170.335272323165,3024.271620240247
2013-12-17 12:10:00+01:00,5259,AR,3287.054596942698,3161.701570964722
2013-12-17 12:20:00+01:00,5259,AR,3273.397990945723,3260.337049484948
2013-12-17 12:30:00+01:00,5259,AR,3428.1892037308894,3302.4316002896535
2013-12-17 12:40:00+01:00,5259,AR,3300.243568170413,3417.8663562378897
2013-12-17 12:50:00+01:00,5259,AR,3524.259851382224,3374.976396697171
2013-12-17 13:00:00+01:00,5259,AR,3532.3970811520794,3532.6612684910824
2013-12-17 13:10:00+01:00,5259,AR,3420.4385062093897,3554.516509902949
2013-12-17 13:20:00+01:00,5259,AR,3283.058959090147,3498.8457802960666
2013-12-17 13:30:00+01:00,5259,AR,3427.271605447595,3381.656707572035
2013-12-17 13:40:00+01:00,5259,AR,3333.622922919274,3398.6209372457233
2013-12-17 13:50:00+01:00,5259,AR,3423.7215534665356,3353.0741201076603
2013-12-17 14:00:00+01:00,5259,AR,3479.5239715708476,3398.5378776094803
2013-12-17 14:10:00+01:00,5259,AR,3253.9462636361404,3421.1942436525496
2013-12-17 14:20:00+01:00,5259,AR,3157.221299838798,3318.306567753098
2013-12-17 14:30:00+01:00,5259,AR,3336.7227848194216,3205.7967996659354
2013-12-17 14:40:00+01:00,5259,AR,3390.9921450563656,3230.731151912135
2013-12-17 14:50:00+01:00,5259,AR,3404.9240883487787,3305.473053769327
2013-12-17 15:00:00+01:00,5259,AR,3288.2461604218634,3380.243987069889
2013-12-17 15:10:00+01:00,5259,AR,3316.8000187207413,3298.354143643808
2013-12-17 15:20:00+01:00,5259,AR,3067.677679739923,3304.63811346053
2013-12-17 15:30:00+01:00,5259,AR,3504.392489700039,3134.059709628622
2013-12-17 15:40:00+01:00,5259,AR,3546.8487104473024,3334.0291206551924
2013-12-17 15:50:00+01:00,5259,AR,3474.941969915728,3440.59791957142
2013-12-17 16:00:00+01:00,5259,AR,3474.567417961731,3498.851363405419
2013-12-17 16:10:00+01:00,5259,AR,3764.5302001921286,3498.6426785655576
2013-12-17 16:20:00+01:00,5259,AR,3574.8710152306157,3638.757471617896
2013-12-17 16:30:00+01:00,5259,AR,3395.2378571854833,3612.6741637474856
2013-12-17 16:40:00+01:00,5259,AR,3378.862800094695,3473.38179308939
2013-12-17 16:50:00+01:00,5259,AR,3221.694859037559,3361.6876979893423
2013-12-17 17:00:00+01:00,5259,AR,3290.867951002578,3252.8716301676204
2013-12-17 17:10:00+01:00,5259,AR,3329.692795518831,3235.2906052317176
2013-12-17 17:20:00+01:00,5259,AR,3222.857197135554,3203.283682810641
2013-12-17 17:30:00+01:00,5259,AR,3108.7493790017297,3166.2982451220105
2013-12-17 17:40:00+01:00,5259,AR,2915.6515750588233,3122.8541407295916
2013-12-17 17:50:00+01:00,5259,AR,2874.300711087408,2899.087255912415
2013-12-17 18:00:00+01:00,5259,AR,2772.0290993740923,2805.68149518417
2013-12-17 18:10:00+01:00,5259,AR,2927.0052200856608,2726.157856514937
2013-12-17 18:20:00+01:00,5259,AR,2516.4592713618176,2772.2552657050333
2013-12-17 18:30:00+01:00,5259,AR,2449.765440758487,2536.655175546081
2013-12-17 18:40:00+01:00,5259,AR,2397.9623867436294,2423.731255227255
2013-12-17 18:50:00+01:00,5259,AR,2353.1258897538055,2295.4436420465436
2013-12-17 19:00:00+01:00,5259,AR,2134.7422032875875,2239.669779369341
2013-12-17 19:10:00+01:00,5259,AR,2112.6351995853215,2103.114065306334
2013-12-17 19:20:00+01:00,5259,AR,1947.9389685539209,2016.122613691256
2013-12-17 19:30:00+01:00,5259,AR,1829.2687651115532,1894.9796115794504
2013-12-17 19:40:00+01:00,5259,AR,1907.563389200868,1788.8010939727462
2013-12-17 19:50:00+01:00,5259,AR,1698.4341146230263,1759.55527040922
2013-12-17 20:00:00+01:00,5259,AR,1633.7744316143592,1635.2449576911038
2013-12-17 20:10:00+01:00,5259,AR,1544.136156666947,1601.1787509605342
2013-12-17 20:20:00+01:00,5259,AR,1431.9976841009927,1479.7399185091865
2013-12-17 20:30:00+01:00,5259,AR,1385.2742368937363,1370.2985954213764
2013-12-17 20:40:00+01:00,5259,AR,1527.5689097045592,1333.6597660814134
2013-12-17 20:50:00+01:00,5259,AR,1436.932684935418,1388.770612608388
2013-12-17 21:00:00+01:00,5259,AR,1300.8354000717616,1372.5129658390551
2013-12-17 21:10:00+01:00,5259,AR,1182.803925806113,1311.907510316848
2013-12-17 21:20:00+01:00,5259,AR,1130.9696815796033,1175.3852915472323
2013-12-17 21:30:00+01:00,5259,AR,1155.969379668684,1094.700587535579
2013-12-17 21:40:00+01:00,5259,AR,1180.3083290307432,1104.2224004777613
2013-12-17 21:50:00+01:00,5259,AR,978.6411905452215,1097.8282895830366
2013-12-17 22:00:00+01:00,5259,AR,988.7112715471736,991.9140293802036
2013-12-17 22:10:00+01:00,5259,AR,1085.0679739272612,977.3906159679344
2013-12-17 22:20:00+01:00,5259,AR,1033.1766738634904,1004.4782917802924
2013-12-17 22:30:00+01:00,5259,AR,944.3495399442436,993.8445662213508
2013-12-17 22:40:00+01:00,5259,AR,942.019390525435,952.66705321114
2013-12-17 22:50:00+01:00,5259,AR,967.8114073882998,920.0948279354894
2013-12-17 23:00:00+01:00,5259,AR,1005.8289581153508,939.6113195298624
2013-12-17 23:10:00+01:00,5259,AR,907.1660338055204,973.7394540727424
2013-12-17 23:20:00+01:00,5259,AR,756.8508235765927,902.9323631310943
2013-12-17 23:30:00+01:00,5259,AR,723.3757899064345,796.8299675547896
2013-12-17 23:40:00+01:00,5259,AR,765.8621444140807,738.7058817227569
2013-12-17 23:50:00+01:00,5259,AR,716.9842387095558,717.4032828562945
2013-12-18 00:00:00+01:00,5259,AR,661.3384902655516,680.2801388901325
2013-12-18 00:10:00+01:00,5259,AR,632.7722086861381,650.3300637567675
2013-12-18 00:20:00+01:00,5259,AR,580.1304723754099,617.6467195580279
2013-12-18 00:30:00+01:00,5259,AR,556.2924929105255,574.2300036488807
2013-12-18 00:40:00+01:00,5259,AR,602.693229810565,540.8566195212443
2013-12-18 00:50:00+01:00,5259,AR,549.7469944477903,554.8310266933119
2013-12-18 01:00:00+01:00,5259,AR,485.1284715073028,544.2210139236653
2013-12-18 01:10:00+01:00,5259,AR,531.8049002801198,506.7269282282727
2013-12-18 01:20:00+01:00,5259,AR,523.7163558117866,509.33533256406133
2013-12-18 01:30:00+01:00,5259,AR,457.6911716842491,502.37705045232
2013-12-18 01:40:00+01:00,5259,AR,520.6367067751955,474.8585793719072
2013-12-18 01:50:00+01:00,5259,AR,493.67102441828706,497.05293344427633
2013-12-18 02:00:00+01:00,5259,AR,406.317799542244,487.01374851892007
2013-12-18 02:10:00+01:00,5259,AR,450.19852019810605,448.6195634255976
2013-12-18 02:20:00+01:00,5259,AR,436.35380375776873,440.7420386556996
2013-12-18 02:30:00+01:00,5259,AR,380.0415071504931,419.9137334044453
2013-12-18 02:40:00+01:00,5259,AR,439.2201185628973,406.9376508600796
2013-12-18 02:50:00+01:00,5259,AR,414.04528487155903,423.23860398442974
2013-12-18 03:00:00+01:00,5259,AR,377.9306487431058,402.2039814842409
2013-12-18 03:10:00+01:00,5259,AR,423.2731000130383,403.3927699659277
2013-12-18 03:20:00+01:00,5259,AR,431.6105030704312,414.7840350027759
2013-12-18 03:30:00+01:00,5259,AR,381.5679924112871,415.8306241340125
2013-12-18 03:40:00+01:00,5259,AR,433.53830482435853,413.6223178824323
2013-12-18 03:50:00+01:00,5259,AR,402.7005471920816,430.87471959600634
2013-12-18 04:00:00+01:00,5259,AR,372.7359028160493,406.31123529269496
2013-12-18 04:10:00+01:00,5259,AR,415.7556470193871,402.63049379069867
2013-12-18 04:20:00+01:00,5259,AR,406.3472734517755,412.8957317087294
2013-12-18 04:30:00+01:00,5259,AR,371.6052622552013,401.6880522650137
2013-12-18 04:40:00+01:00,5259,AR,420.7161973719539,399.3414718243515
2013-12-18 04:50:00+01:00,5259,AR,392.86649422841344,415.7222144636625
2013-12-18 05:00:00+01:00,5259,AR,370.86359355995546,396.589255923634
2013-12-18 05:10:00+01:00,5259,AR,419.2739956791281,397.3926233721942
2013-12-18 05:20:00+01:00,5259,AR,399.4987065553128,413.64462538322687
2013-12-18 05:30:00+01:00,5259,AR,368.65483089660427,403.1128031032597
2013-12-18 05:40:00+01:00,5259,AR,424.99372061281247,399.65461113353695
2013-12-18 05:50:00+01:00,5259,AR,428.424024711219,419.2021007107081
2013-12-18 06:00:00+01:00,5259,AR,389.513944866211,425.7376342523222
2013-12-18 06:10:00+01:00,5259,AR,434.3549029721847,421.7952568295555
2013-12-18 06:20:00+01:00,5259,AR,427.3217970380225,435.57624962797286
2013-12-18 06:30:00+01:00,5259,AR,394.5657379167704,431.57992067655664
2013-12-18 06:40:00+01:00,5259,AR,496.37942306454016,429.63536867350024
2013-12-18 06:50:00+01:00,5259,AR,473.81972859739096,482.01765267561495
2013-12-18 07:00:00+01:00,5259,AR,486.7012359812683,481.4975197318231
2013-12-18 07:10:00+01:00,5259,AR,599.9542211229675,517.6390320401215
2013-12-18 07:20:00+01:00,5259,AR,525.7067140687788,587.7195238994595
2013-12-18 07:30:00+01:00,5259,AR,586.3791451745045,559.7162576245206
2013-12-18 07:40:00+01:00,5259,AR,784.0884134091095,624.8765810338284
2013-12-18 07:50:00+01:00,5259,AR,714.1670368382408,754.5748751211937
2013-12-18 08:00:00+01:00,5259,AR,779.4248462251562,758.5307305587305
2013-12-18 08:10:00+01:00,5259,AR,981.3813509148514,840.3019611280728
2013-12-18 08:20:00+01:00,5259,AR,1149.2911039613014,970.5193861170948
2013-12-18 08:30:00+01:00,5259,AR,1348.960525534311,1156.2051004740356
2013-12-18 08:40:00+01:00,5259,AR,1568.052884045338,1388.7589628801036
2013-12-18 08:50:00+01:00,5259,AR,1768.0125966580797,1600.454133641693
2013-12-18 09:00:00+01:00,5259,AR,2023.6374580881188,1834.1417314484347
2013-12-18 09:10:00+01:00,5259,AR,2272.9026557932207,2119.5855504654473
2013-12-18 09:20:00+01:00,5259,AR,2444.1502727315096,2341.2683386189556
2013-12-18 09:30:00+01:00,5259,AR,2440.644793612992,2561.4977426981272
2013-12-18 09:40:00+01:00,5259,AR,2575.36368168322,2638.286940026751
2013-12-18 09:50:00+01:00,5259,AR,2680.140651137405,2719.391585051955
2013-12-18 10:00:00+01:00,5259,AR,2715.621549803129,2801.139797205905
2013-12-18 10:10:00+01:00,5259,AR,2921.3970014600905,2840.619576020901
2013-12-18 10:20:00+01:00,5259,AR,2777.6829445984777,2962.052395235314
2013-12-18 10:30:00+01:00,5259,AR,2773.9455734073035,2902.585056036891
2013-12-18 10:40:00+01:00,5259,AR,2989.9443346154853,2882.2961969426733
2013-12-18 10:50:00+01:00,5259,AR,2846.94091627998,2980.872148478433
2013-12-18 11:00:00+01:00,5259,AR,2811.032088831203,2903.036194459327
2013-12-18 11:10:00+01:00,5259,AR,3279.428602902029,2890.1123441782065
2013-12-18 11:20:00+01:00,5259,AR,3163.4816065820332,3150.3092503209728
2013-12-18 11:30:00+01:00,5259,AR,3015.9002332968525,3165.6676040480434
2013-12-18 11:40:00+01:00,5259,AR,3284.273872862363,3138.487374439314
2013-12-18 11:50:00+01:00,5259,AR,3299.7687186012427,3224.0909463117596
2013-12-18 12:00:00+01:00,5259,AR,2981.03916277119,3283.579626555003
2013-12-18 12:10:00+01:00,5259,AR,3214.5310333329453,3155.90749572439
2013-12-18 12:20:00+01:00,5259,AR,3171.614395353887,3167.1293580295505
2013-12-18 12:30:00+01:00,5259,AR,3339.4691335045686,3146.8455860361114
2013-12-18 12:40:00+01:00,5259,AR,3410.1052018374426,3371.649654072749
2013-12-18 12:50:00+01:00,5259,AR,3605.2385918758273,3400.019119061417
2013-12-18 13:00:00+01:00,5259,AR,3426.002249907413,3525.3898308251814
2013-12-18 13:10:00+01:00,5259,AR,3416.0273270650027,3544.3581229136084
2013-12-18 13:20:00+01:00,5259,AR,3399.940383424251,3486.113910339624
2013-12-18 13:30:00+01:00,5259,AR,3227.800127735796,3413.8828883431506
2013-12-18 13:40:00+01:00,5259,AR,3338.310796593488,3309.1388071815536
2013-12-18 13:50:00+01:00,5259,AR,3355.9116624220464,3316.1662110610537
2013-12-18 14:00:00+01:00,5259,AR,3166.157030676413,3302.367977863632
2013-12-18 14:10:00+01:00,5259,AR,3369.8702780745884,3210.390495813322
2013-12-18 14:20:00+01:00,5259,AR,3113.4396108136393,3309.3744886375043
2013-12-18 14:30:00+01:00,5259,AR,3275.3540306663726,3126.4264193479157
2013-12-18 14:40:00+01:00,5259,AR,3055.2413088613,3220.380012504982
2013-12-18 14:50:00+01:00,5259,AR,2968.3508034779225,3091.799634397752
2013-12-18 15:00:00+01:00,5259,AR,2976.4426110586633,2978.343521687843
2013-12-18 15:10:00+01:00,5259,AR,2978.914909635605,2965.9155413196495
2013-12-18 15:20:00+01:00,5259,AR,2843.1063698070097,2919.3112457417083
2013-12-18 15:30:00+01:00,5259,AR,2873.2675467740037,2862.063503459554
2013-12-18 15:40:00+01:00,5259,AR,3034.583119758472,2839.3519802514293
2013-12-18 15:50:00+01:00,5259,AR,2952.283996714762,2946.648813364325
2013-12-18 16:00:00+01:00,5259,AR,2992.3244802749914,2947.818351521243
2013-12-18 16:10:00+01:00,5259,AR,3030.4352020142283,2988.1784649901974
2013-12-18 16:20:00+01:00,5259,AR,2983.157401935984,3014.241953552303
2013-12-18 16:30:00+01:00,5259,AR,2836.973523462241,3024.692291557939
2013-12-18 16:40:00+01:00,5259,AR,2978.4666619027757,2911.6072431894554
2013-12-18 16:50:00+01:00,5259,AR,3022.2868043884923,2938.088591707328
2013-12-18 17:00:00+01:00,5259,AR,2991.586565871606,3000.846124960559
2013-12-18 17:10:00+01:00,5259,AR,2801.420325558388,3012.935349069917
2013-12-18 17:20:00+01:00,5259,AR,2843.474053040683,2863.4055653608957
2013-12-18 17:30:00+01:00,5259,AR,2739.061762550002,2834.6346230669155
2013-12-18 17:40:00+01:00,5259,AR,2828.4386146343527,2757.2797708724747
2013-12-18 17:50:00+01:00,5259,AR,2639.465202447072,2766.193179474656
2013-12-18 18:00:00+01:00,5259,AR,2697.9636373369963,2639.6011465249876
2013-12-18 18:10:00+01:00,5259,AR,2509.2981044416015,2660.736548508141
2013-12-18 18:20:00+01:00,5259,AR,2373.925737487832,2516.808473532887
2013-12-18 18:30:00+01:00,5259,AR,2274.8687484277316,2368.736218829591
2013-12-18 18:40:00+01:00,5259,AR,2122.9449339654543,2239.6918534810725
2013-12-18 18:50:00+01:00,5259,AR,2104.6554793735586,2088.1096751856903
2013-12-18 19:00:00+01:00,5259,AR,1954.2173694824403,2046.8672476186168
2013-12-18 19:10:00+01:00,5259,AR,1900.6039159358509,1897.9114773987935
2013-12-18 19:20:00+01:00,5259,AR,1830.8048117732624,1828.9904453322972
2013-12-18 19:30:00+01:00,5259,AR,1645.0162963603916,1767.1743859757366
2013-12-18 19:40:00+01:00,5259,AR,1657.572856850748,1617.3830448302488
2013-12-18 19:50:00+01:00,5259,AR,1499.5960212466816,1580.3623072546984
2013-12-18 20:00:00+01:00,5259,AR,1415.3047921046043,1463.763671969234
2013-12-18 20:10:00+01:00,5259,AR,1484.5228135438288,1379.4702157049314
2013-12-18 20:20:00+01:00,5259,AR,1344.598166485185,1394.7800927523615
2013-12-18 20:30:00+01:00,5259,AR,1296.4247390317278,1304.1978898144814
2013-12-18 20:40:00+01:00,5259,AR,1235.2767828747697,1270.7256667426077
2013-12-18 20:50:00+01:00,5259,AR,1203.808097333722,1199.318596819731
2013-12-18 21:00:00+01:00,5259,AR,1060.9435222880215,1163.9668097165015
2013-12-18 21:10:00+01:00,5259,AR,1170.2113863193233,1071.8397184393566
2013-12-18 21:20:00+01:00,5259,AR,993.6036285975524,1101.8093083322842
2013-12-18 21:30:00+01:00,5259,AR,968.9386683838178,992.7646505671856
2013-12-18 21:40:00+01:00,5259,AR,1047.5736695621188,968.3987155168526
2013-12-18 21:50:00+01:00,5259,AR,1083.4266078134342,982.139550223392
2013-12-18 22:00:00+01:00,5259,AR,916.0882301560991,1016.5513724398191
2013-12-18 22:10:00+01:00,5259,AR,1061.1026115235982,958.8019148608862
2013-12-18 22:20:00+01:00,5259,AR,863.0285701350974,1004.8271745588412
2013-12-18 22:30:00+01:00,5259,AR,815.0374837151279,890.2323793544597
2013-12-18 22:40:00+01:00,5259,AR,800.1888159429731,851.2034547703823
2013-12-18 22:50:00+01:00,5259,AR,839.2511539023955,780.104198240181
2013-12-18 23:00:00+01:00,5259,AR,747.4280151576586,786.817759258991
2013-12-18 23:10:00+01:00,5259,AR,753.5594707217181,765.8227123326146
2013-12-18 23:20:00+01:00,5259,AR,731.6779359363601,734.3756492192614
2013-12-18 23:30:00+01:00,5259,AR,626.6589711925102,704.6091508051065
2013-12-18 23:40:00+01:00,5259,AR,700.3663006533034,655.1582127220353
2013-12-18 23:50:00+01:00,5259,AR,573.6437325894447,667.0418791670706
2013-12-19 00:00:00+01:00,5259,AR,551.9770559229543,575.2590159987155
2013-12-19 00:10:00+01:00,5259,AR,509.2811934070718,565.1960519929163
2013-12-19 00:20:00+01:00,5259,AR,505.89673548443943,509.41215153685073
2013-12-19 00:30:00+01:00,5259,AR,428.3467480005223,481.63384680566475
2013-12-19 00:40:00+01:00,5259,AR,451.1895649977121,442.1411571053488
2013-12-19 00:50:00+01:00,5259,AR,433.8096077625656,429.69936958609696
2013-12-19 01:00:00+01:00,5259,AR,382.50234180925565,414.40611850056416
2013-12-19 01:10:00+01:00,5259,AR,425.51998726958266,397.7153784782455
2013-12-19 01:20:00+01:00,5259,AR,422.12451029499056,406.05122907523105
2013-12-19 01:30:00+01:00,5259,AR,365.89777222517773,406.3555141015167
2013-12-19 01:40:00+01:00,5259,AR,390.9812603346936,393.26229258423024
2013-12-19 01:50:00+01:00,5259,AR,364.1540705167869,392.7735447344251
2013-12-19 02:00:00+01:00,5259,AR,346.4092027590757,368.6547856928511
2013-12-19 02:10:00+01:00,5259,AR,363.6704223918049,367.1887956833788
2013-12-19 02:20:00+01:00,5259,AR,336.38780716157413,365.60998286348934
2013-12-19 02:30:00+01:00,5259,AR,334.3681498544232,342.7597021217646
2013-12-19 02:40:00+01:00,5259,AR,341.22463389173106,353.0512134960943
2013-12-19 02:50:00+01:00,5259,AR,362.4994430155958,345.8237351276919
2013-12-19 03:00:00+01:00,5259,AR,318.250212850547,358.14023056889175
2013-12-19 03:10:00+01:00,5259,AR,352.7724635687015,345.96079301239496
2013-12-19 03:20:00+01:00,5259,AR,335.2573194848698,357.80017436058654
2013-12-19 03:30:00+01:00,5259,AR,325.4012259742698,347.71599285462173
2013-12-19 03:40:00+01:00,5259,AR,332.8095599461154,347.70359720470265
2013-12-19 03:50:00+01:00,5259,AR,322.7039095860215,343.87010583161793
2013-12-19 04:00:00+01:00,5259,AR,294.5767750298542,333.45568941677936
2013-12-19 04:10:00+01:00,5259,AR,348.2298323880014,322.154739239214
2013-12-19 04:20:00+01:00,5259,AR,315.6487409242051,344.5553913439605
2013-12-19 04:30:00+01:00,5259,AR,298.3268321673477,328.79799948469986
2013-12-19 04:40:00+01:00,5259,AR,366.7232794673901,324.2187604811069
2013-12-19 04:50:00+01:00,5259,AR,309.50781946018174,358.5384582099722
2013-12-19 05:00:00+01:00,5259,AR,294.1190343560365,331.53129337160595
2013-12-19 05:10:00+01:00,5259,AR,335.91270943234395,327.22691766306235
2013-12-19 05:20:00+01:00,5259,AR,328.009035628692,335.5014677966737
2013-12-19 05:30:00+01:00,5259,AR,307.7118707984752,336.04440440930495
2013-12-19 05:40:00+01:00,5259,AR,398.04947313061245,338.9712452675604
2013-12-19 05:50:00+01:00,5259,AR,327.9838184839515,382.1948122707656
2013-12-19 06:00:00+01:00,5259,AR,329.0496514742861,355.4794489223868
2013-12-19 06:10:00+01:00,5259,AR,384.1741954102794,366.2446036775554
2013-12-19 06:20:00+01:00,5259,AR,277.479369678744,378.8046306487902
2013-12-19 06:30:00+01:00,5259,AR,274.7256746718966,318.5341434191385
2013-12-19 06:40:00+01:00,5259,AR,325.95720492580034,314.79534547479875
2013-12-19 06:50:00+01:00,5259,AR,334.89872865750215,314.5206665942861
2013-12-19 07:00:00+01:00,5259,AR,386.31302620796504,337.1105854898718
2013-12-19 07:10:00+01:00,5259,AR,424.37932241674287,401.7041131174067
2013-12-19 07:20:00+01:00,5259,AR,477.2926541983717,419.8046895596675
2013-12-19 07:30:00+01:00,5259,AR,715.1280017403977,487.6207287893277
2013-12-19 07:40:00+01:00,5259,AR,884.7259897742296,685.4407940362072
2013-12-19 07:50:00+01:00,5259,AR,785.5410425786724,854.5244555085667
2013-12-19 08:00:00+01:00,5259,AR,678.975500358052,880.594957605514
2013-12-19 08:10:00+01:00,5259,AR,819.5874609180453,825.7796170624329
2013-12-19 08:20:00+01:00,5259,AR,879.0157005379313,869.1221651370108
2013-12-19 08:30:00+01:00,5259,AR,1063.2783320414917,927.6046196604938
2013-12-19 08:40:00+01:00,5259,AR,1343.3223249132536,1086.555808220321
2013-12-19 08:50:00+01:00,5259,AR,1527.7471838812703,1328.6156678356924
2013-12-19 09:00:00+01:00,5259,AR,1859.0157025379651,1574.7842072723274
2013-12-19 09:10:00+01:00,5259,AR,1937.319207654836,1903.1680073719212
2013-12-19 09:20:00+01:00,5259,AR,2040.3125906510645,2029.8993678360157
2013-12-19 09:30:00+01:00,5259,AR,2293.775628972147,2189.9960650951857
2013-12-19 09:40:00+01:00,5259,AR,2391.5419637257683,2414.7168345413547
2013-12-19 09:50:00+01:00,5259,AR,2310.9871222561455,2511.6563370439026
2013-12-19 10:00:00+01:00,5259,AR,2419.895695461014,2517.351767545552
2013-12-19 10:10:00+01:00,5259,AR,2641.6396766977205,2544.776979695666
2013-12-19 10:20:00+01:00,5259,AR,2614.3936436630306,2669.1926853379864
2013-12-19 10:30:00+01:00,5259,AR,2709.893971472552,2716.673878533275
2013-12-19 10:40:00+01:00,5259,AR,2891.0874806920256,2779.902006342313
2013-12-19 10:50:00+01:00,5259,AR,2683.944051361943,2894.017630197214
2013-12-19 11:00:00+01:00,5259,AR,2721.8419762033027,2826.555242313994
2013-12-19 11:10:00+01:00,5259,AR,2922.367408799394,2833.953318757617
2013-12-19 11:20:00+01:00,5259,AR,2925.501774598717,2876.472955247538
2013-12-19 11:30:00+01:00,5259,AR,2795.059926028684,2951.7975676403735
2013-12-19 11:40:00+01:00,5259,AR,2981.7653000071327,2908.5381387414973
2013-12-19 11:50:00+01:00,5259,AR,2826.9609348449253,2944.834498765769
2013-12-19 12:00:00+01:00,5259,AR,2799.4988331022605,2878.893703450857
2013-12-19 12:10:00+01:00,5259,AR,3123.963806668343,2868.089203061052
2013-12-19 12:20:00+01:00,5259,AR,3150.143853685589,3007.7086390612567
2013-12-19 12:30:00+01:00,5259,AR,3046.845526746643,3128.5347537147345
2013-12-19 12:40:00+01:00,5259,AR,3468.6464501176984,3143.1783404909643
2013-12-19 12:50:00+01:00,5259,AR,3090.926473644791,3362.697526590812
2013-12-19 13:00:00+01:00,5259,AR,3197.6743488896745,3211.9769578213654
2013-12-19 13:10:00+01:00,5259,AR,3417.012501839945,3294.0249286609724
2013-12-19 13:20:00+01:00,5259,AR,2906.858555967026,3357.899100614811
2013-12-19 13:30:00+01:00,5259,AR,3040.735960734962,3062.30993415104
2013-12-19 13:40:00+01:00,5259,AR,3329.9262202587715,3113.472251527358
2013-12-19 13:50:00+01:00,5259,AR,3320.116155408195,3180.8794243476423
2013-12-19 14:00:00+01:00,5259,AR,3093.6795375771712,3278.8278529787844
2013-12-19 14:10:00+01:00,5259,AR,3205.8436687984777,3210.771007473547
2013-12-19 14:20:00+01:00,5259,AR,2994.4029861790304,3155.965032824401
2013-12-19 14:30:00+01:00,5259,AR,2840.915662928795,3055.516057194751
2013-12-19 14:40:00+01:00,5259,AR,2868.276095611925,2943.165840455272
2013-12-19 14:50:00+01:00,5259,AR,2783.326245552054,2798.472995396448
2013-12-19 15:00:00+01:00,5259,AR,2646.189450258418,2748.7895141240797
2013-12-19 15:10:00+01:00,5259,AR,2663.997086885471,2697.796813015286
2013-12-19 15:20:00+01:00,5259,AR,2644.5558327475096,2600.0772173924142
2013-12-19 15:30:00+01:00,5259,AR,2672.2566197831347,2564.748952131302
2013-12-19 15:40:00+01:00,5259,AR,2697.1329954610883,2644.933118374337
2013-12-19 15:50:00+01:00,5259,AR,2690.9582444038033,2660.1352205858
2013-12-19 16:00:00+01:00,5259,AR,2776.708383174766,2669.4277755775693
2013-12-19 16:10:00+01:00,5259,AR,2705.3882831335427,2768.6711512634743
2013-12-19 16:20:00+01:00,5259,AR,2695.671883848976,2748.996510603131
2013-12-19 16:30:00+01:00,5259,AR,2693.885508674622,2730.436700250234
2013-12-19 16:40:00+01:00,5259,AR,2853.3986313525616,2715.234993705035
2013-12-19 16:50:00+01:00,5259,AR,2749.0470964811216,2816.6023544809605
2013-12-19 17:00:00+01:00,5259,AR,3048.1581102222667,2794.316641589762
2013-12-19 17:10:00+01:00,5259,AR,3068.623685335,2979.79868953248
2013-12-19 17:20:00+01:00,5259,AR,3087.5913006492756,3056.4226798431414
2013-12-19 17:30:00+01:00,5259,AR,3060.106700574797,3125.345054490034
2013-12-19 17:40:00+01:00,5259,AR,2897.2187597053417,3112.0267180901956
2013-12-19 17:50:00+01:00,5259,AR,2815.6305510381144,2965.7145014737403
2013-12-19 18:00:00+01:00,5259,AR,2529.0251117469097,2875.9989887651172
2013-12-19 18:10:00+01:00,5259,AR,2245.4713092455854,2599.905249342993
2013-12-19 18:20:00+01:00,5259,AR,2233.3382046705087,2290.9629551446997
2013-12-19 18:30:00+01:00,5259,AR,2286.0046069911095,2177.0917428055272
2013-12-19 18:40:00+01:00,5259,AR,2205.6169980668956,2139.045358376474
2013-12-19 18:50:00+01:00,5259,AR,1936.19721752822,2093.33468516533
2013-12-19 19:00:00+01:00,5259,AR,1866.6300850091384,1917.53912067419
2013-12-19 19:10:00+01:00,5259,AR,1681.967355372373,1805.832112134824
2013-12-19 19:20:00+01:00,5259,AR,1652.0214797648823,1649.6566155342734
2013-12-19 19:30:00+01:00,5259,AR,1538.908685464507,1570.2791967088956
2013-12-19 19:40:00+01:00,5259,AR,1475.517316243828,1471.4186565287475
2013-12-19 19:50:00+01:00,5259,AR,1352.8420783634906,1438.9887866952467
2013-12-19 20:00:00+01:00,5259,AR,1158.3793571493502,1338.291198558615
2013-12-19 20:10:00+01:00,5259,AR,1261.2252550941218,1151.6937228349516
2013-12-19 20:20:00+01:00,5259,AR,1102.824905306284,1166.941375350582
2013-12-19 20:30:00+01:00,5259,AR,1114.793124318831,1078.1392115238823
2013-12-19 20:40:00+01:00,5259,AR,1173.9223858322976,1082.4581809415988
2013-12-19 20:50:00+01:00,5259,AR,1068.9014145173153,1118.7435225301024
2013-12-19 21:00:00+01:00,5259,AR,939.7295092216456,1067.9407871934995
2013-12-19 21:10:00+01:00,5259,AR,1005.5470820559792,990.7926481794324
2013-12-19 21:20:00+01:00,5259,AR,993.173370291629,976.738655717376
2013-12-19 21:30:00+01:00,5259,AR,919.0538027436404,971.5299085833294
2013-12-19 21:40:00+01:00,5259,AR,906.5616429370438,956.601450267272
2013-12-19 21:50:00+01:00,5259,AR,883.3216822778899,910.2176171208998
2013-12-19 22:00:00+01:00,5259,AR,956.2233153901884,875.6825170748775
2013-12-19 22:10:00+01:00,5259,AR,833.2599326349705,948.5847167937716
2013-12-19 22:20:00+01:00,5259,AR,928.9671459199984,857.2118119701742
2013-12-19 22:30:00+01:00,5259,AR,825.7766819098534,909.7582987874672
2013-12-19 22:40:00+01:00,5259,AR,843.0537623202124,866.4912601598764
2013-12-19 22:50:00+01:00,5259,AR,873.6687884017166,856.6462049830014
2013-12-19 23:00:00+01:00,5259,AR,799.6934224818923,866.5118616820376
2013-12-19 23:10:00+01:00,5259,AR,756.8203074981915,818.4969686057748
2013-12-19 23:20:00+01:00,5259,AR,680.1864630686526,795.4919174232466
2013-12-19 23:30:00+01:00,5259,AR,654.8073294978052,710.4316085753046
2013-12-19 23:40:00+01:00,5259,AR,658.9542062707085,657.9308988441502
2013-12-19 23:50:00+01:00,5259,AR,670.3718551048993,649.6655289375537
2013-12-20 00:00:00+01:00,5259,AR,609.7656917950054,643.9348516241977
2013-12-20 00:10:00+01:00,5259,AR,572.6031266797195,610.2165455182042
2013-12-20 00:20:00+01:00,5259,AR,546.6251282759096,584.7305465612719
2013-12-20 00:30:00+01:00,5259,AR,445.5344908488901,549.6264908386055
2013-12-20 00:40:00+01:00,5259,AR,416.47782113461,472.87101604466574
2013-12-20 00:50:00+01:00,5259,AR,437.1907459350344,422.66409944366495
2013-12-20 01:00:00+01:00,5259,AR,388.09548056227027,411.42307017025206
2013-12-20 01:10:00+01:00,5259,AR,445.2629794653566,387.9971980840773
2013-12-20 01:20:00+01:00,5259,AR,432.44375929540394,421.0881045049067
2013-12-20 01:30:00+01:00,5259,AR,399.5137732502349,415.966833827488
2013-12-20 01:40:00+01:00,5259,AR,385.19984436500135,413.2693298025027
2013-12-20 01:50:00+01:00,5259,AR,376.38799503261635,413.81923714221057
2013-12-20 02:00:00+01:00,5259,AR,302.25841356939327,381.6515598250194
2013-12-20 02:10:00+01:00,5259,AR,334.0398054973535,340.06230434940323
2013-12-20 02:20:00+01:00,5259,AR,321.2562842959074,340.5228668005089
2013-12-20 02:30:00+01:00,5259,AR,274.6669187819346,319.56543104892506
2013-12-20 02:40:00+01:00,5259,AR,295.4777932504251,298.8134942590966
2013-12-20 02:50:00+01:00,5259,AR,303.4792118264635,299.55459348359597
2013-12-20 03:00:00+01:00,5259,AR,269.9535530110579,296.6045963256524
2013-12-20 03:10:00+01:00,5259,AR,264.63656180150366,292.21338182165334
2013-12-20 03:20:00+01:00,5259,AR,304.62818202385733,281.1368891729294
2013-12-20 03:30:00+01:00,5259,AR,258.4850144043118,298.37784551805555
2013-12-20 03:40:00+01:00,5259,AR,254.4398625238072,287.4836055649736
2013-12-20 03:50:00+01:00,5259,AR,292.40666612837435,278.16169878664147
2013-12-20 04:00:00+01:00,5259,AR,244.99834943848876,290.2532453676594
2013-12-20 04:10:00+01:00,5259,AR,281.62977052923833,274.83832179553855
2013-12-20 04:20:00+01:00,5259,AR,310.6494945809593,296.82823259453016
2013-12-20 04:30:00+01:00,5259,AR,270.85392549476296,308.39172130194976
2013-12-20 04:40:00+01:00,5259,AR,288.67058737454704,301.48544556791984
2013-12-20 04:50:00+01:00,5259,AR,311.66558400725637,314.15009317224565
2013-12-20 05:00:00+01:00,5259,AR,340.3085237739101,316.3128709597839
2013-12-20 05:10:00+01:00,5259,AR,257.4002293964514,350.63987864921273
2013-12-20 05:20:00+01:00,5259,AR,263.8350412963807,309.52814327790384
2013-12-20 05:30:00+01:00,5259,AR,236.58239752559695,287.01491613846775
2013-12-20 05:40:00+01:00,5259,AR,278.8231478993851,262.57053878269915
2013-12-20 05:50:00+01:00,5259,AR,284.6566310922166,284.1847801008884
2013-12-20 06:00:00+01:00,5259,AR,254.33759579480684,288.22965073280164
2013-12-20 06:10:00+01:00,5259,AR,276.81293158237366,275.56593047774794
2013-12-20 06:20:00+01:00,5259,AR,281.8144032326946,294.19050093235796
2013-12-20 06:30:00+01:00,5259,AR,239.2689556428678,295.02320400555254
2013-12-20 06:40:00+01:00,5259,AR,286.4894965632516,270.0969938669319
2013-12-20 06:50:00+01:00,5259,AR,352.12358950191964,296.6856536866733
2013-12-20 07:00:00+01:00,5259,AR,332.0283632298995,349.3871704315243
2013-12-20 07:10:00+01:00,5259,AR,333.0471304764933,364.3174567948753
2013-12-20 07:20:00+01:00,5259,AR,385.9553604200071,371.44726356888776
2013-12-20 07:30:00+01:00,5259,AR,387.9447662140929,400.1081949446768
2013-12-20 07:40:00+01:00,5259,AR,561.6152350619359,430.1041080037051
2013-12-20 07:50:00+01:00,5259,AR,627.8576660723052,553.331618881284
2013-12-20 08:00:00+01:00,5259,AR,701.8378955616088,632.5947719238632
2013-12-20 08:10:00+01:00,5259,AR,829.5209369915339,743.2682109114493
2013-12-20 08:20:00+01:00,5259,AR,994.8753891266872,873.146637499773
2013-12-20 08:30:00+01:00,5259,AR,1025.4428321261255,1020.516049493697
2013-12-20 08:40:00+01:00,5259,AR,1384.3286153230322,1120.925325591756
2013-12-20 08:50:00+01:00,5259,AR,1571.4777101538743,1398.953628404153
2013-12-20 09:00:00+01:00,5259,AR,1814.930288895382,1619.0323554051845
2013-12-20 09:10:00+01:00,5259,AR,2100.209374837943,1901.807799404275
2013-12-20 09:20:00+01:00,5259,AR,2204.18261002048,2177.326833740675
2013-12-20 09:30:00+01:00,5259,AR,2249.3413823213837,2333.603434087912
2013-12-20 09:40:00+01:00,5259,AR,2339.186009744743,2460.5503702552983
2013-12-20 09:50:00+01:00,5259,AR,2431.0934533798672,2512.4593757668104
2013-12-20 10:00:00+01:00,5259,AR,2359.009569657991,2569.816556331564
2013-12-20 10:10:00+01:00,5259,AR,2436.4667089329178,2530.6476612834867
2013-12-20 10:20:00+01:00,5259,AR,2569.6574435367143,2535.82119483017
2013-12-20 10:30:00+01:00,5259,AR,2629.2472591825763,2598.3589285501894
2013-12-20 10:40:00+01:00,5259,AR,2746.3516938302946,2669.9143033325363
2013-12-20 10:50:00+01:00,5259,AR,2668.5207708084786,2763.2186065666992
2013-12-20 11:00:00+01:00,5259,AR,2748.2460270806578,2738.602946038334
2013-12-20 11:10:00+01:00,5259,AR,2844.244944838325,2800.181308413454
2013-12-20 11:20:00+01:00,5259,AR,2771.447553906784,2858.954488624605
2013-12-20 11:30:00+01:00,5259,AR,2981.771930170417,2821.9561806760744
2013-12-20 11:40:00+01:00,5259,AR,3096.7255252515106,2966.6574276840342
2013-12-20 11:50:00+01:00,5259,AR,2980.4052971478523,3070.288886158638
2013-12-20 12:00:00+01:00,5259,AR,2922.0238003766917,3053.5615437471192
2013-12-20 12:10:00+01:00,5259,AR,3167.6195026604228,3000.105990407981
2013-12-20 12:20:00+01:00,5259,AR,3094.6331216011554,3107.299656625839
2013-12-20 12:30:00+01:00,5259,AR,3288.548019358355,3121.326440196151
2013-12-20 12:40:00+01:00,5259,AR,3428.227485898283,3277.43859913126
2013-12-20 12:50:00+01:00,5259,AR,3247.3108841486815,3376.8981047398174
2013-12-20 13:00:00+01:00,5259,AR,3309.419942686655,3339.710510467386
2013-12-20 13:10:00+01:00,5259,AR,3445.058763110947,3376.082237626377
2013-12-20 13:20:00+01:00,5259,AR,3121.7589937345383,3393.33616616385
2013-12-20 13:30:00+01:00,5259,AR,3351.352105353143,3223.8694384521937
2013-12-20 13:40:00+01:00,5259,AR,3261.430449238371,3342.303118433447
2013-12-20 13:50:00+01:00,5259,AR,3091.6463574471036,3227.183015337047
2013-12-20 14:00:00+01:00,5259,AR,3273.648453339278,3156.168208052172
2013-12-20 14:10:00+01:00,5259,AR,3073.1974083212835,3220.173107799028
2013-12-20 14:20:00+01:00,5259,AR,3069.3202076541907,3039.200834962053
2013-12-20 14:30:00+01:00,5259,AR,2959.339887360365,3063.1270135463133
2013-12-20 14:40:00+01:00,5259,AR,3132.4454292621776,2952.500959945115
2013-12-20 14:50:00+01:00,5259,AR,2841.37919840649,2996.145847177532
2013-12-20 15:00:00+01:00,5259,AR,2857.445818891872,2890.0434096212666
2013-12-20 15:10:00+01:00,5259,AR,2897.9282040596295,2826.37072873498
2013-12-20 15:20:00+01:00,5259,AR,2816.0340689115737,2813.571074537685
2013-12-20 15:30:00+01:00,5259,AR,2770.7969375902317,2793.4148088974425
2013-12-20 15:40:00+01:00,5259,AR,3127.0876315819837,2759.3634387391166
2013-12-20 15:50:00+01:00,5259,AR,2878.534011926754,2953.6235513838005
2013-12-20 16:00:00+01:00,5259,AR,3007.193346503408,2906.743913373333
2013-12-20 16:10:00+01:00,5259,AR,2896.575114355433,3001.3708620476177
2013-12-20 16:20:00+01:00,5259,AR,2922.5241801053776,2898.069911901398
2013-12-20 16:30:00+01:00,5259,AR,2883.4844826857825,2909.9836247206035
2013-12-20 16:40:00+01:00,5259,AR,2909.833268500605,2909.1721279476665
2013-12-20 16:50:00+01:00,5259,AR,2684.6574173828885,2865.017268560251
2013-12-20 17:00:00+01:00,5259,AR,2849.2990511941025,2739.3915161197824
2013-12-20 17:10:00+01:00,5259,AR,2931.2500008833326,2804.401338496946
2013-12-20 17:20:00+01:00,5259,AR,2573.3012137881137,2833.6551353084687
2013-12-20 17:30:00+01:00,5259,AR,2515.5428692862547,2640.2206947987165
2013-12-20 17:40:00+01:00,5259,AR,2507.943631867917,2537.6910742917535
2013-12-20 17:50:00+01:00,5259,AR,2226.5347198116897,2442.8110748010927
2013-12-20 18:00:00+01:00,5259,AR,2203.546472221539,2259.687169243117
2013-12-20 18:10:00+01:00,5259,AR,2082.3488474930423,2162.7471570895227
2013-12-20 18:20:00+01:00,5259,AR,1719.5379395826678,1998.7699730101676
2013-12-20 18:30:00+01:00,5259,AR,1901.2500259255823,1767.5637815331202
2013-12-20 18:40:00+01:00,5259,AR,1769.5541082422744,1790.6800936405343
2013-12-20 18:50:00+01:00,5259,AR,1628.4906259598763,1648.7316795594584
2013-12-20 19:00:00+01:00,5259,AR,1499.522077998501,1592.8222503667505
2013-12-20 19:10:00+01:00,5259,AR,1488.8445044835007,1475.7163064246406
2013-12-20 19:20:00+01:00,5259,AR,1333.2394692139185,1391.727413372182
2013-12-20 19:30:00+01:00,5259,AR,1216.8797516469142,1322.797171653428
2013-12-20 19:40:00+01:00,5259,AR,1138.0107118451149,1191.64547990467
2013-12-20 19:50:00+01:00,5259,AR,1066.6330488030633,1070.3955439647675
2013-12-20 20:00:00+01:00,5259,AR,1032.1315954881445,1030.896249763689
2013-12-20 20:10:00+01:00,5259,AR,1043.8256016804692,984.2659392994198
2013-12-20 20:20:00+01:00,5259,AR,1009.7768222714996,957.6420683087924
2013-12-20 20:30:00+01:00,5259,AR,895.5723690141564,957.7997646025004
2013-12-20 20:40:00+01:00,5259,AR,914.85645946206,899.5968184944508
2013-12-20 20:50:00+01:00,5259,AR,885.6958424306897,877.0426476078987
2013-12-20 21:00:00+01:00,5259,AR,917.44718185232,853.2941371323589
2013-12-20 21:10:00+01:00,5259,AR,873.7311054282055,890.1473187959018
2013-12-20 21:20:00+01:00,5259,AR,781.0957406482268,868.8469282628049
2013-12-20 21:30:00+01:00,5259,AR,800.365231166556,803.9430894162438
2013-12-20 21:40:00+01:00,5259,AR,801.475457713665,798.5958606456734
2013-12-20 21:50:00+01:00,5259,AR,840.0715195154048,784.3796804350758
2013-12-20 22:00:00+01:00,5259,AR,769.939582639189,817.6965632283031
2013-12-20 22:10:00+01:00,5259,AR,678.9203261622998,792.4119188427538
2013-12-20 22:20:00+01:00,5259,AR,827.2145616200131,723.1262094113977
2013-12-20 22:30:00+01:00,5259,AR,803.5615450080104,790.2258063543578
2013-12-20 22:40:00+01:00,5259,AR,721.7791567450947,793.1481053952039
2013-12-20 22:50:00+01:00,5259,AR,781.7197911937578,755.730861307446
2013-12-20 23:00:00+01:00,5259,AR,704.7131383304658,783.5212798153773
2013-12-20 23:10:00+01:00,5259,AR,847.9294033318229,729.1443357732363
2013-12-20 23:20:00+01:00,5259,AR,711.7117849436646,834.197903929004
2013-12-20 23:30:00+01:00,5259,AR,733.2740668380658,743.3672563331579
2013-12-20 23:40:00+01:00,5259,AR,672.755801954865,744.2642147539074
2013-12-20 23:50:00+01:00,5259,AR,650.9422986067207,710.6271217652886
2013-12-21 00:00:00+01:00,5259,AR,660.8227567136173,662.7021066762777
2013-12-21 00:10:00+01:00,5259,AR,704.296434104572,656.0363329379173
2013-12-21 00:20:00+01:00,5259,AR,598.0852580226956,688.4480630968446
2013-12-21 00:30:00+01:00,5259,AR,612.6434791217587,642.6763433796755
2013-12-21 00:40:00+01:00,5259,AR,574.4144088865131,641.8454057198486
2013-12-21 00:50:00+01:00,5259,AR,538.6332135596473,595.8063344468419
2013-12-21 01:00:00+01:00,5259,AR,506.6298449862666,569.5292424248202
2013-12-21 01:10:00+01:00,5259,AR,487.7431841080419,542.7244919911956
2013-12-21 01:20:00+01:00,5259,AR,479.39101093394993,508.83620148706575
2013-12-21 01:30:00+01:00,5259,AR,435.4077734688983,507.6801329042353
2013-12-21 01:40:00+01:00,5259,AR,471.4901938912615,471.0534528948171
2013-12-21 01:50:00+01:00,5259,AR,396.91701908669586,485.7124675205258
2013-12-21 02:00:00+01:00,5259,AR,348.55618048721755,448.0928076948478
2013-12-21 02:10:00+01:00,5259,AR,479.2811478798862,408.3881078897828
2013-12-21 02:20:00+01:00,5259,AR,344.1962320811447,476.36267444810017
2013-12-21 02:30:00+01:00,5259,AR,423.1673904615385,403.37680953500296
2013-12-21 02:40:00+01:00,5259,AR,399.7209306611696,455.75350433244506
2013-12-21 02:50:00+01:00,5259,AR,389.9676207251758,428.8271061221062
2013-12-21 03:00:00+01:00,5259,AR,368.2229760012813,427.6223891455346
2013-12-21 03:10:00+01:00,5259,AR,400.0104837785859,417.3216868381006
2013-12-21 03:20:00+01:00,5259,AR,342.7416116909496,405.77053023418136
2013-12-21 03:30:00+01:00,5259,AR,298.1574629510327,386.6935545129868
2013-12-21 03:40:00+01:00,5259,AR,299.02449945906835,351.718178561664
2013-12-21 03:50:00+01:00,5259,AR,308.5446257891095,316.4160118182933
2013-12-21 04:00:00+01:00,5259,AR,347.9020434248095,320.16040497064137
2013-12-21 04:10:00+01:00,5259,AR,346.2134297498721,348.00996039488524
2013-12-21 04:20:00+01:00,5259,AR,249.6251589513962,348.4711548586405
2013-12-21 04:30:00+01:00,5259,AR,243.9517629097483,293.81681625867134
2013-12-21 04:40:00+01:00,5259,AR,255.1974233463325,270.61265135975833
2013-12-21 04:50:00+01:00,5259,AR,206.6522474701768,255.6066975053081
2013-12-21 05:00:00+01:00,5259,AR,213.54369256121728,224.48513321002343
2013-12-21 05:10:00+01:00,5259,AR,264.47837667532394,222.22776121599804
2013-12-21 05:20:00+01:00,5259,AR,190.6951270007069,248.5431633074736
2013-12-21 05:30:00+01:00,5259,AR,212.3159461600324,220.6358633293417
2013-12-21 05:40:00+01:00,5259,AR,240.7087832895014,225.9835441269435
2013-12-21 05:50:00+01:00,5259,AR,186.16051295621213,231.1054767741165
2013-12-21 06:00:00+01:00,5259,AR,223.51172366540808,215.95066273158352
2013-12-21 06:10:00+01:00,5259,AR,219.18959374821284,239.6040237417409
2013-12-21 06:20:00+01:00,5259,AR,205.64354163328952,224.932686703796
2013-12-21 06:30:00+01:00,5259,AR,195.7517528564392,230.51945984556755
2013-12-21 06:40:00+01:00,5259,AR,246.6940110058072,225.31401018138823
2013-12-21 06:50:00+01:00,5259,AR,202.85001935162123,242.20360593720275
2013-12-21 07:00:00+01:00,5259,AR,217.6611521814357,233.66661401672425
2013-12-21 07:10:00+01:00,5259,AR,227.7935002377545,241.8244527491273
2013-12-21 07:20:00+01:00,5259,AR,215.32538154029004,239.10561998318764
2013-12-21 07:30:00+01:00,5259,AR,221.06282982090892,242.44820670591093
2013-12-21 07:40:00+01:00,5259,AR,259.14686565944163,251.38071731399748
2013-12-21 07:50:00+01:00,5259,AR,272.0750102995978,265.48263036796425
2013-12-21 08:00:00+01:00,5259,AR,285.7213952330835,290.7008371187383
2013-12-21 08:10:00+01:00,5259,AR,278.9579978542687,314.1829702519209
2013-12-21 08:20:00+01:00,5259,AR,278.19640363685704,309.8983143378565
2013-12-21 08:30:00+01:00,5259,AR,231.95675490143577,312.1260068999675
2013-12-21 08:40:00+01:00,5259,AR,309.91586880198565,286.34374658823305
2013-12-21 08:50:00+01:00,5259,AR,275.52032006637586,323.1690346981844
2013-12-21 09:00:00+01:00,5259,AR,274.77011016799923,311.4239117319219
2013-12-21 09:10:00+01:00,5259,AR,374.7631571091056,319.38047076078954
2013-12-21 09:20:00+01:00,5259,AR,319.2448484379948,381.7819536758227
2013-12-21 09:30:00+01:00,5259,AR,368.69528165664593,363.8143853149816
2013-12-21 09:40:00+01:00,5259,AR,379.0768350807855,419.7031623185758
2013-12-21 09:50:00+01:00,5259,AR,361.6336811808044,422.7896029441338
2013-12-21 10:00:00+01:00,5259,AR,431.4110533336061,415.81741244494754
2013-12-21 10:10:00+01:00,5259,AR,454.8043007650936,468.43828457514326
2013-12-21 10:20:00+01:00,5259,AR,413.95542863761506,484.0202388696485
2013-12-21 10:30:00+01:00,5259,AR,484.3036683537533,476.7878429157042
2013-12-21 10:40:00+01:00,5259,AR,528.7534777974037,527.0692224558446
2013-12-21 10:50:00+01:00,5259,AR,653.6567015600631,553.6962522571284
2013-12-21 11:00:00+01:00,5259,AR,439.90820328840334,664.6551052315403
2013-12-21 11:10:00+01:00,5259,AR,483.70580595790653,559.431598028061
2013-12-21 11:20:00+01:00,5259,AR,482.596219108214,543.3267728901462
2013-12-21 11:30:00+01:00,5259,AR,496.2711665015353,527.6718021671677
2013-12-21 11:40:00+01:00,5259,AR,505.21230230289314,533.9786021016614
2013-12-21 11:50:00+01:00,5259,AR,596.3699121189326,535.5901182421208
2013-12-21 12:00:00+01:00,5259,AR,616.4279149179355,597.0474489118446
2013-12-21 12:10:00+01:00,5259,AR,672.2705636481325,652.7868930363189
2013-12-21 12:20:00+01:00,5259,AR,606.2477551946198,706.2325666893382
2013-12-21 12:30:00+01:00,5259,AR,611.7179741562346,668.4732262852115
2013-12-21 12:40:00+01:00,5259,AR,520.1665904785704,674.256362784382
2013-12-21 12:50:00+01:00,5259,AR,497.5312488291261,609.9106930074463
2013-12-21 13:00:00+01:00,5259,AR,499.46504663771736,555.6741867649338
2013-12-21 13:10:00+01:00,5259,AR,581.1545566882066,537.2959557566269
2013-12-21 13:20:00+01:00,5259,AR,552.1505820123089,582.9871718449821
2013-12-21 13:30:00+01:00,5259,AR,646.7218908737548,583.5741172341491
2013-12-21 13:40:00+01:00,5259,AR,643.5366994507382,655.8667057454865
2013-12-21 13:50:00+01:00,5259,AR,555.0462190267743,672.8051068585557
2013-12-21 14:00:00+01:00,5259,AR,589.1825926502294,633.716867048438
2013-12-21 14:10:00+01:00,5259,AR,602.5065195881185,635.9840552477208
2013-12-21 14:20:00+01:00,5259,AR,520.0025703398604,632.5142567447591
2013-12-21 14:30:00+01:00,5259,AR,454.64689977612414,594.24054300421
2013-12-21 14:40:00+01:00,5259,AR,489.8504686985074,525.5238056806868
2013-12-21 14:50:00+01:00,5259,AR,527.1475237923902,507.7533725777886
2013-12-21 15:00:00+01:00,5259,AR,500.5272511312118,540.6006934151047
2013-12-21 15:10:00+01:00,5259,AR,549.468044484584,531.9976266361349
2013-12-21 15:20:00+01:00,5259,AR,474.7238017554597,560.2130117456832
2013-12-21 15:30:00+01:00,5259,AR,481.09318129583704,530.2146341333514
2013-12-21 15:40:00+01:00,5259,AR,564.0080725936258,533.7976662886911
2013-12-21 15:50:00+01:00,5259,AR,470.2981432687622,568.2539571786319
2013-12-21 16:00:00+01:00,5259,AR,507.5579026870922,527.6773846676463
2013-12-21 16:10:00+01:00,5259,AR,481.7478810599322,556.1905269505826
2013-12-21 16:20:00+01:00,5259,AR,476.9444924148179,523.6959851277327
2013-12-21 16:30:00+01:00,5259,AR,472.4902077471912,516.8647010861297
2013-12-21 16:40:00+01:00,5259,AR,574.7180812616468,522.1179521114215
2013-12-21 16:50:00+01:00,5259,AR,477.4722115375465,575.6852685818128
2013-12-21 17:00:00+01:00,5259,AR,509.32198016117985,546.3052634000729
2013-12-21 17:10:00+01:00,5259,AR,582.4520468808425,567.265689862191
2013-12-21 17:20:00+01:00,5259,AR,560.9600194629929,594.0400111100513
2013-12-21 17:30:00+01:00,5259,AR,488.4851866992933,606.6348039951201
2013-12-21 17:40:00+01:00,5259,AR,541.7732908366244,576.9502659219828
2013-12-21 17:50:00+01:00,5259,AR,444.5749530436421,569.1599218541877
2013-12-21 18:00:00+01:00,5259,AR,530.2712473135754,511.0544140280208
2013-12-21 18:10:00+01:00,5259,AR,533.8648930680561,554.3748202080909
2013-12-21 18:20:00+01:00,5259,AR,513.3554782727032,539.828144849759
2013-12-21 18:30:00+01:00,5259,AR,471.7497672720474,546.1249260425294
2013-12-21 18:40:00+01:00,5259,AR,558.7283437514983,528.6300395314752
2013-12-21 18:50:00+01:00,5259,AR,478.33829383943737,553.5505239100357
2013-12-21 19:00:00+01:00,5259,AR,481.8416861165673,520.0003872513023
2013-12-21 19:10:00+01:00,5259,AR,559.3178443509256,518.0358579618753
2013-12-21 19:20:00+01:00,5259,AR,554.1040299108319,550.5344727774698
2013-12-21 19:30:00+01:00,5259,AR,547.5673449789922,571.6758526248259
2013-12-21 19:40:00+01:00,5259,AR,554.0688966064087,586.6361364832711
2013-12-21 19:50:00+01:00,5259,AR,477.0685541007663,571.5116855232926
2013-12-21 20:00:00+01:00,5259,AR,460.9779868569915,523.5519511398147
2013-12-21 20:10:00+01:00,5259,AR,512.955477462117,501.1399003466195
2013-12-21 20:20:00+01:00,5259,AR,443.4748241883863,502.72141831881135
2013-12-21 20:30:00+01:00,5259,AR,471.70853621991034,466.1795844940963
2013-12-21 20:40:00+01:00,5259,AR,444.98468060330754,494.9417981453672
2013-12-21 20:50:00+01:00,5259,AR,426.44876695848075,465.3178802244863
2013-12-21 21:00:00+01:00,5259,AR,461.81091854540495,453.18934657034856
2013-12-21 21:10:00+01:00,5259,AR,464.0794782758866,478.0617002304886
2013-12-21 21:20:00+01:00,5259,AR,454.7439225086003,476.62333993052266
2013-12-21 21:30:00+01:00,5259,AR,432.80284284180783,492.0910542637899
2013-12-21 21:40:00+01:00,5259,AR,455.8319973461296,483.9098926362835
2013-12-21 21:50:00+01:00,5259,AR,469.5780585292882,485.5309127638906
2013-12-21 22:00:00+01:00,5259,AR,430.8071559309027,502.9654439188013
2013-12-21 22:10:00+01:00,5259,AR,462.6189748030378,480.2732567837769
2013-12-21 22:20:00+01:00,5259,AR,474.3350717728091,491.2192488873908
2013-12-21 22:30:00+01:00,5259,AR,472.1513960141033,504.1648147046234
2013-12-21 22:40:00+01:00,5259,AR,466.9173382275488,511.9273300428288
2013-12-21 22:50:00+01:00,5259,AR,535.2953671106408,507.070304629232
2013-12-21 23:00:00+01:00,5259,AR,518.0398517561152,553.3737791256301
2013-12-21 23:10:00+01:00,5259,AR,441.8685297336875,559.710581670239
2013-12-21 23:20:00+01:00,5259,AR,385.2777834088073,508.9204512386002
2013-12-21 23:30:00+01:00,5259,AR,364.3630301112764,441.7548519402611
2013-12-21 23:40:00+01:00,5259,AR,409.0307752606185,405.1459094107436
2013-12-21 23:50:00+01:00,5259,AR,324.7920558967463,417.5549594483009
2013-12-22 00:00:00+01:00,5259,AR,464.26360688625664,363.9425350510515
2013-12-22 00:10:00+01:00,5259,AR,556.5269665377868,453.5629876582014
2013-12-22 00:20:00+01:00,5259,AR,559.4771915709165,546.7332762498373
2013-12-22 00:30:00+01:00,5259,AR,679.3174382911284,601.0385863428112
2013-12-22 00:40:00+01:00,5259,AR,820.9844151933889,702.233804999669
2013-12-22 00:50:00+01:00,5259,AR,884.4168706116494,830.4730263487453
2013-12-22 01:00:00+01:00,5259,AR,1037.050156258067,954.800176094408
2013-12-22 01:10:00+01:00,5259,AR,994.9923338799572,1083.6401143128032
2013-12-22 01:20:00+01:00,5259,AR,1163.5909863328466,1086.9707810973766
2013-12-22 01:30:00+01:00,5259,AR,957.094478337146,1232.2141422711416
2013-12-22 01:40:00+01:00,5259,AR,955.593120988486,1120.321919079929
2013-12-22 01:50:00+01:00,5259,AR,995.6390309895252,1055.6584466008144
2013-12-22 02:00:00+01:00,5259,AR,985.519596984306,1048.1956204080077
2013-12-22 02:10:00+01:00,5259,AR,1118.016635630785,1024.2914524599544
2013-12-22 02:20:00+01:00,5259,AR,1052.2269054649703,1112.5930399596564
2013-12-22 02:30:00+01:00,5259,AR,1061.6436483755772,1081.875425102808
2013-12-22 02:40:00+01:00,5259,AR,835.6273545052373,1102.313522534205
2013-12-22 02:50:00+01:00,5259,AR,1041.6498345756515,944.6815276878432
2013-12-22 03:00:00+01:00,5259,AR,999.2084432207956,1008.594130210946
2013-12-22 03:10:00+01:00,5259,AR,820.4096753327752,1001.7676641629856
2013-12-22 03:20:00+01:00,5259,AR,755.2862946812464,893.9168571733171
2013-12-22 03:30:00+01:00,5259,AR,766.4912291902295,798.4083048841874
2013-12-22 03:40:00+01:00,5259,AR,650.0858972147582,751.0091572954901
2013-12-22 03:50:00+01:00,5259,AR,542.8725729823642,672.7698896176106
2013-12-22 04:00:00+01:00,5259,AR,566.5800055428884,553.3645888530821
2013-12-22 04:10:00+01:00,5259,AR,569.7812050629507,519.276598278341
2013-12-22 04:20:00+01:00,5259,AR,532.1656029289618,543.4939108254398
2013-12-22 04:30:00+01:00,5259,AR,370.3822106596509,525.2340291723433
2013-12-22 04:40:00+01:00,5259,AR,393.5229093120897,385.65208001221106
2013-12-22 04:50:00+01:00,5259,AR,431.681916811538,376.4422459054614
2013-12-22 05:00:00+01:00,5259,AR,362.1343392249836,401.9668571051641
2013-12-22 05:10:00+01:00,5259,AR,220.06571674622893,352.79869643748697
2013-12-22 05:20:00+01:00,5259,AR,183.95947373068947,246.08587628491023
2013-12-22 05:30:00+01:00,5259,AR,186.99693125326772,186.8918868380092
2013-12-22 05:40:00+01:00,5259,AR,184.61204489387097,169.17311341843794
2013-12-22 05:50:00+01:00,5259,AR,196.3765566258161,155.7066870054013
2013-12-22 06:00:00+01:00,5259,AR,167.44131018243277,159.61863728157843
2013-12-22 06:10:00+01:00,5259,AR,171.16750468724342,162.87039903626606
2013-12-22 06:20:00+01:00,5259,AR,191.29348789660648,179.63426227128744
2013-12-22 06:30:00+01:00,5259,AR,161.44585840428567,185.11250620911767
2013-12-22 06:40:00+01:00,5259,AR,170.60726868700246,169.79303346524676
2013-12-22 06:50:00+01:00,5259,AR,174.6964120438389,185.58060720237975
2013-12-22 07:00:00+01:00,5259,AR,181.15366366654473,192.7981647246279
2013-12-22 07:10:00+01:00,5259,AR,198.82334880430628,196.9106303043457
2013-12-22 07:20:00+01:00,5259,AR,179.3857557595679,209.65126626662476
2013-12-22 07:30:00+01:00,5259,AR,180.79421022774417,198.50087558041105
2013-12-22 07:40:00+01:00,5259,AR,190.4183923606721,201.56710178807617
2013-12-22 07:50:00+01:00,5259,AR,172.81428345026018,206.9055298493655
2013-12-22 08:00:00+01:00,5259,AR,196.8536822796079,193.27089125190403
2013-12-22 08:10:00+01:00,5259,AR,315.680262350671,209.2212606196915
2013-12-22 08:20:00+01:00,5259,AR,185.09997106116208,292.0392207600253
2013-12-22 08:30:00+01:00,5259,AR,205.3013894146577,238.5830787232971
2013-12-22 08:40:00+01:00,5259,AR,277.9974861256037,242.0115983935001
2013-12-22 08:50:00+01:00,5259,AR,269.70777420281104,269.38147674670745
2013-12-22 09:00:00+01:00,5259,AR,229.3106192743352,286.8072748284465
2013-12-22 09:10:00+01:00,5259,AR,251.14210031853492,273.9052582999875
2013-12-22 09:20:00+01:00,5259,AR,241.25100792823832,260.5899721163321
2013-12-22 09:30:00+01:00,5259,AR,260.74567155355874,264.7899207061279
2013-12-22 09:40:00+01:00,5259,AR,289.5527028300238,284.114222122388
2013-12-22 09:50:00+01:00,5259,AR,317.61769735996444,288.6392744490157
2013-12-22 10:00:00+01:00,5259,AR,268.85626460928904,323.6478743776267
2013-12-22 10:10:00+01:00,5259,AR,294.9297638550197,319.3307045531433
2013-12-22 10:20:00+01:00,5259,AR,320.86196267296395,313.0325207222288
2013-12-22 10:30:00+01:00,5259,AR,332.91960140738547,328.4711497598827
2013-12-22 10:40:00+01:00,5259,AR,343.0650816646425,354.1182163114282
2013-12-22 10:50:00+01:00,5259,AR,319.6542865719334,367.07056833103496
2013-12-22 11:00:00+01:00,5259,AR,393.042417766831,348.83537179424656
2013-12-22 11:10:00+01:00,5259,AR,390.876406972126,398.867828936479
2013-12-22 11:20:00+01:00,5259,AR,340.589554151675,407.87902949080666
2013-12-22 11:30:00+01:00,5259,AR,336.1698724013714,381.2021383958544
2013-12-22 11:40:00+01:00,5259,AR,408.2396749619402,370.43217594798375
2013-12-22 11:50:00+01:00,5259,AR,390.36388917421056,407.6648009747723
2013-12-22 12:00:00+01:00,5259,AR,392.3363145200971,412.3186750578092
2013-12-22 12:10:00+01:00,5259,AR,410.13563625853806,415.27087136218745
2013-12-22 12:20:00+01:00,5259,AR,415.6022249439594,424.9835559590318
2013-12-22 12:30:00+01:00,5259,AR,443.78903861356304,438.1045926430002
2013-12-22 12:40:00+01:00,5259,AR,465.2193084819477,461.8375866460052
2013-12-22 12:50:00+01:00,5259,AR,453.28199318523207,472.05475133357027
2013-12-22 13:00:00+01:00,5259,AR,546.5486725742113,482.7557478530469
2013-12-22 13:10:00+01:00,5259,AR,502.91729839246074,551.1053984511125
2013-12-22 13:20:00+01:00,5259,AR,499.9190219826488,532.5012665387812
2013-12-22 13:30:00+01:00,5259,AR,481.3729202478705,536.4669863707411
2013-12-22 13:40:00+01:00,5259,AR,523.123170935564,515.6942221462705
2013-12-22 13:50:00+01:00,5259,AR,493.4487436673232,532.0005570118428
2013-12-22 14:00:00+01:00,5259,AR,613.0567725915151,524.3338985216722
2013-12-22 14:10:00+01:00,5259,AR,622.0890603304966,592.4417408496125
2013-12-22 14:20:00+01:00,5259,AR,585.4621186901668,625.1765959352165
2013-12-22 14:30:00+01:00,5259,AR,575.9383938328281,624.7425838967238
2013-12-22 14:40:00+01:00,5259,AR,565.0086184279836,609.2302947290395
2013-12-22 14:50:00+01:00,5259,AR,508.62467116690857,584.7053033351463
2013-12-22 15:00:00+01:00,5259,AR,573.5636166169729,551.4450449861351
2013-12-22 15:10:00+01:00,5259,AR,540.9849537527407,572.1276754728856
2013-12-22 15:20:00+01:00,5259,AR,499.3559717014646,548.6454971760386
2013-12-22 15:30:00+01:00,5259,AR,538.5697500024035,533.6644365504148
2013-12-22 15:40:00+01:00,5259,AR,542.696941996011,540.6467123448992
2013-12-22 15:50:00+01:00,5259,AR,526.4453450811504,539.8937258237348
2013-12-22 16:00:00+01:00,5259,AR,529.1865180361443,545.954088820917
2013-12-22 16:10:00+01:00,5259,AR,572.53141037445,542.6656340068587
2013-12-22 16:20:00+01:00,5259,AR,532.5490703277975,566.854072850709
2013-12-22 16:30:00+01:00,5259,AR,580.4257017797742,568.8119154125867
2013-12-22 16:40:00+01:00,5259,AR,647.1941378344806,590.286798414734
2013-12-22 16:50:00+01:00,5259,AR,558.8858470807647,632.4699913490947
2013-12-22 17:00:00+01:00,5259,AR,547.6402907481691,608.555764333508
2013-12-22 17:10:00+01:00,5259,AR,564.8172401875252,594.3720815012435
2013-12-22 17:20:00+01:00,5259,AR,590.0938685002067,571.626480128801
2013-12-22 17:30:00+01:00,5259,AR,563.3900641529069,596.7119981813553
2013-12-22 17:40:00+01:00,5259,AR,624.6272690317459,587.3942408456662
2013-12-22 17:50:00+01:00,5259,AR,532.3870428965544,619.3496636236321
2013-12-22 18:00:00+01:00,5259,AR,516.3780603548381,571.8150572439336
2013-12-22 18:10:00+01:00,5259,AR,556.7154424623785,553.5650959818453
2013-12-22 18:20:00+01:00,5259,AR,513.0400197957179,546.7910791976864
2013-12-22 18:30:00+01:00,5259,AR,496.2418221524428,524.6940350391615
2013-12-22 18:40:00+01:00,5259,AR,521.3202442338579,522.8284712771101
2013-12-22 18:50:00+01:00,5259,AR,449.2207554296608,516.5195771974061
2013-12-22 19:00:00+01:00,5259,AR,456.6103909229529,475.39129826807954
2013-12-22 19:10:00+01:00,5259,AR,406.39129585892664,475.8560714407269
2013-12-22 19:20:00+01:00,5259,AR,376.7384622252709,417.4238932384925
2013-12-22 19:30:00+01:00,5259,AR,331.3847918854457,389.81183628059665
2013-12-22 19:40:00+01:00,5259,AR,360.70958539927113,356.4379029819804
2013-12-22 19:50:00+01:00,5259,AR,288.14633212943875,344.81180378948875
2013-12-22 20:00:00+01:00,5259,AR,307.36151857552045,302.44462995511344
2013-12-22 20:10:00+01:00,5259,AR,340.16920562500866,308.23953641796965
2013-12-22 20:20:00+01:00,5259,AR,283.19955457706635,322.18170906321643
2013-12-22 20:30:00+01:00,5259,AR,283.0353855116062,299.24256314284685
2013-12-22 20:40:00+01:00,5259,AR,243.07598688367256,300.2087229815925
2013-12-22 20:50:00+01:00,5259,AR,211.08591145628415,258.20983715702664
2013-12-22 21:00:00+01:00,5259,AR,229.33756820292317,235.54473139728407
2013-12-22 21:10:00+01:00,5259,AR,252.6313130614489,238.27718323180065
2013-12-22 21:20:00+01:00,5259,AR,232.55634678925216,242.8334300013102
2013-12-22 21:30:00+01:00,5259,AR,243.388519070819,248.721974200362
2013-12-22 21:40:00+01:00,5259,AR,239.44941432823205,259.92212672916736
2013-12-22 21:50:00+01:00,5259,AR,226.13971380610457,252.93052129760423
2013-12-22 22:00:00+01:00,5259,AR,218.93284740796375,251.55090281675783
2013-12-22 22:10:00+01:00,5259,AR,234.47742939064136,242.7791278197305
2013-12-22 22:20:00+01:00,5259,AR,231.8749365765658,244.45671798349673
2013-12-22 22:30:00+01:00,5259,AR,213.8835519887023,252.2827675965757
2013-12-22 22:40:00+01:00,5259,AR,209.93727813102177,241.86368838610767
2013-12-22 22:50:00+01:00,5259,AR,209.09282901295396,232.7009861326351
2013-12-22 23:00:00+01:00,5259,AR,213.30539053501704,227.1066317922104
2013-12-22 23:10:00+01:00,5259,AR,238.217008095928,230.7215301069922
2013-12-22 23:20:00+01:00,5259,AR,188.3727524420056,245.10030619641233
2013-12-22 23:30:00+01:00,5259,AR,219.61611599364343,218.33406072040592
2013-12-22 23:40:00+01:00,5259,AR,247.0048451348688,234.02720512786368
2013-12-22 23:50:00+01:00,5259,AR,202.4136809705029,249.0638626567714
2013-12-16 00:00:00+01:00,5259,LSTM,232.1898766899327,284.9705900302931
2013-12-16 00:10:00+01:00,5259,LSTM,246.45064270918337,257.3088584691741
2013-12-16 00:20:00+01:00,5259,LSTM,214.6365768929448,248.42060244630852
2013-12-16 00:30:00+01:00,5259,LSTM,219.90701685964387,230.26967372634317
2013-12-16 00:40:00+01:00,5259,LSTM,268.1308842448762,222.3700338986955
2013-12-16 00:50:00+01:00,5259,LSTM,221.68804086152016,243.23760398964123
2013-12-16 01:00:00+01:00,5259,LSTM,222.3082533659559,237.5263023939251
2013-12-16 01:10:00+01:00,5259,LSTM,211.72433867681735,233.4347803766741
2013-12-16 01:20:00+01:00,5259,LSTM,228.3670902294976,226.55202984801625
2013-12-16 01:30:00+01:00,5259,LSTM,209.083516772896,230.8457718741488
2013-12-16 01:40:00+01:00,5259,LSTM,192.91373510366645,225.84695249348033
2013-12-16 01:50:00+01:00,5259,LSTM,192.7650026681405,214.86069753692504
2013-12-16 02:00:00+01:00,5259,LSTM,206.97307095675816,207.8863960055778
2013-12-16 02:10:00+01:00,5259,LSTM,234.1046599547227,211.16984579026757
2013-12-16 02:20:00+01:00,5259,LSTM,206.42862575468757,227.84801507138104
2013-12-16 02:30:00+01:00,5259,LSTM,206.32528911496988,226.77781077670735
2013-12-16 02:40:00+01:00,5259,LSTM,195.28281835742075,225.07792407088937
2013-12-16 02:50:00+01:00,5259,LSTM,187.5159097104894,218.68577920958455
2013-12-16 03:00:00+01:00,5259,LSTM,169.92991641404285,210.6366958334293
2013-12-16 03:10:00+01:00,5259,LSTM,193.78353148119984,197.10767909408992
2013-12-16 03:20:00+01:00,5259,LSTM,169.87399148214186,199.75081039526367
2013-12-16 03:30:00+01:00,5259,LSTM,167.73363047572687,191.57382488299825
2013-12-16 03:40:00+01:00,5259,LSTM,196.84103204670907,184.97299758909253
2013-12-16 03:50:00+01:00,5259,LSTM,163.3166196460585,195.0782087785899
2013-12-16 04:00:00+01:00,5259,LSTM,164.8898817361429,187.1970137853075
2013-12-16 04:10:00+01:00,5259,LSTM,213.83914269147948,181.9366008778368
2013-12-16 04:20:00+01:00,5259,LSTM,168.6627156809515,202.3021214260932
2013-12-16 04:30:00+01:00,5259,LSTM,166.91851495015797,195.99385343931135
2013-12-16 04:40:00+01:00,5259,LSTM,187.45837269291812,189.3787549596923
2013-12-16 04:50:00+01:00,5259,LSTM,171.63751616185593,194.843676651112
2013-12-16 05:00:00+01:00,5259,LSTM,169.25965308148363,191.80768384133853
2013-12-16 05:10:00+01:00,5259,LSTM,178.00411355436933,188.2541585987151
2013-12-16 05:20:00+01:00,5259,LSTM,168.92126507089893,190.15316873538268
2013-12-16 05:30:00+01:00,5259,LSTM,171.16241950107786,187.55648610469095
2013-12-16 05:40:00+01:00,5259,LSTM,205.2234314816404,186.74625973088973
2013-12-16 05:50:00+01:00,5259,LSTM,189.87571240877625,202.7040034011343
2013-12-16 06:00:00+01:00,5259,LSTM,199.52766755495017,206.99606250442343
2013-12-16 06:10:00+01:00,5259,LSTM,182.89712685375787,213.57682935803385
2013-12-16 06:20:00+01:00,5259,LSTM,229.8823120720419,209.7964461160991
2013-12-16 06:30:00+01:00,5259,LSTM,194.64495741514983,229.04773710809468
2013-12-16 06:40:00+01:00,5259,LSTM,224.58916577687495,225.94160007420192
2013-12-16 06:50:00+01:00,5259,LSTM,237.17328332060544,236.57848024843497
2013-12-16 07:00:00+01:00,5259,LSTM,303.3206858845811,250.23654351141815
2013-12-16 07:10:00+01:00,5259,LSTM,308.52096198471156,291.70793602526805
2013-12-16 07:20:00+01:00,5259,LSTM,344.4099959516533,323.177650762956
2013-12-16 07:30:00+01:00,5259,LSTM,428.88050232484073,360.4565458889411
2013-12-16 07:40:00+01:00,5259,LSTM,472.670063868485,427.7135475779147
2013-12-16 07:50:00+01:00,5259,LSTM,609.255805636527,496.2059492678851
2013-12-16 08:00:00+01:00,5259,LSTM,728.317303952794,613.5605347483756
2013-12-16 08:10:00+01:00,5259,LSTM,860.0230445389815,759.7802089400407
2013-12-16 08:20:00+01:00,5259,LSTM,1125.8513984364304,931.3590396582726
2013-12-16 08:30:00+01:00,5259,LSTM,1168.1613184302253,1197.2088045510418
2013-12-16 08:40:00+01:00,5259,LSTM,1387.1550088788963,1392.2400233848643
2013-12-16 08:50:00+01:00,5259,LSTM,1756.506362473516,1614.8994583713766
2013-12-16 09:00:00+01:00,5259,LSTM,2052.4333607953986,1937.6826124515997
2013-12-16 09:10:00+01:00,5259,LSTM,2183.596149598601,2250.950554432819
2013-12-16 09:20:00+01:00,5259,LSTM,2043.354206730856,2421.4948588206607
2013-12-16 09:30:00+01:00,5259,LSTM,2211.9809851344016,2347.732215953813
2013-12-16 09:40:00+01:00,5259,LSTM,2340.459539797622,2333.1417461185865
2013-12-16 09:50:00+01:00,5259,LSTM,2499.440104552217,2372.880737857281
2013-12-16 10:00:00+01:00,5259,LSTM,2422.3499451419243,2473.3479330887467
2013-12-16 10:10:00+01:00,5259,LSTM,2569.7797810912753,2476.753495754965
2013-12-16 10:20:00+01:00,5259,LSTM,2579.761359507784,2545.456464751121
2013-12-16 10:30:00+01:00,5259,LSTM,2654.0538223338262,2583.480827379887
2013-12-16 10:40:00+01:00,5259,LSTM,2848.7235634199683,2637.3874041016797
2013-12-16 10:50:00+01:00,5259,LSTM,2786.207240346757,2766.5073031814636
2013-12-16 11:00:00+01:00,5259,LSTM,2861.6458402638873,2803.7378647633823
2013-12-16 11:10:00+01:00,5259,LSTM,2811.4269506459545,2855.3226811302056
2013-12-16 11:20:00+01:00,5259,LSTM,2873.902927843222,2853.742483897021
2013-12-16 11:30:00+01:00,5259,LSTM,2930.762981621897,2879.7806661325058
2013-12-16 11:40:00+01:00,5259,LSTM,3040.1118425684667,2922.225057317585
2013-12-16 11:50:00+01:00,5259,LSTM,3118.577086113159,3000.36949273374
2013-12-16 12:00:00+01:00,5259,LSTM,2854.6622378680117,3081.9508604979173
2013-12-16 12:10:00+01:00,5259,LSTM,2981.666579832694,2995.2686209118383
2013-12-16 12:20:00+01:00,5259,LSTM,3125.8438192035446,3002.03827902541
2013-12-16 12:30:00+01:00,5259,LSTM,3391.408784226711,3079.3930870433687
2013-12-16 12:40:00+01:00,5259,LSTM,3522.350129221956,3249.360889381922
2013-12-16 12:50:00+01:00,5259,LSTM,3438.2262069090484,3397.9795364286183
2013-12-16 13:00:00+01:00,5259,LSTM,3530.8870394481014,3441.5276557314146
2013-12-16 13:10:00+01:00,5259,LSTM,3249.5358285368206,3501.421533395266
2013-12-16 13:20:00+01:00,5259,LSTM,3270.111501785123,3412.395992041821
2013-12-16 13:30:00+01:00,5259,LSTM,3355.132464557213,3367.341050941819
2013-12-16 13:40:00+01:00,5259,LSTM,3163.859998487774,3379.3281737718935
2013-12-16 13:50:00+01:00,5259,LSTM,3426.3613388472177,3296.2486007754696
2013-12-16 14:00:00+01:00,5259,LSTM,3390.7327740282776,3371.7434424667317
2013-12-16 14:10:00+01:00,5259,LSTM,3217.67477696165,3395.943065154089
2013-12-16 14:20:00+01:00,5259,LSTM,3293.2998465105748,3326.830943956208
2013-12-16 14:30:00+01:00,5259,LSTM,3250.974829296687,3319.521673462079
2013-12-16 14:40:00+01:00,5259,LSTM,2988.675552829502,3291.7569470229346
2013-12-16 14:50:00+01:00,5259,LSTM,2891.024586581531,3141.1287554672062
2013-12-16 15:00:00+01:00,5259,LSTM,2885.9451947460952,2996.4879994873645
2013-12-16 15:10:00+01:00,5259,LSTM,3058.134359507787,2910.321542094379
2013-12-16 15:20:00+01:00,5259,LSTM,2785.339347452345,2961.2043776846986
2013-12-16 15:30:00+01:00,5259,LSTM,3014.155516017743,2845.3714910393505
2013-12-16 15:40:00+01:00,5259,LSTM,2961.3494035523768,2904.7386811700826
2013-12-16 15:50:00+01:00,5259,LSTM,2770.2828547195795,2911.393631262637
2013-12-16 16:00:00+01:00,5259,LSTM,2893.541455722238,2808.4233912274944
2013-12-16 16:10:00+01:00,5259,LSTM,3021.910283789267,2815.7377778070677
2013-12-16 16:20:00+01:00,5259,LSTM,3028.2186093273453,2893.604329003295
2013-12-16 16:30:00+01:00,5259,LSTM,3020.5500419830805,2942.2545318324405
2013-12-16 16:40:00+01:00,5259,LSTM,2886.455659477084,2962.7872675944327
2013-12-16 16:50:00+01:00,5259,LSTM,2971.204943893771,2897.4618574283777
2013-12-16 17:00:00+01:00,5259,LSTM,2918.5884743677407,2902.7941647997254
2013-12-16 17:10:00+01:00,5259,LSTM,2771.498766262565,2877.654394095044
2013-12-16 17:20:00+01:00,5259,LSTM,2934.119722242314,2782.0529327057784
2013-12-16 17:30:00+01:00,5259,LSTM,2954.7514697847732,2818.458188925217
2013-12-16 17:40:00+01:00,5259,LSTM,2941.6684416222006,2854.5597112298515
2013-12-16 17:50:00+01:00,5259,LSTM,2747.2111219267767,2869.193735108269
2013-12-16 18:00:00+01:00,5259,LSTM,2658.7868297078226,2767.8100200962026
2013-12-16 18:10:00+01:00,5259,LSTM,2650.058586218643,2655.682525650881
2013-12-16 18:20:00+01:00,5259,LSTM,2317.725007155487,2589.4615312644
2013-12-16 18:30:00+01:00,5259,LSTM,2560.468324335149,2363.224059264048
2013-12-16 18:40:00+01:00,5259,LSTM,2174.4464414563727,2385.734364001045
2013-12-16 18:50:00+01:00,5259,LSTM,2060.1047957708984,2184.796607692425
2013-12-16 19:00:00+01:00,5259,LSTM,2025.345260150384,2004.5543594432263
2013-12-16 19:10:00+01:00,5259,LSTM,1840.871024838,1898.4486658582564
2013-12-16 19:20:00+01:00,5259,LSTM,1864.1748189448856,1748.9439262759715
2013-12-16 19:30:00+01:00,5259,LSTM,1815.919576026279,1700.0229748197546
2013-12-16 19:40:00+01:00,5259,LSTM,1556.1769534235257,1669.8917559364595
2013-12-16 19:50:00+01:00,5259,LSTM,1483.8280027889798,1512.9628358882887
2013-12-16 20:00:00+01:00,5259,LSTM,1350.4185893230958,1392.1777804834956
2013-12-16 20:10:00+01:00,5259,LSTM,1286.6215678230387,1267.422415579258
2013-12-16 20:20:00+01:00,5259,LSTM,1215.8221219491645,1182.705653167553
2013-12-16 20:30:00+01:00,5259,LSTM,1162.746253035903,1118.2806403812574
2013-12-16 20:40:00+01:00,5259,LSTM,1167.4231488764965,1071.90002729893
2013-12-16 20:50:00+01:00,5259,LSTM,962.3013952792026,1066.556545319901
2013-12-16 21:00:00+01:00,5259,LSTM,951.8954550191452,958.7389826184668
2013-12-16 21:10:00+01:00,5259,LSTM,927.2463121432532,893.5326560728222
2013-12-16 21:20:00+01:00,5259,LSTM,875.9510409007667,856.0048903167319
2013-12-16 21:30:00+01:00,5259,LSTM,853.0675487997621,818.7020640279113
2013-12-16 21:40:00+01:00,5259,LSTM,817.6552269628801,794.1906967130137
2013-12-16 21:50:00+01:00,5259,LSTM,764.6573964769121,769.584580842024
2013-12-16 22:00:00+01:00,5259,LSTM,819.1555457572014,732.8230161981476
2013-12-16 22:10:00+01:00,5259,LSTM,746.0706382294346,747.9993451336725
2013-12-16 22:20:00+01:00,5259,LSTM,672.637745486664,726.7543964242878
2013-12-16 22:30:00+01:00,5259,LSTM,686.4748731049707,675.1186211537615
2013-12-16 22:40:00+01:00,5259,LSTM,691.5768979191633,653.8231847590703
2013-12-16 22:50:00+01:00,5259,LSTM,721.835402793747,651.8736196201824
2013-12-16 23:00:00+01:00,5259,LSTM,670.4378984320219,675.2370989219478
2013-12-16 23:10:00+01:00,5259,LSTM,651.5783809786882,667.6809773051267
2013-12-16 23:20:00+01:00,5259,LSTM,609.9293871411836,653.050588540051
2013-12-16 23:30:00+01:00,5259,LSTM,588.9925199882217,622.6067835677942
2013-12-16 23:40:00+01:00,5259,LSTM,525.4099245161871,593.6742433090499
2013-12-16 23:50:00+01:00,5259,LSTM,516.7734600937091,544.406475113233
2013-12-17 00:00:00+01:00,5259,LSTM,467.06071091054497,511.5886718609437
2013-12-17 00:10:00+01:00,5259,LSTM,495.03102907536714,470.4250522767233
2013-12-17 00:20:00+01:00,5259,LSTM,440.19059733799304,464.0010665152184
2013-12-17 00:30:00+01:00,5259,LSTM,458.8445223763198,438.4281114706064
2013-12-17 00:40:00+01:00,5259,LSTM,489.79425554868016,435.2530419170415
2013-12-17 00:50:00+01:00,5259,LSTM,408.49871876603765,455.3970225021724
2013-12-17 01:00:00+01:00,5259,LSTM,388.2889551227609,430.5465798927554
2013-12-17 01:10:00+01:00,5259,LSTM,415.6460258850313,403.4733327915706
2013-12-17 01:20:00+01:00,5259,LSTM,387.5083917436968,402.9195165422136
2013-12-17 01:30:00+01:00,5259,LSTM,314.9284734537841,392.82521069274264
2013-12-17 01:40:00+01:00,5259,LSTM,360.4595900829752,350.95934106436357
2013-12-17 01:50:00+01:00,5259,LSTM,302.2349546736518,347.7500745186177
2013-12-17 02:00:00+01:00,5259,LSTM,288.7283914023612,321.54521560470755
2013-12-17 02:10:00+01:00,5259,LSTM,350.71538687571643,299.11750872087237
2013-12-17 02:20:00+01:00,5259,LSTM,315.43919304670925,318.85846294342866
2013-12-17 02:30:00+01:00,5259,LSTM,325.1870019608894,319.28047267567854
2013-12-17 02:40:00+01:00,5259,LSTM,376.631611345918,325.1227729855369
2013-12-17 02:50:00+01:00,5259,LSTM,344.88117039245583,356.9498732182823
2013-12-17 03:00:00+01:00,5259,LSTM,306.3181042019934,364.40589458436887
2013-12-17 03:10:00+01:00,5259,LSTM,379.130470973628,348.1912695712841
2013-12-17 03:20:00+01:00,5259,LSTM,325.178730480181,373.3625445915966
2013-12-17 03:30:00+01:00,5259,LSTM,319.28712012589995,365.3566786740637
2013-12-17 03:40:00+01:00,5259,LSTM,333.0001483713104,354.82514946983713
2013-12-17 03:50:00+01:00,5259,LSTM,284.91958425725534,354.8293231184891
2013-12-17 04:00:00+01:00,5259,LSTM,282.0920704138845,331.33201779220406
2013-12-17 04:10:00+01:00,5259,LSTM,316.856937076561,313.3822320105004
2013-12-17 04:20:00+01:00,5259,LSTM,279.538666129982,320.42748556893196
2013-12-17 04:30:00+01:00,5259,LSTM,316.08958227172894,308.83147400769985
2013-12-17 04:40:00+01:00,5259,LSTM,313.3697120239398,319.2299176734581
2013-12-17 04:50:00+01:00,5259,LSTM,296.6811874812207,326.8133026403449
2013-12-17 05:00:00+01:00,5259,LSTM,290.3907096940581,323.54843232384803
2013-12-17 05:10:00+01:00,5259,LSTM,339.1140189265654,317.6324873103556
2013-12-17 05:20:00+01:00,5259,LSTM,308.0924840263518,338.5336485412588
2013-12-17 05:30:00+01:00,5259,LSTM,294.46112916705914,338.5778757535875
2013-12-17 05:40:00+01:00,5259,LSTM,315.03189379512054,330.15552009073156
2013-12-17 05:50:00+01:00,5259,LSTM,331.9913322207382,334.337314089311
2013-12-17 06:00:00+01:00,5259,LSTM,317.0409959618591,346.6802068085128
2013-12-17 06:10:00+01:00,5259,LSTM,330.7334016329294,347.73216821956225
2013-12-17 06:20:00+01:00,5259,LSTM,338.52611334543707,354.401120230175
2013-12-17 06:30:00+01:00,5259,LSTM,311.9849558262465,362.8689148098068
2013-12-17 06:40:00+01:00,5259,LSTM,377.2446097481642,354.54329355199854
2013-12-17 06:50:00+01:00,5259,LSTM,364.6079825014748,381.0987389526781
2013-12-17 07:00:00+01:00,5259,LSTM,463.999797952032,394.20291864939054
2013-12-17 07:10:00+01:00,5259,LSTM,515.5595683177615,453.51834207345496
2013-12-17 07:20:00+01:00,5259,LSTM,516.2354324627687,523.0998641108605
2013-12-17 07:30:00+01:00,5259,LSTM,538.0558962925077,568.5949231929093
2013-12-17 07:40:00+01:00,5259,LSTM,723.5852083918212,605.0985967402393
2013-12-17 07:50:00+01:00,5259,LSTM,763.5819170188058,728.389793526741
2013-12-17 08:00:00+01:00,5259,LSTM,728.2444448741306,836.2977628433312
2013-12-17 08:10:00+01:00,5259,LSTM,929.1892966376156,877.4012684235797
2013-12-17 08:20:00+01:00,5259,LSTM,1197.8624855872697,1005.4004082064698
2013-12-17 08:30:00+01:00,5259,LSTM,1237.7401196758376,1247.8590602043823
2013-12-17 08:40:00+01:00,5259,LSTM,1657.8983773660666,1421.0103635399469
2013-12-17 08:50:00+01:00,5259,LSTM,1860.2917224080768,1752.1631893834085
2013-12-17 09:00:00+01:00,5259,LSTM,2083.8604871376288,2040.277089474233
2013-12-17 09:10:00+01:00,5259,LSTM,2054.594297944668,2266.9550160412005
2013-12-17 09:20:00+01:00,5259,LSTM,2340.44887484216,2297.496834439866
2013-12-17 09:30:00+01:00,5259,LSTM,2494.3693956195325,2409.8048728478443
2013-12-17 09:40:00+01:00,5259,LSTM,2697.0933799821023,2525.755092873845
2013-12-17 09:50:00+01:00,5259,LSTM,2653.8050612841075,2676.493010998973
2013-12-17 10:00:00+01:00,5259,LSTM,2913.426652673073,2718.8722394115503
2013-12-17 10:10:00+01:00,5259,LSTM,2943.049202879115,2859.1154506842686
2013-12-17 10:20:00+01:00,5259,LSTM,2912.6916604257776,2943.543246829121
2013-12-17 10:30:00+01:00,5259,LSTM,2882.7919290560703,2965.3870468031564
2013-12-17 10:40:00+01:00,5259,LSTM,2897.9876864936605,2952.908106601282
2013-12-17 10:50:00+01:00,5259,LSTM,3178.6437390347182,2946.903437895477
2013-12-17 11:00:00+01:00,5259,LSTM,2957.5390345859732,3080.063563504241
2013-12-17 11:10:00+01:00,5259,LSTM,3091.1827548452734,3049.3883229825383
2013-12-17 11:20:00+01:00,5259,LSTM,2935.685527561912,3091.1048836962373
2013-12-17 11:30:00+01:00,5259,LSTM,3038.8824517189196,3037.162763643989
2013-12-17 11:40:00+01:00,5259,LSTM,3033.9994816331905,3054.2241007981233
2013-12-17 11:50:00+01:00,5259,LSTM,3046.004930756597,3062.597517064689
2013-12-17 12:00:00+01:00,5259,LSTM,3170.335272323165,3073.1509242658813
2013-12-17 12:10:00+01:00,5259,LSTM,3287.054596942698,3139.9000871575836
2013-12-17 12:20:00+01:00,5259,LSTM,3273.397990945723,3233.0303446433736
2013-12-17 12:30:00+01:00,5259,LSTM,3428.1892037308894,3277.6129902765606
2013-12-17 12:40:00+01:00,5259,LSTM,3300.243568170413,3370.03090018113
2013-12-17 12:50:00+01:00,5259,LSTM,3524.259851382224,3362.5859187888973
2013-12-17 13:00:00+01:00,5259,LSTM,3532.3970811520794,3455.2578827259294
2013-12-17 13:10:00+01:00,5259,LSTM,3420.4385062093897,3507.6082270358293
2013-12-17 13:20:00+01:00,5259,LSTM,3283.058959090147,3487.6659952411837
2013-12-17 13:30:00+01:00,5259,LSTM,3427.271605447595,3411.851128941992
2013-12-17 13:40:00+01:00,5259,LSTM,3333.622922919274,3431.316487719688
2013-12-17 13:50:00+01:00,5259,LSTM,3423.7215534665356,3396.7018614057915
2013-12-17 14:00:00+01:00,5259,LSTM,3479.5239715708476,3416.1658738452124
2013-12-17 14:10:00+01:00,5259,LSTM,3253.9462636361404,3447.682845056347
2013-12-17 14:20:00+01:00,5259,LSTM,3157.221299838798,3357.7627965530955
2013-12-17 14:30:00+01:00,5259,LSTM,3336.7227848194216,3253.674961116005
2013-12-17 14:40:00+01:00,5259,LSTM,3390.9921450563656,3277.3048134454484
2013-12-17 14:50:00+01:00,5259,LSTM,3404.9240883487787,3314.086236578879
2013-12-17 15:00:00+01:00,5259,LSTM,3288.2461604218634,3338.731766502865
2013-12-17 15:10:00+01:00,5259,LSTM,3316.8000187207413,3293.9662881319537
2013-12-17 15:20:00+01:00,5259,LSTM,3067.677679739923,3277.2506906467997
2013-12-17 15:30:00+01:00,5259,LSTM,3504.392489700039,3142.9568135767895
2013-12-17 15:40:00+01:00,5259,LSTM,3546.8487104473024,3274.936604419998
2013-12-17 15:50:00+01:00,5259,LSTM,3474.941969915728,3364.2591479968733
2013-12-17 16:00:00+01:00,5259,LSTM,3474.567417961731,3382.785301194038
2013-12-17 16:10:00+01:00,5259,LSTM,3764.5302001921286,3388.008420531295
2013-12-17 16:20:00+01:00,5259,LSTM,3574.8710152306157,3507.183053408634
2013-12-17 16:30:00+01:00,5259,LSTM,3395.2378571854833,3493.022132799996
2013-12-17 16:40:00+01:00,5259,LSTM,3378.862800094695,3407.272501736902
2013-12-17 16:50:00+01:00,5259,LSTM,3221.694859037559,3345.6737559156154
2013-12-17 17:00:00+01:00,5259,LSTM,3290.867951002578,3236.68699939785
2013-12-17 17:10:00+01:00,5259,LSTM,3329.692795518831,3207.506059727397
2013-12-17 17:20:00+01:00,5259,LSTM,3222.857197135554,3211.8808513176755
2013-12-17 17:30:00+01:00,5259,LSTM,3108.7493790017297,3167.4617857848816
2013-12-17 17:40:00+01:00,5259,LSTM,2915.6515750588233,3087.160651086254
2013-12-17 17:50:00+01:00,5259,LSTM,2874.300711087408,2942.7003044352414
2013-12-17 18:00:00+01:00,5259,LSTM,2772.0290993740923,2838.9443413829
2013-12-17 18:10:00+01:00,5259,LSTM,2927.0052200856608,2731.2628598225956
2013-12-17 18:20:00+01:00,5259,LSTM,2516.4592713618176,2761.955064206561
2013-12-17 18:30:00+01:00,5259,LSTM,2449.765440758487,2563.5616179697417
2013-12-17 18:40:00+01:00,5259,LSTM,2397.9623867436294,2411.3668271974047
2013-12-17 18:50:00+01:00,5259,LSTM,2353.1258897538055,2305.139929509242
2013-12-17 19:00:00+01:00,5259,LSTM,2134.7422032875875,2234.1392322963234
2013-12-17 19:10:00+01:00,5259,LSTM,2112.6351995853215,2078.919959906463
2013-12-17 19:20:00+01:00,5259,LSTM,1947.9389685539209,1988.171980681096
2013-12-17 19:30:00+01:00,5259,LSTM,1829.2687651115532,1855.5040426871583
2013-12-17 19:40:00+01:00,5259,LSTM,1907.563389200868,1725.2846564552228
2013-12-17 19:50:00+01:00,5259,LSTM,1698.4341146230263,1720.4753341867386
2013-12-17 20:00:00+01:00,5259,LSTM,1633.7744316143592,1616.2946687255976
2013-12-17 20:10:00+01:00,5259,LSTM,1544.136156666947,1532.271531378478
2013-12-17 20:20:00+01:00,5259,LSTM,1431.9976841009927,1450.402669904936
2013-12-17 20:30:00+01:00,5259,LSTM,1385.2742368937363,1356.1530415335983
2013-12-17 20:40:00+01:00,5259,LSTM,1527.5689097045592,1293.8703558686916
2013-12-17 20:50:00+01:00,5259,LSTM,1436.932684935418,1367.6217399817158
2013-12-17 21:00:00+01:00,5259,LSTM,1300.8354000717616,1378.0393016509768
2013-12-17 21:10:00+01:00,5259,LSTM,1182.803925806113,1303.265634471249
2013-12-17 21:20:00+01:00,5259,LSTM,1130.9696815796033,1186.4893349382612
2013-12-17 21:30:00+01:00,5259,LSTM,1155.969379668684,1093.1274399522847
2013-12-17 21:40:00+01:00,5259,LSTM,1180.3083290307432,1068.5951034187565
2013-12-17 21:50:00+01:00,5259,LSTM,978.6411905452215,1087.6359617383937
2013-12-17 22:00:00+01:00,5259,LSTM,988.7112715471736,991.8567163799346
2013-12-17 22:10:00+01:00,5259,LSTM,1085.0679739272612,939.8056630685326
2013-12-17 22:20:00+01:00,5259,LSTM,1033.1766738634904,977.6094954878796
2013-12-17 22:30:00+01:00,5259,LSTM,944.3495399442436,985.0486539670736
2013-12-17 22:40:00+01:00,5259,LSTM,942.019390525435,939.7615031731176
2013-12-17 22:50:00+01:00,5259,LSTM,967.8114073882998,910.1707381318022
2013-12-17 23:00:00+01:00,5259,LSTM,1005.8289581153508,913.1642876274612
2013-12-17 23:10:00+01:00,5259,LSTM,907.1660338055204,945.36183283653
2013-12-17 23:20:00+01:00,5259,LSTM,756.8508235765927,912.6623390601424
2013-12-17 23:30:00+01:00,5259,LSTM,723.3757899064345,802.1799353528522
2013-12-17 23:40:00+01:00,5259,LSTM,765.8621444140807,713.9752227871228
2013-12-17 23:50:00+01:00,5259,LSTM,716.9842387095558,694.1437273155833
2013-12-18 00:00:00+01:00,5259,LSTM,661.3384902655516,669.7822074506759
2013-12-18 00:10:00+01:00,5259,LSTM,632.7722086861381,632.2497968275375
2013-12-18 00:20:00+01:00,5259,LSTM,580.1304723754099,599.6433686843985
2013-12-18 00:30:00+01:00,5259,LSTM,556.2924929105255,558.0443433020936
2013-12-18 00:40:00+01:00,5259,LSTM,602.693229810565,525.6715048496402
2013-12-18 00:50:00+01:00,5259,LSTM,549.7469944477903,538.2967920219905
2013-12-18 01:00:00+01:00,5259,LSTM,485.1284715073028,527.5367218956092
2013-12-18 01:10:00+01:00,5259,LSTM,531.8049002801198,489.70104857606225
2013-12-18 01:20:00+01:00,5259,LSTM,523.7163558117866,493.4198368419228
2013-12-18 01:30:00+01:00,5259,LSTM,457.6911716842491,499.290140987898
2013-12-18 01:40:00+01:00,5259,LSTM,520.6367067751955,472.1105331630006
2013-12-18 01:50:00+01:00,5259,LSTM,493.67102441828706,489.3712630156391
2013-12-18 02:00:00+01:00,5259,LSTM,406.317799542244,492.5260028612538
2013-12-18 02:10:00+01:00,5259,LSTM,450.19852019810605,449.5825240776895
2013-12-18 02:20:00+01:00,5259,LSTM,436.35380375776873,444.07909711160937
2013-12-18 02:30:00+01:00,5259,LSTM,380.0415071504931,438.672606501318
2013-12-18 02:40:00+01:00,5259,LSTM,439.2201185628973,408.3703016817474
2013-12-18 02:50:00+01:00,5259,LSTM,414.04528487155903,420.5717615651768
2013-12-18 03:00:00+01:00,5259,LSTM,377.9306487431058,420.7734430387484
2013-12-18 03:10:00+01:00,5259,LSTM,423.2731000130383,403.1626652346504
2013-12-18 03:20:00+01:00,5259,LSTM,431.6105030704312,415.818446968926
2013-12-18 03:30:00+01:00,5259,LSTM,381.5679924112871,432.2634977777502
2013-12-18 03:40:00+01:00,5259,LSTM,433.53830482435853,418.1120015370367
2013-12-18 03:50:00+01:00,5259,LSTM,402.7005471920816,434.7084480848671
2013-12-18 04:00:00+01:00,5259,LSTM,372.7359028160493,432.1469048831487
2013-12-18 04:10:00+01:00,5259,LSTM,415.7556470193871,413.76238647249784
2013-12-18 04:20:00+01:00,5259,LSTM,406.3472734517755,423.6630888780463
2013-12-18 04:30:00+01:00,5259,LSTM,371.6052622552013,427.93340461819673
2013-12-18 04:40:00+01:00,5259,LSTM,420.7161973719539,412.5323718246003
2013-12-18 04:50:00+01:00,5259,LSTM,392.86649422841344,427.2046317100236
2013-12-18 05:00:00+01:00,5259,LSTM,370.86359355995546,424.7133673662521
2013-12-18 05:10:00+01:00,5259,LSTM,419.2739956791281,410.48257180115024
2013-12-18 05:20:00+01:00,5259,LSTM,399.4987065553128,425.9929272626639
2013-12-18 05:30:00+01:00,5259,LSTM,368.65483089660427,428.2409082801711
2013-12-18 05:40:00+01:00,5259,LSTM,424.99372061281247,412.6021121472372
2013-12-18 05:50:00+01:00,5259,LSTM,428.424024711219,430.7693315603283
2013-12-18 06:00:00+01:00,5259,LSTM,389.513944866211,447.2065736071585
2013-12-18 06:10:00+01:00,5259,LSTM,434.3549029721847,437.095169261597
2013-12-18 06:20:00+01:00,5259,LSTM,427.3217970380225,451.79576956770575
2013-12-18 06:30:00+01:00,5259,LSTM,394.5657379167704,459.13412096857087
2013-12-18 06:40:00+01:00,5259,LSTM,496.37942306454016,445.4393026706843
2013-12-18 06:50:00+01:00,5259,LSTM,473.81972859739096,488.8593852035434
2013-12-18 07:00:00+01:00,5259,LSTM,486.7012359812683,509.1372591301075
2013-12-18 07:10:00+01:00,5259,LSTM,599.9542211229675,526.5301994013357
2013-12-18 07:20:00+01:00,5259,LSTM,525.7067140687788,598.3053777068585
2013-12-18 07:30:00+01:00,5259,LSTM,586.3791451745045,606.3731078681204
2013-12-18 07:40:00+01:00,5259,LSTM,784.0884134091095,636.6920399653854
2013-12-18 07:50:00+01:00,5259,LSTM,714.1670368382408,767.562178802467
2013-12-18 08:00:00+01:00,5259,LSTM,779.4248462251562,817.5467711542676
2013-12-18 08:10:00+01:00,5259,LSTM,981.3813509148514,873.1599326147953
2013-12-18 08:20:00+01:00,5259,LSTM,1149.2911039613014,1020.375863471388
2013-12-18 08:30:00+01:00,5259,LSTM,1348.960525534311,1215.4481372079792
2013-12-18 08:40:00+01:00,5259,LSTM,1568.052884045338,1450.446972848793
2013-12-18 08:50:00+01:00,5259,LSTM,1768.0125966580797,1706.1035770042604
2013-12-18 09:00:00+01:00,5259,LSTM,2023.6374580881188,1936.8287647176935
2013-12-18 09:10:00+01:00,5259,LSTM,2272.9026557932207,2160.8371717533
2013-12-18 09:20:00+01:00,5259,LSTM,2444.1502727315096,2367.884072617852
2013-12-18 09:30:00+01:00,5259,LSTM,2440.644793612992,2522.8872577146
2013-12-18 09:40:00+01:00,5259,LSTM,2575.36368168322,2561.2941150472493
2013-12-18 09:50:00+01:00,5259,LSTM,2680.140651137405,2621.311721198558
2013-12-18 10:00:00+01:00,5259,LSTM,2715.621549803129,2693.131732568634
2013-12-18 10:10:00+01:00,5259,LSTM,2921.3970014600905,2740.0662965341457
2013-12-18 10:20:00+01:00,5259,LSTM,2777.6829445984777,2863.6970398335634
2013-12-18 10:30:00+01:00,5259,LSTM,2773.9455734073035,2853.9487429207275
2013-12-18 10:40:00+01:00,5259,LSTM,2989.9443346154853,2834.7822712400466
2013-12-18 10:50:00+01:00,5259,LSTM,2846.94091627998,2929.983331626374
2013-12-18 11:00:00+01:00,5259,LSTM,2811.032088831203,2912.0744745282254
2013-12-18 11:10:00+01:00,5259,LSTM,3279.428602902029,2876.774158130951
2013-12-18 11:20:00+01:00,5259,LSTM,3163.4816065820332,3088.9880360267
2013-12-18 11:30:00+01:00,5259,LSTM,3015.9002332968525,3155.3629168779953
2013-12-18 11:40:00+01:00,5259,LSTM,3284.273872862363,3117.364403944106
2013-12-18 11:50:00+01:00,5259,LSTM,3299.7687186012427,3217.4860614573336
2013-12-18 12:00:00+01:00,5259,LSTM,2981.03916277119,3280.8214490193413
2013-12-18 12:10:00+01:00,5259,LSTM,3214.5310333329453,3165.1770497324715
2013-12-18 12:20:00+01:00,5259,LSTM,3171.614395353887,3206.052014390565
2013-12-18 12:30:00+01:00,5259,LSTM,3339.4691335045686,3210.4706966086032
2013-12-18 12:40:00+01:00,5259,LSTM,3410.1052018374426,3292.244725379911
2013-12-18 12:50:00+01:00,5259,LSTM,3605.2385918758273,3369.288394622554
2013-12-18 13:00:00+01:00,5259,LSTM,3426.002249907413,3494.0464269594977
2013-12-18 13:10:00+01:00,5259,LSTM,3416.0273270650027,3484.724650012132
2013-12-18 13:20:00+01:00,5259,LSTM,3399.940383424251,3472.8943755910777
2013-12-18 13:30:00+01:00,5259,LSTM,3227.800127735796,3455.672554914582
2013-12-18 13:40:00+01:00,5259,LSTM,3338.310796593488,3363.933603402016
2013-12-18 13:50:00+01:00,5259,LSTM,3355.9116624220464,3360.704276415975
2013-12-18 14:00:00+01:00,5259,LSTM,3166.157030676413,3364.5618048410583
2013-12-18 14:10:00+01:00,5259,LSTM,3369.8702780745884,3273.4126841267016
2013-12-18 14:20:00+01:00,5259,LSTM,3113.4396108136393,3316.507760600013
2013-12-18 14:30:00+01:00,5259,LSTM,3275.3540306663726,3212.549173637308
2013-12-18 14:40:00+01:00,5259,LSTM,3055.2413088613,3230.630496668464
2013-12-18 14:50:00+01:00,5259,LSTM,2968.3508034779225,3127.663757112836
2013-12-18 15:00:00+01:00,5259,LSTM,2976.4426110586633,3020.367193665309
2013-12-18 15:10:00+01:00,5259,LSTM,2978.914909635605,2962.071688801353
2013-12-18 15:20:00+01:00,5259,LSTM,2843.1063698070097,2933.387144052834
2013-12-18 15:30:00+01:00,5259,LSTM,2873.2675467740037,2846.333315102899
2013-12-18 15:40:00+01:00,5259,LSTM,3034.583119758472,2814.409076563624
2013-12-18 15:50:00+01:00,5259,LSTM,2952.283996714762,2887.6863644823898
2013-12-18 16:00:00+01:00,5259,LSTM,2992.3244802749914,2887.7186766009863
2013-12-18 16:10:00+01:00,5259,LSTM,3030.4352020142283,2907.7192048429324
2013-12-18 16:20:00+01:00,5259,LSTM,2983.157401935984,2937.139254190998
2013-12-18 16:30:00+01:00,5259,LSTM,2836.973523462241,2927.271537073183
2013-12-18 16:40:00+01:00,5259,LSTM,2978.4666619027757,2840.300373293323
2013-12-18 16:50:00+01:00,5259,LSTM,3022.2868043884923,2866.40694951317
2013-12-18 17:00:00+01:00,5259,LSTM,2991.586565871606,2907.6174216693544
2013-12-18 17:10:00+01:00,5259,LSTM,2801.420325558388,2916.1164512969626
2013-12-18 17:20:00+01:00,5259,LSTM,2843.474053040683,2816.044204398422
2013-12-18 17:30:00+01:00,5259,LSTM,2739.061762550002,2779.245682768901
2013-12-18 17:40:00+01:00,5259,LSTM,2828.4386146343527,2703.2148638104236
2013-12-18 17:50:00+01:00,5259,LSTM,2639.465202447072,2714.3953953800387
2013-12-18 18:00:00+01:00,5259,LSTM,2697.9636373369963,2619.3643775178243
2013-12-18 18:10:00+01:00,5259,LSTM,2509.2981044416015,2600.635735044123
2013-12-18 18:20:00+01:00,5259,LSTM,2373.925737487832,2486.2345445202445
2013-12-18 18:30:00+01:00,5259,LSTM,2274.8687484277316,2343.957218064978
2013-12-18 18:40:00+01:00,5259,LSTM,2122.9449339654543,2211.1802603292344
2013-12-18 18:50:00+01:00,5259,LSTM,2104.6554793735586,2057.2047352376753
2013-12-18 19:00:00+01:00,5259,LSTM,1954.2173694824403,1974.96285391586
2013-12-18 19:10:00+01:00,5259,LSTM,1900.6039159358509,1856.8548238783096
2013-12-18 19:20:00+01:00,5259,LSTM,1830.8048117732624,1774.3569699919892
2013-12-18 19:30:00+01:00,5259,LSTM,1645.0162963603916,1705.6875584773336
2013-12-18 19:40:00+01:00,5259,LSTM,1657.572856850748,1572.228680405382
2013-12-18 19:50:00+01:00,5259,LSTM,1499.5960212466816,1521.8489377699143
2013-12-18 20:00:00+01:00,5259,LSTM,1415.3047921046043,1421.8356857316546
2013-12-18 20:10:00+01:00,5259,LSTM,1484.5228135438288,1331.1376893147417
2013-12-18 20:20:00+01:00,5259,LSTM,1344.598166485185,1342.7865867263324
2013-12-18 20:30:00+01:00,5259,LSTM,1296.4247390317278,1287.859695957564
2013-12-18 20:40:00+01:00,5259,LSTM,1235.2767828747697,1235.714987989918
2013-12-18 20:50:00+01:00,5259,LSTM,1203.808097333722,1179.867538425725
2013-12-18 21:00:00+01:00,5259,LSTM,1060.9435222880215,1139.4216854342808
2013-12-18 21:10:00+01:00,5259,LSTM,1170.2113863193233,1042.2125615110235
2013-12-18 21:20:00+01:00,5259,LSTM,993.6036285975524,1057.2591370953105
2013-12-18 21:30:00+01:00,5259,LSTM,968.9386683838178,980.1176563770003
2013-12-18 21:40:00+01:00,5259,LSTM,1047.5736695621188,922.3768092238228
2013-12-18 21:50:00+01:00,5259,LSTM,1083.4266078134342,944.7992653883862
2013-12-18 22:00:00+01:00,5259,LSTM,916.0882301560991,995.1203076750704
2013-12-18 22:10:00+01:00,5259,LSTM,1061.1026115235982,934.3936188128577
2013-12-18 22:20:00+01:00,5259,LSTM,863.0285701350974,977.663214385046
2013-12-18 22:30:00+01:00,5259,LSTM,815.0374837151279,897.9254549375265
2013-12-18 22:40:00+01:00,5259,LSTM,800.1888159429731,815.6376634805388
2013-12-18 22:50:00+01:00,5259,LSTM,839.2511539023955,762.7363638901159
2013-12-18 23:00:00+01:00,5259,LSTM,747.4280151576586,763.926257657423
2013-12-18 23:10:00+01:00,5259,LSTM,753.5594707217181,725.3091696031565
2013-12-18 23:20:00+01:00,5259,LSTM,731.6779359363601,709.1998282431646
2013-12-18 23:30:00+01:00,5259,LSTM,626.6589711925102,694.9685614596665
2013-12-18 23:40:00+01:00,5259,LSTM,700.3663006533034,633.5844219593904
2013-12-18 23:50:00+01:00,5259,LSTM,573.6437325894447,638.7845189121482
2013-12-19 00:00:00+01:00,5259,LSTM,551.9770559229543,583.2428143555579
2013-12-19 00:10:00+01:00,5259,LSTM,509.2811934070718,538.433781941456
2013-12-19 00:20:00+01:00,5259,LSTM,505.89673548443943,494.4970420956255
2013-12-19 00:30:00+01:00,5259,LSTM,428.3467480005223,472.11147559979304
2013-12-19 00:40:00+01:00,5259,LSTM,451.1895649977121,425.414001804481
2013-12-19 00:50:00+01:00,5259,LSTM,433.8096077625656,412.5706078316059
2013-12-19 01:00:00+01:00,5259,LSTM,382.50234180925565,403.7557272447192
2013-12-19 01:10:00+01:00,5259,LSTM,425.51998726958266,377.3391566370898
2013-12-19 01:20:00+01:00,5259,LSTM,422.12451029499056,386.2033132048357
2013-12-19 01:30:00+01:00,5259,LSTM,365.89777222517773,396.91780978061365
2013-12-19 01:40:00+01:00,5259,LSTM,390.9812603346936,378.4483374248201
2013-12-19 01:50:00+01:00,5259,LSTM,364.1540705167869,380.21931079155
2013-12-19 02:00:00+01:00,5259,LSTM,346.4092027590757,371.5257352832268
2013-12-19 02:10:00+01:00,5259,LSTM,363.6704223918049,358.45440624042055
2013-12-19 02:20:00+01:00,5259,LSTM,336.38780716157413,360.71033065374934
2013-12-19 02:30:00+01:00,5259,LSTM,334.3681498544232,351.3383352887322
2013-12-19 02:40:00+01:00,5259,LSTM,341.22463389173106,345.2247478164927
2013-12-19 02:50:00+01:00,5259,LSTM,362.4994430155958,346.6031289422781
2013-12-19 03:00:00+01:00,5259,LSTM,318.250212850547,360.4477273732409
2013-12-19 03:10:00+01:00,5259,LSTM,352.7724635687015,348.8808640356592
2013-12-19 03:20:00+01:00,5259,LSTM,335.2573194848698,358.04175355918085
2013-12-19 03:30:00+01:00,5259,LSTM,325.4012259742698,357.23172913612086
2013-12-19 03:40:00+01:00,5259,LSTM,332.8095599461154,351.5638469497685
2013-12-19 03:50:00+01:00,5259,LSTM,322.7039095860215,351.7863293496865
2013-12-19 04:00:00+01:00,5259,LSTM,294.5767750298542,347.6925858742819
2013-12-19 04:10:00+01:00,5259,LSTM,348.2298323880014,330.8589818393376
2013-12-19 04:20:00+01:00,5259,LSTM,315.6487409242051,346.89366874198936
2013-12-19 04:30:00+01:00,5259,LSTM,298.3268321673477,343.68245000574507
2013-12-19 04:40:00+01:00,5259,LSTM,366.7232794673901,331.808352273844
2013-12-19 04:50:00+01:00,5259,LSTM,309.50781946018174,358.69984370792463
2013-12-19 05:00:00+01:00,5259,LSTM,294.1190343560365,350.0808553400278
2013-12-19 05:10:00+01:00,5259,LSTM,335.91270943234395,334.0864239517939
2013-12-19 05:20:00+01:00,5259,LSTM,328.009035628692,344.43444724915923
2013-12-19 05:30:00+01:00,5259,LSTM,307.7118707984752,349.3755760347507
2013-12-19 05:40:00+01:00,5259,LSTM,398.04947313061245,342.06139140591904
2013-12-19 05:50:00+01:00,5259,LSTM,327.9838184839515,382.9350097257379
2013-12-19 06:00:00+01:00,5259,LSTM,329.0496514742861,376.9813672405499
2013-12-19 06:10:00+01:00,5259,LSTM,384.1741954102794,369.6535172782286
2013-12-19 06:20:00+01:00,5259,LSTM,277.479369678744,392.6406950321752
2013-12-19 06:30:00+01:00,5259,LSTM,274.7256746718966,354.36288422316943
2013-12-19 06:40:00+01:00,5259,LSTM,325.95720492580034,323.2160887207027
2013-12-19 06:50:00+01:00,5259,LSTM,334.89872865750215,329.7653512586818
2013-12-19 07:00:00+01:00,5259,LSTM,386.31302620796504,342.21595103987113
2013-12-19 07:10:00+01:00,5259,LSTM,424.37932241674287,378.05022519694865
2013-12-19 07:20:00+01:00,5259,LSTM,477.2926541983717,423.4272104122936
2013-12-19 07:30:00+01:00,5259,LSTM,715.1280017403977,481.687710481104
2013-12-19 07:40:00+01:00,5259,LSTM,884.7259897742296,650.3274847453514
2013-12-19 07:50:00+01:00,5259,LSTM,785.5410425786724,868.1379898742562
2013-12-19 08:00:00+01:00,5259,LSTM,678.975500358052,955.9825906099218
2013-12-19 08:10:00+01:00,5259,LSTM,819.5874609180453,923.758657170666
2013-12-19 08:20:00+01:00,5259,LSTM,879.0157005379313,955.4081417265028
2013-12-19 08:30:00+01:00,5259,LSTM,1063.2783320414917,1003.0514854768064
2013-12-19 08:40:00+01:00,5259,LSTM,1343.3223249132536,1135.1743584201731
2013-12-19 08:50:00+01:00,5259,LSTM,1527.7471838812703,1386.606296117622
2013-12-19 09:00:00+01:00,5259,LSTM,1859.0157025379651,1645.9465238661342
2013-12-19 09:10:00+01:00,5259,LSTM,1937.319207654836,1965.7858756499536
2013-12-19 09:20:00+01:00,5259,LSTM,2040.3125906510645,2140.4200191322034
2013-12-19 09:30:00+01:00,5259,LSTM,2293.775628972147,2221.0434672138285
2013-12-19 09:40:00+01:00,5259,LSTM,2391.5419637257683,2352.606431727145
2013-12-19 09:50:00+01:00,5259,LSTM,2310.9871222561455,2445.6458113793824
2013-12-19 10:00:00+01:00,5259,LSTM,2419.895695461014,2421.5142460918187
2013-12-19 10:10:00+01:00,5259,LSTM,2641.6396766977205,2443.249127299419
2013-12-19 10:20:00+01:00,5259,LSTM,2614.3936436630306,2569.881599099515
2013-12-19 10:30:00+01:00,5259,LSTM,2709.893971472552,2622.1766089063185
2013-12-19 10:40:00+01:00,5259,LSTM,2891.0874806920256,2692.132884202527
2013-12-19 10:50:00+01:00,5259,LSTM,2683.944051361943,2819.920312291698
2013-12-19 11:00:00+01:00,5259,LSTM,2721.8419762033027,2779.080621696405
2013-12-19 11:10:00+01:00,5259,LSTM,2922.367408799394,2762.850109891677
2013-12-19 11:20:00+01:00,5259,LSTM,2925.501774598717,2855.785013693787
2013-12-19 11:30:00+01:00,5259,LSTM,2795.059926028684,2911.8717159840344
2013-12-19 11:40:00+01:00,5259,LSTM,2981.7653000071327,2873.055975717314
2013-12-19 11:50:00+01:00,5259,LSTM,2826.9609348449253,2941.05036687942
2013-12-19 12:00:00+01:00,5259,LSTM,2799.4988331022605,2901.4987181116703
2013-12-19 12:10:00+01:00,5259,LSTM,3123.963806668343,2859.3849876068925
2013-12-19 12:20:00+01:00,5259,LSTM,3150.143853685589,3001.993445960857
2013-12-19 12:30:00+01:00,5259,LSTM,3046.845526746643,3098.7431992647375
2013-12-19 12:40:00+01:00,5259,LSTM,3468.6464501176984,3100.5125570255377
2013-12-19 12:50:00+01:00,5259,LSTM,3090.926473644791,3294.1744320292446
2013-12-19 13:00:00+01:00,5259,LSTM,3197.6743488896745,3229.1298680273226
2013-12-19 13:10:00+01:00,5259,LSTM,3417.012501839945,3236.666400422245
2013-12-19 13:20:00+01:00,5259,LSTM,2906.858555967026,3340.5724801922315
2013-12-19 13:30:00+01:00,5259,LSTM,3040.735960734962,3158.301165529015
2013-12-19 13:40:00+01:00,5259,LSTM,3329.9262202587715,3111.687568608226
2013-12-19 13:50:00+01:00,5259,LSTM,3320.116155408195,3230.9050150427047
2013-12-19 14:00:00+01:00,5259,LSTM,3093.6795375771712,3295.3185502952074
2013-12-19 14:10:00+01:00,5259,LSTM,3205.8436687984777,3221.293910000075
2013-12-19 14:20:00+01:00,5259,LSTM,2994.4029861790304,3229.6616716458857
2013-12-19 14:30:00+01:00,5259,LSTM,2840.915662928795,3126.2984354683167
2013-12-19 14:40:00+01:00,5259,LSTM,2868.276095611925,2981.2242931978026
2013-12-19 14:50:00+01:00,5259,LSTM,2783.326245552054,2911.2402833331325
2013-12-19 15:00:00+01:00,5259,LSTM,2646.189450258418,2828.6009629525824
2013-12-19 15:10:00+01:00,5259,LSTM,2663.997086885471,2705.6211742090527
2013-12-19 15:20:00+01:00,5259,LSTM,2644.5558327475096,2648.5643005579527
2013-12-19 15:30:00+01:00,5259,LSTM,2672.2566197831347,2612.355609726641
2013-12-19 15:40:00+01:00,5259,LSTM,2697.1329954610883,2614.2959524483463
2013-12-19 15:50:00+01:00,5259,LSTM,2690.9582444038033,2634.6717051674914
2013-12-19 16:00:00+01:00,5259,LSTM,2776.708383174766,2644.6424171633316
2013-12-19 16:10:00+01:00,5259,LSTM,2705.3882831335427,2700.370320303333
2013-12-19 16:20:00+01:00,5259,LSTM,2695.671883848976,2690.8748657185124
2013-12-19 16:30:00+01:00,5259,LSTM,2693.885508674622,2676.861234517143
2013-12-19 16:40:00+01:00,5259,LSTM,2853.3986313525616,2667.1535970202076
2013-12-19 16:50:00+01:00,5259,LSTM,2749.0470964811216,2755.132629632616
2013-12-19 17:00:00+01:00,5259,LSTM,3048.1581102222667,2747.4555395218003
2013-12-19 17:10:00+01:00,5259,LSTM,3068.623685335,2907.261584463313
2013-12-19 17:20:00+01:00,5259,LSTM,3087.5913006492756,3006.092776740102
2013-12-19 17:30:00+01:00,5259,LSTM,3060.106700574797,3065.9085667840127
2013-12-19 17:40:00+01:00,5259,LSTM,2897.2187597053417,3078.4361097976093
2013-12-19 17:50:00+01:00,5259,LSTM,2815.6305510381144,2992.834575944748
2013-12-19 18:00:00+01:00,5259,LSTM,2529.0251117469097,2892.948527629618
2013-12-19 18:10:00+01:00,5259,LSTM,2245.4713092455854,2668.1847575049105
2013-12-19 18:20:00+01:00,5259,LSTM,2233.3382046705087,2363.252130417078
2013-12-19 18:30:00+01:00,5259,LSTM,2286.0046069911095,2187.679791108004
2013-12-19 18:40:00+01:00,5259,LSTM,2205.6169980668956,2148.572635921694
2013-12-19 18:50:00+01:00,5259,LSTM,1936.19721752822,2101.607442760429
2013-12-19 19:00:00+01:00,5259,LSTM,1866.6300850091384,1919.13586027883
2013-12-19 19:10:00+01:00,5259,LSTM,1681.967355372373,1778.5648829531006
2013-12-19 19:20:00+01:00,5259,LSTM,1652.0214797648823,1605.1028279144737
2013-12-19 19:30:00+01:00,5259,LSTM,1538.908685464507,1510.501157328107
2013-12-19 19:40:00+01:00,5259,LSTM,1475.517316243828,1416.5995910592733
2013-12-19 19:50:00+01:00,5259,LSTM,1352.8420783634906,1347.6181656494227
2013-12-19 20:00:00+01:00,5259,LSTM,1158.3793571493502,1255.4198940051654
2013-12-19 20:10:00+01:00,5259,LSTM,1261.2252550941218,1103.213028261426
2013-12-19 20:20:00+01:00,5259,LSTM,1102.824905306284,1091.5706353466255
2013-12-19 20:30:00+01:00,5259,LSTM,1114.793124318831,1019.1119884158782
2013-12-19 20:40:00+01:00,5259,LSTM,1173.9223858322976,996.2924297771496
2013-12-19 20:50:00+01:00,5259,LSTM,1068.9014145173153,1035.311399806457
2013-12-19 21:00:00+01:00,5259,LSTM,939.7295092216456,1012.0050389060018
2013-12-19 21:10:00+01:00,5259,LSTM,1005.5470820559792,925.436127344208
2013-12-19 21:20:00+01:00,5259,LSTM,993.173370291629,914.6570738481514
2013-12-19 21:30:00+01:00,5259,LSTM,919.0538027436404,915.9467985985382
2013-12-19 21:40:00+01:00,5259,LSTM,906.5616429370438,883.2128385623148
2013-12-19 21:50:00+01:00,5259,LSTM,883.3216822778899,860.3307761691766
2013-12-19 22:00:00+01:00,5259,LSTM,956.2233153901884,840.1278259676076
2013-12-19 22:10:00+01:00,5259,LSTM,833.2599326349705,877.0078347212134
2013-12-19 22:20:00+01:00,5259,LSTM,928.9671459199984,837.9408340739508
2013-12-19 22:30:00+01:00,5259,LSTM,825.7766819098534,867.4815153314422
2013-12-19 22:40:00+01:00,5259,LSTM,843.0537623202124,834.1678556925278
2013-12-19 22:50:00+01:00,5259,LSTM,873.6687884017166,821.5393373083177
2013-12-19 23:00:00+01:00,5259,LSTM,799.6934224818923,836.2421590725801
2013-12-19 23:10:00+01:00,5259,LSTM,756.8203074981915,807.7601036005985
2013-12-19 23:20:00+01:00,5259,LSTM,680.1864630686526,764.4271628125788
2013-12-19 23:30:00+01:00,5259,LSTM,654.8073294978052,695.9476859700469
2013-12-19 23:40:00+01:00,5259,LSTM,658.9542062707085,642.5164339761884
2013-12-19 23:50:00+01:00,5259,LSTM,670.3718551048993,619.6371652349706
2013-12-20 00:00:00+01:00,5259,LSTM,609.7656917950054,621.3818176884273
2013-12-20 00:10:00+01:00,5259,LSTM,572.6031266797195,597.167519913874
2013-12-20 00:20:00+01:00,5259,LSTM,546.6251282759096,564.7711205416109
2013-12-20 00:30:00+01:00,5259,LSTM,445.5344908488901,534.4993102839654
2013-12-20 00:40:00+01:00,5259,LSTM,416.47782113461,466.61437642360465
2013-12-20 00:50:00+01:00,5259,LSTM,437.1907459350344,411.8804748319208
2013-12-20 01:00:00+01:00,5259,LSTM,388.09548056227027,395.6776975956547
2013-12-20 01:10:00+01:00,5259,LSTM,445.2629794653566,369.4025598237977
2013-12-20 01:20:00+01:00,5259,LSTM,432.44375929540394,387.5621051087221
2013-12-20 01:30:00+01:00,5259,LSTM,399.5137732502349,400.7753382056969
2013-12-20 01:40:00+01:00,5259,LSTM,385.19984436500135,395.8573664384327
2013-12-20 01:50:00+01:00,5259,LSTM,376.38799503261635,386.9213827237238
2013-12-20 02:00:00+01:00,5259,LSTM,302.25841356939327,378.889667111314
2013-12-20 02:10:00+01:00,5259,LSTM,334.0398054973535,338.30349201317426
2013-12-20 02:20:00+01:00,5259,LSTM,321.2562842959074,328.6419666021519
2013-12-20 02:30:00+01:00,5259,LSTM,274.6669187819346,320.88362497644914
2013-12-20 02:40:00+01:00,5259,LSTM,295.4777932504251,295.3222484410005
2013-12-20 02:50:00+01:00,5259,LSTM,303.4792118264635,290.455841429663
2013-12-20 03:00:00+01:00,5259,LSTM,269.9535530110579,295.0619339355594
2013-12-20 03:10:00+01:00,5259,LSTM,264.63656180150366,284.07608288048687
2013-12-20 03:20:00+01:00,5259,LSTM,304.62818202385733,274.96110349213745
2013-12-20 03:30:00+01:00,5259,LSTM,258.4850144043118,290.6245376155009
2013-12-20 03:40:00+01:00,5259,LSTM,254.4398625238072,280.96146391546245
2013-12-20 03:50:00+01:00,5259,LSTM,292.40666612837435,272.0372606606586
2013-12-20 04:00:00+01:00,5259,LSTM,244.99834943848876,286.08037667024723
2013-12-20 04:10:00+01:00,5259,LSTM,281.62977052923833,274.2159052570112
2013-12-20 04:20:00+01:00,5259,LSTM,310.6494945809593,283.6273483334812
2013-12-20 04:30:00+01:00,5259,LSTM,270.85392549476296,306.3906973492351
2013-12-20 04:40:00+01:00,5259,LSTM,288.67058737454704,302.7535644997438
2013-12-20 04:50:00+01:00,5259,LSTM,311.66558400725637,307.47416307591584
2013-12-20 05:00:00+01:00,5259,LSTM,340.3085237739101,322.6541944416965
2013-12-20 05:10:00+01:00,5259,LSTM,257.4002293964514,347.8845737122747
2013-12-20 05:20:00+01:00,5259,LSTM,263.8350412963807,322.7398215559766
2013-12-20 05:30:00+01:00,5259,LSTM,236.58239752559695,305.28037217397105
2013-12-20 05:40:00+01:00,5259,LSTM,278.8231478993851,280.5251156805855
2013-12-20 05:50:00+01:00,5259,LSTM,284.6566310922166,285.36291300358266
2013-12-20 06:00:00+01:00,5259,LSTM,254.33759579480684,294.16284923561875
2013-12-20 06:10:00+01:00,5259,LSTM,276.81293158237366,285.5601515608473
2013-12-20 06:20:00+01:00,5259,LSTM,281.8144032326946,290.17459136404796
2013-12-20 06:30:00+01:00,5259,LSTM,239.2689556428678,296.8051727338277
2013-12-20 06:40:00+01:00,5259,LSTM,286.4894965632516,280.192839394354
2013-12-20 06:50:00+01:00,5259,LSTM,352.12358950191964,291.3664373218537
2013-12-20 07:00:00+01:00,5259,LSTM,332.0283632298995,334.00288366183975
2013-12-20 07:10:00+01:00,5259,LSTM,333.0471304764933,354.2673615225692
2013-12-20 07:20:00+01:00,5259,LSTM,385.9553604200071,365.89339642733034
2013-12-20 07:30:00+01:00,5259,LSTM,387.9447662140929,399.0815100221156
2013-12-20 07:40:00+01:00,5259,LSTM,561.6152350619359,422.43859421707555
2013-12-20 07:50:00+01:00,5259,LSTM,627.8576660723052,528.2607826198204
2013-12-20 08:00:00+01:00,5259,LSTM,701.8378955616088,640.4828573289502
2013-12-20 08:10:00+01:00,5259,LSTM,829.5209369915339,754.7574247380799
2013-12-20 08:20:00+01:00,5259,LSTM,994.8753891266872,898.8225874469689
2013-12-20 08:30:00+01:00,5259,LSTM,1025.4428321261255,1086.1022804926051
2013-12-20 08:40:00+01:00,5259,LSTM,1384.3286153230322,1217.2489487967252
2013-12-20 08:50:00+01:00,5259,LSTM,1571.4777101538743,1494.141161439796
2013-12-20 09:00:00+01:00,5259,LSTM,1814.930288895382,1765.6208838526377
2013-12-20 09:10:00+01:00,5259,LSTM,2100.209374837943,2026.0405719714631
2013-12-20 09:20:00+01:00,5259,LSTM,2204.18261002048,2274.742909792036
2013-12-20 09:30:00+01:00,5259,LSTM,2249.3413823213837,2398.290112801499
2013-12-20 09:40:00+01:00,5259,LSTM,2339.186009744743,2422.935979310054
2013-12-20 09:50:00+01:00,5259,LSTM,2431.0934533798672,2439.188099844093
2013-12-20 10:00:00+01:00,5259,LSTM,2359.009569657991,2473.6905761796947
2013-12-20 10:10:00+01:00,5259,LSTM,2436.4667089329178,2436.3615299529715
2013-12-20 10:20:00+01:00,5259,LSTM,2569.6574435367143,2444.307214549619
2013-12-20 10:30:00+01:00,5259,LSTM,2629.2472591825763,2519.323634934915
2013-12-20 10:40:00+01:00,5259,LSTM,2746.3516938302946,2592.955144453793
2013-12-20 10:50:00+01:00,5259,LSTM,2668.5207708084786,2692.6453005499325
2013-12-20 11:00:00+01:00,5259,LSTM,2748.2460270806578,2702.011775928023
2013-12-20 11:10:00+01:00,5259,LSTM,2844.244944838325,2740.449868308649
2013-12-20 11:20:00+01:00,5259,LSTM,2771.447553906784,2809.310224249134
2013-12-20 11:30:00+01:00,5259,LSTM,2981.771930170417,2808.079805699754
2013-12-20 11:40:00+01:00,5259,LSTM,3096.7255252515106,2911.046545255382
2013-12-20 11:50:00+01:00,5259,LSTM,2980.4052971478523,3026.4895323363353
2013-12-20 12:00:00+01:00,5259,LSTM,2922.0238003766917,3032.1471150348852
2013-12-20 12:10:00+01:00,5259,LSTM,3167.6195026604228,2999.485621656305
2013-12-20 12:20:00+01:00,5259,LSTM,3094.6331216011554,3098.813343488857
2013-12-20 12:30:00+01:00,5259,LSTM,3288.548019358355,3121.414458742492
2013-12-20 12:40:00+01:00,5259,LSTM,3428.227485898283,3223.6269795965527
2013-12-20 12:50:00+01:00,5259,LSTM,3247.3108841486815,3341.940898414783
2013-12-20 13:00:00+01:00,5259,LSTM,3309.419942686655,3326.2385551152765
2013-12-20 13:10:00+01:00,5259,LSTM,3445.058763110947,3341.887448785272
2013-12-20 13:20:00+01:00,5259,LSTM,3121.7589937345383,3409.3383231858224
2013-12-20 13:30:00+01:00,5259,LSTM,3351.352105353143,3300.1007438474535
2013-12-20 13:40:00+01:00,5259,LSTM,3261.430449238371,3342.1555047357933
2013-12-20 13:50:00+01:00,5259,LSTM,3091.6463574471036,3323.8024906407736
2013-12-20 14:00:00+01:00,5259,LSTM,3273.648453339278,3230.323396907972
2013-12-20 14:10:00+01:00,5259,LSTM,3073.1974083212835,3264.092926686749
2013-12-20 14:20:00+01:00,5259,LSTM,3069.3202076541907,3184.036152385005
2013-12-20 14:30:00+01:00,5259,LSTM,2959.339887360365,3134.109216969824
2013-12-20 14:40:00+01:00,5259,LSTM,3132.4454292621776,3046.470000137986
2013-12-20 14:50:00+01:00,5259,LSTM,2841.37919840649,3088.464445071613
2013-12-20 15:00:00+01:00,5259,LSTM,2857.445818891872,2958.226142786916
2013-12-20 15:10:00+01:00,5259,LSTM,2897.9282040596295,2888.707831331514
2013-12-20 15:20:00+01:00,5259,LSTM,2816.0340689115737,2874.0404182638804
2013-12-20 15:30:00+01:00,5259,LSTM,2770.7969375902317,2823.624896688759
2013-12-20 15:40:00+01:00,5259,LSTM,3127.0876315819837,2770.0683679184262
2013-12-20 15:50:00+01:00,5259,LSTM,2878.534011926754,2941.2690122152544
2013-12-20 16:00:00+01:00,5259,LSTM,3007.193346503408,2903.7738951623296
2013-12-20 16:10:00+01:00,5259,LSTM,2896.575114355433,2947.9363486199372
2013-12-20 16:20:00+01:00,5259,LSTM,2922.5241801053776,2908.8065076336966
2013-12-20 16:30:00+01:00,5259,LSTM,2883.4844826857825,2898.1105232091977
2013-12-20 16:40:00+01:00,5259,LSTM,2909.833268500605,2869.5957517171373
2013-12-20 16:50:00+01:00,5259,LSTM,2684.6574173828885,2868.1873472478233
2013-12-20 17:00:00+01:00,5259,LSTM,2849.2990511941025,2740.0496019395378
2013-12-20 17:10:00+01:00,5259,LSTM,2931.2500008833326,2760.404755683078
2013-12-20 17:20:00+01:00,5259,LSTM,2573.3012137881137,2823.981003162455
2013-12-20 17:30:00+01:00,5259,LSTM,2515.5428692862547,2657.758175369208
2013-12-20 17:40:00+01:00,5259,LSTM,2507.943631867917,2520.9362789205234
2013-12-20 17:50:00+01:00,5259,LSTM,2226.5347198116897,2444.17628315239
2013-12-20 18:00:00+01:00,5259,LSTM,2203.546472221539,2240.7241727985856
2013-12-20 18:10:00+01:00,5259,LSTM,2082.3488474930423,2118.222334142625
2013-12-20 18:20:00+01:00,5259,LSTM,1719.5379395826678,1992.9654161579376
2013-12-20 18:30:00+01:00,5259,LSTM,1901.2500259255823,1714.625056822602
2013-12-20 18:40:00+01:00,5259,LSTM,1769.5541082422744,1687.5662491994149
2013-12-20 18:50:00+01:00,5259,LSTM,1628.4906259598763,1629.5809743324394
2013-12-20 19:00:00+01:00,5259,LSTM,1499.522077998501,1531.2348677360765
2013-12-20 19:10:00+01:00,5259,LSTM,1488.8445044835007,1413.9652698591854
2013-12-20 19:20:00+01:00,5259,LSTM,1333.2394692139185,1360.8563144190962
2013-12-20 19:30:00+01:00,5259,LSTM,1216.8797516469142,1260.371271790874
2013-12-20 19:40:00+01:00,5259,LSTM,1138.0107118451149,1149.1516384881222
2013-12-20 19:50:00+01:00,5259,LSTM,1066.6330488030633,1056.565469957654
2013-12-20 20:00:00+01:00,5259,LSTM,1032.1315954881445,981.4437659192648
2013-12-20 20:10:00+01:00,5259,LSTM,1043.8256016804692,936.8842436459483
2013-12-20 20:20:00+01:00,5259,LSTM,1009.7768222714996,935.8749274997548
2013-12-20 20:30:00+01:00,5259,LSTM,895.5723690141564,931.7779864709472
2013-12-20 20:40:00+01:00,5259,LSTM,914.85645946206,872.3141292520813
2013-12-20 20:50:00+01:00,5259,LSTM,885.6958424306897,851.542014544822
2013-12-20 21:00:00+01:00,5259,LSTM,917.44718185232,833.2054257767554
2013-12-20 21:10:00+01:00,5259,LSTM,873.7311054282055,848.7666055081446
2013-12-20 21:20:00+01:00,5259,LSTM,781.0957406482268,842.1563538463151
2013-12-20 21:30:00+01:00,5259,LSTM,800.365231166556,787.7455061236801
2013-12-20 21:40:00+01:00,5259,LSTM,801.475457713665,766.0607423583608
2013-12-20 21:50:00+01:00,5259,LSTM,840.0715195154048,761.477672236964
2013-12-20 22:00:00+01:00,5259,LSTM,769.939582639189,788.1103637961629
2013-12-20 22:10:00+01:00,5259,LSTM,678.9203261622998,771.1668985579914
2013-12-20 22:20:00+01:00,5259,LSTM,827.2145616200131,708.0205705482286
2013-12-20 22:30:00+01:00,5259,LSTM,803.5615450080104,752.8799560138098
2013-12-20 22:40:00+01:00,5259,LSTM,721.7791567450947,780.3123051913523
2013-12-20 22:50:00+01:00,5259,LSTM,781.7197911937578,751.619446803987
2013-12-20 23:00:00+01:00,5259,LSTM,704.7131383304658,764.2770460949337
2013-12-20 23:10:00+01:00,5259,LSTM,847.9294033318229,732.350788048246
2013-12-20 23:20:00+01:00,5259,LSTM,711.7117849436646,793.0782173965101
2013-12-20 23:30:00+01:00,5259,LSTM,733.2740668380658,761.17791002007
2013-12-20 23:40:00+01:00,5259,LSTM,672.755801954865,746.0238629829938
2013-12-20 23:50:00+01:00,5259,LSTM,650.9422986067207,703.3748956970517
2013-12-21 00:00:00+01:00,5259,LSTM,660.8227567136173,663.9461676137954
2013-12-21 00:10:00+01:00,5259,LSTM,704.296434104572,648.2572876970373
2013-12-21 00:20:00+01:00,5259,LSTM,598.0852580226956,668.9284943505971
2013-12-21 00:30:00+01:00,5259,LSTM,612.6434791217587,628.5105442198992
2013-12-21 00:40:00+01:00,5259,LSTM,574.4144088865131,608.9883026500913
2013-12-21 00:50:00+01:00,5259,LSTM,538.6332135596473,579.965423093105
2013-12-21 01:00:00+01:00,5259,LSTM,506.6298449862666,544.9330280125246
2013-12-21 01:10:00+01:00,5259,LSTM,487.7431841080419,508.9985862877986
2013-12-21 01:20:00+01:00,5259,LSTM,479.39101093394993,480.58808869512507
2013-12-21 01:30:00+01:00,5259,LSTM,435.4077734688983,463.5106627986065
2013-12-21 01:40:00+01:00,5259,LSTM,471.4901938912615,434.8842798635618
2013-12-21 01:50:00+01:00,5259,LSTM,396.91701908669586,439.42332472337114
2013-12-21 02:00:00+01:00,5259,LSTM,348.55618048721755,409.5955368287691
2013-12-21 02:10:00+01:00,5259,LSTM,479.2811478798862,366.7862879712069
2013-12-21 02:20:00+01:00,5259,LSTM,344.1962320811447,410.22340168324274
2013-12-21 02:30:00+01:00,5259,LSTM,423.1673904615385,377.73908642163224
2013-12-21 02:40:00+01:00,5259,LSTM,399.7209306611696,395.3435364358385
2013-12-21 02:50:00+01:00,5259,LSTM,389.9676207251758,400.4506014138045
2013-12-21 03:00:00+01:00,5259,LSTM,368.2229760012813,399.89039005764187
2013-12-21 03:10:00+01:00,5259,LSTM,400.0104837785859,389.2844756637302
2013-12-21 03:20:00+01:00,5259,LSTM,342.7416116909496,399.5770971410857
2013-12-21 03:30:00+01:00,5259,LSTM,298.1574629510327,379.3303236286704
2013-12-21 03:40:00+01:00,5259,LSTM,299.02449945906835,342.2700738385198
2013-12-21 03:50:00+01:00,5259,LSTM,308.5446257891095,318.99673188425515
2013-12-21 04:00:00+01:00,5259,LSTM,347.9020434248095,311.742459308654
2013-12-21 04:10:00+01:00,5259,LSTM,346.2134297498721,330.328524559049
2013-12-21 04:20:00+01:00,5259,LSTM,249.6251589513962,345.25409799088425
2013-12-21 04:30:00+01:00,5259,LSTM,243.9517629097483,306.8693206059422
2013-12-21 04:40:00+01:00,5259,LSTM,255.1974233463325,276.2613969979818
2013-12-21 04:50:00+01:00,5259,LSTM,206.6522474701768,263.8586595424631
2013-12-21 05:00:00+01:00,5259,LSTM,213.54369256121728,234.9937054651159
2013-12-21 05:10:00+01:00,5259,LSTM,264.47837667532394,220.53160898439592
2013-12-21 05:20:00+01:00,5259,LSTM,190.6951270007069,238.88179576903823
2013-12-21 05:30:00+01:00,5259,LSTM,212.3159461600324,218.77961898734137
2013-12-21 05:40:00+01:00,5259,LSTM,240.7087832895014,215.0408375980992
2013-12-21 05:50:00+01:00,5259,LSTM,186.16051295621213,228.64181611822912
2013-12-21 06:00:00+01:00,5259,LSTM,223.51172366540808,213.37191667260257
2013-12-21 06:10:00+01:00,5259,LSTM,219.18959374821284,220.4512325893877
2013-12-21 06:20:00+01:00,5259,LSTM,205.64354163328952,225.22642518260457
2013-12-21 06:30:00+01:00,5259,LSTM,195.7517528564392,222.33381739910217
2013-12-21 06:40:00+01:00,5259,LSTM,246.6940110058072,215.6345727773055
2013-12-21 06:50:00+01:00,5259,LSTM,202.85001935162123,236.14267054886795
2013-12-21 07:00:00+01:00,5259,LSTM,217.6611521814357,230.5028595155461
2013-12-21 07:10:00+01:00,5259,LSTM,227.7935002377545,232.4492607594882
2013-12-21 07:20:00+01:00,5259,LSTM,215.32538154029004,239.23211298815272
2013-12-21 07:30:00+01:00,5259,LSTM,221.06282982090892,238.03575679712617
2013-12-21 07:40:00+01:00,5259,LSTM,259.14686565944163,239.51645963179976
2013-12-21 07:50:00+01:00,5259,LSTM,272.0750102995978,259.30130448211594
2013-12-21 08:00:00+01:00,5259,LSTM,285.7213952330835,279.92545661297004
2013-12-21 08:10:00+01:00,5259,LSTM,278.9579978542687,300.0784576645424
2013-12-21 08:20:00+01:00,5259,LSTM,278.19640363685704,309.2715246728326
2013-12-21 08:30:00+01:00,5259,LSTM,231.95675490143577,313.2072753516844
2013-12-21 08:40:00+01:00,5259,LSTM,309.91586880198565,291.24950784268344
2013-12-21 08:50:00+01:00,5259,LSTM,275.52032006637586,313.25675328328487
2013-12-21 09:00:00+01:00,5259,LSTM,274.77011016799923,313.07297810876867
2013-12-21 09:10:00+01:00,5259,LSTM,374.7631571091056,310.5040300465387
2013-12-21 09:20:00+01:00,5259,LSTM,319.2448484379948,358.8300346191021
2013-12-21 09:30:00+01:00,5259,LSTM,368.69528165664593,365.4009732033061
2013-12-21 09:40:00+01:00,5259,LSTM,379.0768350807855,391.0238100810012
2013-12-21 09:50:00+01:00,5259,LSTM,361.6336811808044,413.21873507711587
2013-12-21 10:00:00+01:00,5259,LSTM,431.4110533336061,416.81265046798467
2013-12-21 10:10:00+01:00,5259,LSTM,454.8043007650936,452.60889056879785
2013-12-21 10:20:00+01:00,5259,LSTM,413.95542863761506,489.4401282183974
2013-12-21 10:30:00+01:00,5259,LSTM,484.3036683537533,489.6829403262656
2013-12-21 10:40:00+01:00,5259,LSTM,528.7534777974037,521.9707575166625
2013-12-21 10:50:00+01:00,5259,LSTM,653.6567015600631,567.4020674813975
2013-12-21 11:00:00+01:00,5259,LSTM,439.90820328840334,665.4103778046021
2013-12-21 11:10:00+01:00,5259,LSTM,483.70580595790653,610.470015238471
2013-12-21 11:20:00+01:00,5259,LSTM,482.596219108214,579.5372875217046
2013-12-21 11:30:00+01:00,5259,LSTM,496.2711665015353,556.1626336122578
2013-12-21 11:40:00+01:00,5259,LSTM,505.21230230289314,547.3198165061681
2013-12-21 11:50:00+01:00,5259,LSTM,596.3699121189326,546.7185418326228
2013-12-21 12:00:00+01:00,5259,LSTM,616.4279149179355,596.9563467554648
2013-12-21 12:10:00+01:00,5259,LSTM,672.2705636481325,644.0066958126133
2013-12-21 12:20:00+01:00,5259,LSTM,606.2477551946198,703.7281075434571
2013-12-21 12:30:00+01:00,5259,LSTM,611.7179741562346,701.2667319093871
2013-12-21 12:40:00+01:00,5259,LSTM,520.1665904785704,691.5896562912903
2013-12-21 12:50:00+01:00,5259,LSTM,497.5312488291261,627.4601310978659
2013-12-21 13:00:00+01:00,5259,LSTM,499.46504663771736,566.4932891458776
2013-12-21 13:10:00+01:00,5259,LSTM,581.1545566882066,529.1725228995448
2013-12-21 13:20:00+01:00,5259,LSTM,552.1505820123089,554.7272350605327
2013-12-21 13:30:00+01:00,5259,LSTM,646.7218908737548,562.4286265772097
2013-12-21 13:40:00+01:00,5259,LSTM,643.5366994507382,620.2391130776534
2013-12-21 13:50:00+01:00,5259,LSTM,555.0462190267743,659.8061101017362
2013-12-21 14:00:00+01:00,5259,LSTM,589.1825926502294,631.9632960426507
2013-12-21 14:10:00+01:00,5259,LSTM,602.5065195881185,624.9418726716838
2013-12-21 14:20:00+01:00,5259,LSTM,520.0025703398604,628.096208615816
2013-12-21 14:30:00+01:00,5259,LSTM,454.64689977612414,584.2652236414744
2013-12-21 14:40:00+01:00,5259,LSTM,489.8504686985074,516.5985985323797
2013-12-21 14:50:00+01:00,5259,LSTM,527.1475237923902,492.5483520766162
2013-12-21 15:00:00+01:00,5259,LSTM,500.5272511312118,504.14530607464064
2013-12-21 15:10:00+01:00,5259,LSTM,549.468044484584,503.2121590163463
2013-12-21 15:20:00+01:00,5259,LSTM,474.7238017554597,530.806842931378
2013-12-21 15:30:00+01:00,5259,LSTM,481.09318129583704,511.40092498851664
2013-12-21 15:40:00+01:00,5259,LSTM,564.0080725936258,499.64382405269953
2013-12-21 15:50:00+01:00,5259,LSTM,470.2981432687622,538.9667972644668
2013-12-21 16:00:00+01:00,5259,LSTM,507.5579026870922,518.3581953406872
2013-12-21 16:10:00+01:00,5259,LSTM,481.7478810599322,521.2464275247964
2013-12-21 16:20:00+01:00,5259,LSTM,476.9444924148179,511.28157210045174
2013-12-21 16:30:00+01:00,5259,LSTM,472.4902077471912,502.030881813998
2013-12-21 16:40:00+01:00,5259,LSTM,574.7180812616468,494.56402242479896
2013-12-21 16:50:00+01:00,5259,LSTM,477.4722115375465,546.7909075148956
2013-12-21 17:00:00+01:00,5259,LSTM,509.32198016117985,532.8066264879177
2013-12-21 17:10:00+01:00,5259,LSTM,582.4520468808425,535.6364949078124
2013-12-21 17:20:00+01:00,5259,LSTM,560.9600194629929,578.5940429263488
2013-12-21 17:30:00+01:00,5259,LSTM,488.4851866992933,597.4927952410764
2013-12-21 17:40:00+01:00,5259,LSTM,541.7732908366244,566.1653884590394
2013-12-21 17:50:00+01:00,5259,LSTM,444.5749530436421,569.4782557350345
2013-12-21 18:00:00+01:00,5259,LSTM,530.2712473135754,520.0512157213036
2013-12-21 18:10:00+01:00,5259,LSTM,533.8648930680561,531.1035758871536
2013-12-21 18:20:00+01:00,5259,LSTM,513.3554782727032,545.8341322198777
2013-12-21 18:30:00+01:00,5259,LSTM,471.7497672720474,545.1165339193858
2013-12-21 18:40:00+01:00,5259,LSTM,558.7283437514983,520.4750430102246
2013-12-21 18:50:00+01:00,5259,LSTM,478.33829383943737,550.3684648957251
2013-12-21 19:00:00+01:00,5259,LSTM,481.8416861165673,530.0712036980032
2013-12-21 19:10:00+01:00,5259,LSTM,559.3178443509256,515.0133525306645
2013-12-21 19:20:00+01:00,5259,LSTM,554.1040299108319,548.4033495497627
2013-12-21 19:30:00+01:00,5259,LSTM,547.5673449789922,571.632935510095
2013-12-21 19:40:00+01:00,5259,LSTM,554.0688966064087,582.0396591562435
2013-12-21 19:50:00+01:00,5259,LSTM,477.0685541007663,590.1208527002539
2013-12-21 20:00:00+01:00,5259,LSTM,460.9779868569915,551.0253433400215
2013-12-21 20:10:00+01:00,5259,LSTM,512.955477462117,512.3209452486313
2013-12-21 20:20:00+01:00,5259,LSTM,443.4748241883863,516.2811992840852
2013-12-21 20:30:00+01:00,5259,LSTM,471.70853621991034,485.8379328471383
2013-12-21 20:40:00+01:00,5259,LSTM,444.98468060330754,480.4158247128588
2013-12-21 20:50:00+01:00,5259,LSTM,426.44876695848075,465.9539974997936
2013-12-21 21:00:00+01:00,5259,LSTM,461.81091854540495,447.7247118922322
2013-12-21 21:10:00+01:00,5259,LSTM,464.0794782758866,456.3120613106702
2013-12-21 21:20:00+01:00,5259,LSTM,454.7439225086003,466.8794704299214
2013-12-21 21:30:00+01:00,5259,LSTM,432.80284284180783,470.267665332394
2013-12-21 21:40:00+01:00,5259,LSTM,455.8319973461296,460.9676990650811
2013-12-21 21:50:00+01:00,5259,LSTM,469.5780585292882,466.96294340296174
2013-12-21 22:00:00+01:00,5259,LSTM,430.8071559309027,480.1717335836295
2013-12-21 22:10:00+01:00,5259,LSTM,462.6189748030378,469.0790505864479
2013-12-21 22:20:00+01:00,5259,LSTM,474.3350717728091,477.3803031214816
2013-12-21 22:30:00+01:00,5259,LSTM,472.1513960141033,490.8982798869673
2013-12-21 22:40:00+01:00,5259,LSTM,466.9173382275488,499.1491793705218
2013-12-21 22:50:00+01:00,5259,LSTM,535.2953671106408,501.0479202395344
2013-12-21 23:00:00+01:00,5259,LSTM,518.0398517561152,538.6292029420496
2013-12-21 23:10:00+01:00,5259,LSTM,441.8685297336875,555.942709255062
2013-12-21 23:20:00+01:00,5259,LSTM,385.2777834088073,522.4863377590141
2013-12-21 23:30:00+01:00,5259,LSTM,364.3630301112764,464.5851753757596
2013-12-21 23:40:00+01:00,5259,LSTM,409.0307752606185,414.2191990491525
2013-12-21 23:50:00+01:00,5259,LSTM,324.7920558967463,407.7892220823246
2013-12-22 00:00:00+01:00,5259,LSTM,464.26360688625664,365.3605830550607
2013-12-22 00:10:00+01:00,5259,LSTM,556.5269665377868,410.99519009929713
2013-12-22 00:20:00+01:00,5259,LSTM,559.4771915709165,499.0871131760515
2013-12-22 00:30:00+01:00,5259,LSTM,679.3174382911284,563.4171754555139
2013-12-22 00:40:00+01:00,5259,LSTM,820.9844151933889,669.7357587801937
2013-12-22 00:50:00+01:00,5259,LSTM,884.4168706116494,821.9815421146903
2013-12-22 01:00:00+01:00,5259,LSTM,1037.050156258067,958.8374336048148
2013-12-22 01:10:00+01:00,5259,LSTM,994.9923338799572,1128.549128745036
2013-12-22 01:20:00+01:00,5259,LSTM,1163.5909863328466,1198.3650566907063
2013-12-22 01:30:00+01:00,5259,LSTM,957.094478337146,1311.9249288412493
2013-12-22 01:40:00+01:00,5259,LSTM,955.593120988486,1228.4746836739184
2013-12-22 01:50:00+01:00,5259,LSTM,995.6390309895252,1127.311742895084
2013-12-22 02:00:00+01:00,5259,LSTM,985.519596984306,1070.920296936326
2013-12-22 02:10:00+01:00,5259,LSTM,1118.016635630785,1028.2775901233615
2013-12-22 02:20:00+01:00,5259,LSTM,1052.2269054649703,1082.5769610368395
2013-12-22 02:30:00+01:00,5259,LSTM,1061.6436483755772,1080.4263202766035
2013-12-22 02:40:00+01:00,5259,LSTM,835.6273545052373,1074.1778633676818
2013-12-22 02:50:00+01:00,5259,LSTM,1041.6498345756515,927.652805996825
2013-12-22 03:00:00+01:00,5259,LSTM,999.2084432207956,948.747032136341
2013-12-22 03:10:00+01:00,5259,LSTM,820.4096753327752,952.7749396701056
2013-12-22 03:20:00+01:00,5259,LSTM,755.2862946812464,852.1403945910763
2013-12-22 03:30:00+01:00,5259,LSTM,766.4912291902295,748.8594533405567
2013-12-22 03:40:00+01:00,5259,LSTM,650.0858972147582,699.502086332549
2013-12-22 03:50:00+01:00,5259,LSTM,542.8725729823642,618.9398966424288
2013-12-22 04:00:00+01:00,5259,LSTM,566.5800055428884,520.5849042134518
2013-12-22 04:10:00+01:00,5259,LSTM,569.7812050629507,483.25902188167447
2013-12-22 04:20:00+01:00,5259,LSTM,532.1656029289618,477.8560317508977
2013-12-22 04:30:00+01:00,5259,LSTM,370.3822106596509,467.50147871289937
2013-12-22 04:40:00+01:00,5259,LSTM,393.5229093120897,385.19106877289425
2013-12-22 04:50:00+01:00,5259,LSTM,431.681916811538,348.50200444511813
2013-12-22 05:00:00+01:00,5259,LSTM,362.1343392249836,355.7074049413425
2013-12-22 05:10:00+01:00,5259,LSTM,220.06571674622893,335.5265346874809
2013-12-22 05:20:00+01:00,5259,LSTM,183.95947373068947,256.79711529090605
2013-12-22 05:30:00+01:00,5259,LSTM,186.99693125326772,192.02417503593347
2013-12-22 05:40:00+01:00,5259,LSTM,184.61204489387097,159.60986936461495
2013-12-22 05:50:00+01:00,5259,LSTM,196.3765566258161,145.9050881634946
2013-12-22 06:00:00+01:00,5259,LSTM,167.44131018243277,149.0579431355245
2013-12-22 06:10:00+01:00,5259,LSTM,171.16750468724342,143.01073014023473
2013-12-22 06:20:00+01:00,5259,LSTM,191.29348789660648,143.8672705506906
2013-12-22 06:30:00+01:00,5259,LSTM,161.44585840428567,157.15226347771454
2013-12-22 06:40:00+01:00,5259,LSTM,170.60726868700246,155.02087535480882
2013-12-22 06:50:00+01:00,5259,LSTM,174.6964120438389,158.87517256803244
2013-12-22 07:00:00+01:00,5259,LSTM,181.15366366654473,165.21804144847783
2013-12-22 07:10:00+01:00,5259,LSTM,198.82334880430628,173.84376150774892
2013-12-22 07:20:00+01:00,5259,LSTM,179.3857557595679,188.98562418343795
2013-12-22 07:30:00+01:00,5259,LSTM,180.79421022774417,190.8192022799481
2013-12-22 07:40:00+01:00,5259,LSTM,190.4183923606721,192.24834035869503
2013-12-22 07:50:00+01:00,5259,LSTM,172.81428345026018,198.00676379403055
2013-12-22 08:00:00+01:00,5259,LSTM,196.8536822796079,193.91187593109248
2013-12-22 08:10:00+01:00,5259,LSTM,315.680262350671,202.2051850703044
2013-12-22 08:20:00+01:00,5259,LSTM,185.09997106116208,266.2634889689896
2013-12-22 08:30:00+01:00,5259,LSTM,205.3013894146577,248.56627624764656
2013-12-22 08:40:00+01:00,5259,LSTM,277.9974861256037,240.43143112338385
2013-12-22 08:50:00+01:00,5259,LSTM,269.70777420281104,270.4724116838072
2013-12-22 09:00:00+01:00,5259,LSTM,229.3106192743352,288.49059144987314
2013-12-22 09:10:00+01:00,5259,LSTM,251.14210031853492,278.8832561544132
2013-12-22 09:20:00+01:00,5259,LSTM,241.25100792823832,280.439084664823
2013-12-22 09:30:00+01:00,5259,LSTM,260.74567155355874,276.5448012048364
2013-12-22 09:40:00+01:00,5259,LSTM,289.5527028300238,282.74953577828296
2013-12-22 09:50:00+01:00,5259,LSTM,317.61769735996444,301.4733314341945
2013-12-22 10:00:00+01:00,5259,LSTM,268.85626460928904,328.37963258929847
2013-12-22 10:10:00+01:00,5259,LSTM,294.9297638550197,321.2958064392926
2013-12-22 10:20:00+01:00,5259,LSTM,320.86196267296395,326.2147206433492
2013-12-22 10:30:00+01:00,5259,LSTM,332.91960140738547,342.4492714629016
2013-12-22 10:40:00+01:00,5259,LSTM,343.0650816646425,359.32925685141424
2013-12-22 10:50:00+01:00,5259,LSTM,319.6542865719334,374.7395793791071
2013-12-22 11:00:00+01:00,5259,LSTM,393.042417766831,371.4397715843781
2013-12-22 11:10:00+01:00,5259,LSTM,390.876406972126,404.56945409803495
2013-12-22 11:20:00+01:00,5259,LSTM,340.589554151675,426.8163477515586
2013-12-22 11:30:00+01:00,5259,LSTM,336.1698724013714,412.686796824725
2013-12-22 11:40:00+01:00,5259,LSTM,408.2396749619402,396.3396921253956
2013-12-22 11:50:00+01:00,5259,LSTM,390.36388917421056,421.8101908272921
2013-12-22 12:00:00+01:00,5259,LSTM,392.3363145200971,431.4835640151331
2013-12-22 12:10:00+01:00,5259,LSTM,410.13563625853806,436.6090065105508
2013-12-22 12:20:00+01:00,5259,LSTM,415.6022249439594,447.62212091568904
2013-12-22 12:30:00+01:00,5259,LSTM,443.78903861356304,456.8184191358391
2013-12-22 12:40:00+01:00,5259,LSTM,465.2193084819477,476.4019190971523
2013-12-22 12:50:00+01:00,5259,LSTM,453.28199318523207,500.1343624031389
2013-12-22 13:00:00+01:00,5259,LSTM,546.5486725742113,507.7828428256143
2013-12-22 13:10:00+01:00,5259,LSTM,502.91729839246074,560.4015123536907
2013-12-22 13:20:00+01:00,5259,LSTM,499.9190219826488,572.2440384530466
2013-12-22 13:30:00+01:00,5259,LSTM,481.3729202478705,571.8229038406754
2013-12-22 13:40:00+01:00,5259,LSTM,523.123170935564,556.7492331986074
2013-12-22 13:50:00+01:00,5259,LSTM,493.4487436673232,566.0978022776422
2013-12-22 14:00:00+01:00,5259,LSTM,613.0567725915151,555.7968335029826
2013-12-22 14:10:00+01:00,5259,LSTM,622.0890603304966,612.553271768051
2013-12-22 14:20:00+01:00,5259,LSTM,585.4621186901668,658.6167548697389
2013-12-22 14:30:00+01:00,5259,LSTM,575.9383938328281,663.9189042637298
2013-12-22 14:40:00+01:00,5259,LSTM,565.0086184279836,653.7994218885193
2013-12-22 14:50:00+01:00,5259,LSTM,508.62467116690857,635.4346273335949
2013-12-22 15:00:00+01:00,5259,LSTM,573.5636166169729,588.2980453099425
2013-12-22 15:10:00+01:00,5259,LSTM,540.9849537527407,590.7310805233269
2013-12-22 15:20:00+01:00,5259,LSTM,499.3559717014646,578.1190547829838
2013-12-22 15:30:00+01:00,5259,LSTM,538.5697500024035,545.9919903826031
2013-12-22 15:40:00+01:00,5259,LSTM,542.696941996011,545.9017857181886
2013-12-22 15:50:00+01:00,5259,LSTM,526.4453450811504,551.6390043256954
2013-12-22 16:00:00+01:00,5259,LSTM,529.1865180361443,547.8127782655023
2013-12-22 16:10:00+01:00,5259,LSTM,572.53141037445,546.6848833757517
2013-12-22 16:20:00+01:00,5259,LSTM,532.5490703277975,570.6970957752508
2013-12-22 16:30:00+01:00,5259,LSTM,580.4257017797742,566.4026132630669
2013-12-22 16:40:00+01:00,5259,LSTM,647.1941378344806,587.9229554665709
2013-12-22 16:50:00+01:00,5259,LSTM,558.8858470807647,641.1836937179203
2013-12-22 17:00:00+01:00,5259,LSTM,547.6402907481691,627.6066800190827
2013-12-22 17:10:00+01:00,5259,LSTM,564.8172401875252,604.889510406156
2013-12-22 17:20:00+01:00,5259,LSTM,590.0938685002067,597.413226649033
2013-12-22 17:30:00+01:00,5259,LSTM,563.3900641529069,607.7147339590026
2013-12-22 17:40:00+01:00,5259,LSTM,624.6272690317459,600.89378035716
2013-12-22 17:50:00+01:00,5259,LSTM,532.3870428965544,629.308586232313
2013-12-22 18:00:00+01:00,5259,LSTM,516.3780603548381,598.0836357929917
2013-12-22 18:10:00+01:00,5259,LSTM,556.7154424623785,563.5469624652088
2013-12-22 18:20:00+01:00,5259,LSTM,513.0400197957179,563.569917532795
2013-12-22 18:30:00+01:00,5259,LSTM,496.2418221524428,543.4245232924756
2013-12-22 18:40:00+01:00,5259,LSTM,521.3202442338579,521.1322580390896
2013-12-22 18:50:00+01:00,5259,LSTM,449.2207554296608,521.9321849250882
2013-12-22 19:00:00+01:00,5259,LSTM,456.6103909229529,486.8091812786108
2013-12-22 19:10:00+01:00,5259,LSTM,406.39129585892664,467.49299678176783
2013-12-22 19:20:00+01:00,5259,LSTM,376.7384622252709,431.7555243466515
2013-12-22 19:30:00+01:00,5259,LSTM,331.3847918854457,394.93310521275225
2013-12-22 19:40:00+01:00,5259,LSTM,360.70958539927113,351.08313686873544
2013-12-22 19:50:00+01:00,5259,LSTM,288.14633212943875,341.46617525461045
2013-12-22 20:00:00+01:00,5259,LSTM,307.36151857552045,304.6242342157259
2013-12-22 20:10:00+01:00,5259,LSTM,340.16920562500866,292.6544118324832
2013-12-22 20:20:00+01:00,5259,LSTM,283.19955457706635,306.7210887618817
2013-12-22 20:30:00+01:00,5259,LSTM,283.0353855116062,292.1292052714666
2013-12-22 20:40:00+01:00,5259,LSTM,243.07598688367256,283.25508580048677
2013-12-22 20:50:00+01:00,5259,LSTM,211.08591145628415,260.28466995806207
2013-12-22 21:00:00+01:00,5259,LSTM,229.33756820292317,231.09295958141024
2013-12-22 21:10:00+01:00,5259,LSTM,252.6313130614489,223.08130440929563
2013-12-22 21:20:00+01:00,5259,LSTM,232.55634678925216,233.03074426039325
2013-12-22 21:30:00+01:00,5259,LSTM,243.388519070819,233.04164960041953
2013-12-22 21:40:00+01:00,5259,LSTM,239.44941432823205,239.32931861159636
2013-12-22 21:50:00+01:00,5259,LSTM,226.13971380610457,243.1737875554136
2013-12-22 22:00:00+01:00,5259,LSTM,218.93284740796375,240.0164896670767
2013-12-22 22:10:00+01:00,5259,LSTM,234.47742939064136,234.75728846405332
2013-12-22 22:20:00+01:00,5259,LSTM,231.8749365765658,239.47283827169483
2013-12-22 22:30:00+01:00,5259,LSTM,213.8835519887023,242.6418493030228
2013-12-22 22:40:00+01:00,5259,LSTM,209.93727813102177,236.38864655168183
2013-12-22 22:50:00+01:00,5259,LSTM,209.09282901295396,230.1572544803937
2013-12-22 23:00:00+01:00,5259,LSTM,213.30539053501704,226.095082637534
2013-12-22 23:10:00+01:00,5259,LSTM,238.217008095928,226.10921918941995
2013-12-22 23:20:00+01:00,5259,LSTM,188.3727524420056,238.98209797051413
2013-12-22 23:30:00+01:00,5259,LSTM,219.61611599364343,224.3941188610961
2013-12-22 23:40:00+01:00,5259,LSTM,247.0048451348688,228.36514360274873
2013-12-22 23:50:00+01:00,5259,LSTM,202.4136809705029,245.78002918785683
2013-12-16 00:00:00+01:00,5161,Holt-Winters,346.4602756860823,334.1300567575427
2013-12-16 00:10:00+01:00,5161,Holt-Winters,335.47935978758,312.76476625175553
2013-12-16 00:20:00+01:00,5161,Holt-Winters,321.9108181220995,312.71595392869386
2013-12-16 00:30:00+01:00,5161,Holt-Winters,286.600020724892,310.15696123753764
2013-12-16 00:40:00+01:00,5161,Holt-Winters,299.6622130058684,251.39508550516825
2013-12-16 00:50:00+01:00,5161,Holt-Winters,247.85451044061097,242.3235921920543
2013-12-16 01:00:00+01:00,5161,Holt-Winters,235.4923578044656,219.7213684891896
2013-12-16 01:10:00+01:00,5161,Holt-Winters,268.6986469622539,191.99180211677458
2013-12-16 01:20:00+01:00,5161,Holt-Winters,252.07262947594268,219.96978019140926
2013-12-16 01:30:00+01:00,5161,Holt-Winters,218.3795688570358,219.3964864123252
2013-12-16 01:40:00+01:00,5161,Holt-Winters,231.68236946057067,211.389641034014
2013-12-16 01:50:00+01:00,5161,Holt-Winters,209.62328125234657,225.65715941571986
2013-12-16 02:00:00+01:00,5161,Holt-Winters,209.11710109328376,206.0491410481412
2013-12-16 02:10:00+01:00,5161,Holt-Winters,235.20218140229807,181.6110194032791
2013-12-16 02:20:00+01:00,5161,Holt-Winters,214.24267087954343,224.9786487791599
2013-12-16 02:30:00+01:00,5161,Holt-Winters,207.9650075191223,212.92450287532301
2013-12-16 02:40:00+01:00,5161,Holt-Winters,218.9016873174376,195.8223952480461
2013-12-16 02:50:00+01:00,5161,Holt-Winters,192.52117308206127,199.78649606138316
2013-12-16 03:00:00+01:00,5161,Holt-Winters,199.50375341265507,201.22229545589906
2013-12-16 03:10:00+01:00,5161,Holt-Winters,205.08748105394343,188.4770887464258
2013-12-16 03:20:00+01:00,5161,Holt-Winters,198.84102663165817,202.15329453029847
2013-12-16 03:30:00+01:00,5161,Holt-Winters,199.2838699268772,206.89335016411584
2013-12-16 03:40:00+01:00,5161,Holt-Winters,209.1224585157593,187.5975392126379
2013-12-16 03:50:00+01:00,5161,Holt-Winters,184.26078191472104,208.98230043652453
2013-12-16 04:00:00+01:00,5161,Holt-Winters,201.11851402503288,203.19925310610077
2013-12-16 04:10:00+01:00,5161,Holt-Winters,209.11015269754418,180.69719983452447
2013-12-16 04:20:00+01:00,5161,Holt-Winters,183.43297665352517,205.2300138866578
2013-12-16 04:30:00+01:00,5161,Holt-Winters,199.9571860767021,194.54355641361198
2013-12-16 04:40:00+01:00,5161,Holt-Winters,200.83169763798787,187.8981896836543
2013-12-16 04:50:00+01:00,5161,Holt-Winters,179.14809387736145,200.21996844687018
2013-12-16 05:00:00+01:00,5161,Holt-Winters,210.14604922304895,191.02871221016812
2013-12-16 05:10:00+01:00,5161,Holt-Winters,205.14392275826233,201.06334242798826
2013-12-16 05:20:00+01:00,5161,Holt-Winters,189.92653477212093,198.1137731087701
2013-12-16 05:30:00+01:00,5161,Holt-Winters,202.235955127159,208.84795878717827
2013-12-16 05:40:00+01:00,5161,Holt-Winters,209.58280854964187,195.0075483997636
2013-12-16 05:50:00+01:00,5161,Holt-Winters,187.69509257088845,209.12767614762245
2013-12-16 06:00:00+01:00,5161,Holt-Winters,199.1373964912097,200.18724969228444
2013-12-16 06:10:00+01:00,5161,Holt-Winters,207.1425943707448,191.6086905811553
2013-12-16 06:20:00+01:00,5161,Holt-Winters,193.52404734417757,210.4674729248199
2013-12-16 06:30:00+01:00,5161,Holt-Winters,233.35507042522218,206.96649093244727
2013-12-16 06:40:00+01:00,5161,Holt-Winters,318.2608912096858,231.8663517484854
2013-12-16 06:50:00+01:00,5161,Holt-Winters,289.0319077610065,286.75476840540057
2013-12-16 07:00:00+01:00,5161,Holt-Winters,270.3490785552023,311.694663144334
2013-12-16 07:10:00+01:00,5161,Holt-Winters,247.3762025310514,297.4238627534261
2013-12-16 07:20:00+01:00,5161,Holt-Winters,269.4000826550063,296.66846492883695
2013-12-16 07:30:00+01:00,5161,Holt-Winters,277.75619658853867,298.7699883168638
2013-12-16 07:40:00+01:00,5161,Holt-Winters,299.5086220330908,297.40639326556334
2013-12-16 07:50:00+01:00,5161,Holt-Winters,318.2389965910482,328.9298306560963
2013-12-16 08:00:00+01:00,5161,Holt-Winters,395.3235506470523,368.67812983090465
2013-12-16 08:10:00+01:00,5161,Holt-Winters,432.19434248309,407.0758067154371
2013-12-16 08:20:00+01:00,5161,Holt-Winters,419.6881915490129,463.8000720628556
2013-12-16 08:30:00+01:00,5161,Holt-Winters,572.1271501097597,526.542734490035
2013-12-16 08:40:00+01:00,5161,Holt-Winters,695.2920762105917,581.899528695292
2013-12-16 08:50:00+01:00,5161,Holt-Winters,704.8020496166409,729.5908394131806
2013-12-16 09:00:00+01:00,5161,Holt-Winters,789.2131820467196,792.3677485187854
2013-12-16 09:10:00+01:00,5161,Holt-Winters,869.7986213305568,833.0382180779967
2013-12-16 09:20:00+01:00,5161,Holt-Winters,834.4705463862927,928.0411850079754
2013-12-16 09:30:00+01:00,5161,Holt-Winters,946.5521361813196,914.8760774736647
2013-12-16 09:40:00+01:00,5161,Holt-Winters,943.608273600397,1017.4828866101882
2013-12-16 09:50:00+01:00,5161,Holt-Winters,961.7044601238024,1040.788482076228
2013-12-16 10:00:00+01:00,5161,Holt-Winters,1011.9495764231501,1087.682813426276
2013-12-16 10:10:00+01:00,5161,Holt-Winters,947.5970402099954,1146.1587727352114
2013-12-16 10:20:00+01:00,5161,Holt-Winters,1048.6559854844907,1194.532993697546
2013-12-16 10:30:00+01:00,5161,Holt-Winters,1179.4794231089295,1236.6571179078571
2013-12-16 10:40:00+01:00,5161,Holt-Winters,1383.9190538649898,1316.744468756851
2013-12-16 10:50:00+01:00,5161,Holt-Winters,1328.7417193699973,1486.490659561658
2013-12-16 11:00:00+01:00,5161,Holt-Winters,1379.0597497974818,1557.4149522993814
2013-12-16 11:10:00+01:00,5161,Holt-Winters,1550.8689446759556,1578.6361233676182
2013-12-16 11:20:00+01:00,5161,Holt-Winters,1559.009767136589,1702.698452135501
2013-12-16 11:30:00+01:00,5161,Holt-Winters,1864.441210866045,1755.1895462433595
2013-12-16 11:40:00+01:00,5161,Holt-Winters,1848.0159730803725,1954.154941337111
2013-12-16 11:50:00+01:00,5161,Holt-Winters,1709.3956800194203,2007.0089734454275
2013-12-16 12:00:00+01:00,5161,Holt-Winters,1961.1586501560193,1932.7651923250587
2013-12-16 12:10:00+01:00,5161,Holt-Winters,2086.6458370194973,1998.7881734739228
2013-12-16 12:20:00+01:00,5161,Holt-Winters,1910.078748875039,2079.2000843156234
2013-12-16 12:30:00+01:00,5161,Holt-Winters,2116.0875529682694,2140.4418639173746
2013-12-16 12:40:00+01:00,5161,Holt-Winters,2292.7482323837066,2204.0799874125482
2013-12-16 12:50:00+01:00,5161,Holt-Winters,2109.0093096825776,2354.1016487889838
2013-12-16 13:00:00+01:00,5161,Holt-Winters,2360.444586874856,2301.599829129743
2013-12-16 13:10:00+01:00,5161,Holt-Winters,2505.1448609885597,2498.435955991088
2013-12-16 13:20:00+01:00,5161,Holt-Winters,2585.237945075984,2570.934013724169
2013-12-16 13:30:00+01:00,5161,Holt-Winters,2969.4912966951615,2666.1353788796728
2013-12-16 13:40:00+01:00,5161,Holt-Winters,3057.329998717289,2856.4243248998523
2013-12-16 13:50:00+01:00,5161,Holt-Winters,2938.0559341446656,3072.366686408649
2013-12-16 14:00:00+01:00,5161,Holt-Winters,2866.0698551966134,2967.02538223764
2013-12-16 14:10:00+01:00,5161,Holt-Winters,2798.730042548761,2889.9401327216437
2013-12-16 14:20:00+01:00,5161,Holt-Winters,2803.0944132442064,2884.271736591678
2013-12-16 14:30:00+01:00,5161,Holt-Winters,2646.839995041431,2823.0710694769746
2013-12-16 14:40:00+01:00,5161,Holt-Winters,2462.657669090256,2659.7472675630625
2013-12-16 14:50:00+01:00,5161,Holt-Winters,2350.5298729564715,2571.113458980086
2013-12-16 15:00:00+01:00,5161,Holt-Winters,2328.2551919181833,2535.507746538667
2013-12-16 15:10:00+01:00,5161,Holt-Winters,2480.486210220391,2341.4561360115094
2013-12-16 15:20:00+01:00,5161,Holt-Winters,2310.557989680255,2487.058769670338
2013-12-16 15:30:00+01:00,5161,Holt-Winters,2615.6434931024114,2465.45460493682
2013-12-16 15:40:00+01:00,5161,Holt-Winters,2538.410514803179,2541.5733027207407
2013-12-16 15:50:00+01:00,5161,Holt-Winters,2448.4735785178286,2538.4430011316995
2013-12-16 16:00:00+01:00,5161,Holt-Winters,2772.0136173328397,2478.931130856073
2013-12-16 16:10:00+01:00,5161,Holt-Winters,2690.519512294492,2722.970006360937
2013-12-16 16:20:00+01:00,5161,Holt-Winters,2592.6479521449105,2658.5980000092172
2013-12-16 16:30:00+01:00,5161,Holt-Winters,2785.390971012687,2666.4279069265526
2013-12-16 16:40:00+01:00,5161,Holt-Winters,2619.2588713685946,2663.9257695295823
2013-12-16 16:50:00+01:00,5161,Holt-Winters,2633.5863525536292,2658.290377997435
2013-12-16 17:00:00+01:00,5161,Holt-Winters,2544.4759066480965,2725.583913969054
2013-12-16 17:10:00+01:00,5161,Holt-Winters,2674.0369944306767,2617.9894764809574
2013-12-16 17:20:00+01:00,5161,Holt-Winters,2557.115005499669,2469.5983012214156
2013-12-16 17:30:00+01:00,5161,Holt-Winters,2391.7550214881935,2492.7318416442704
2013-12-16 17:40:00+01:00,5161,Holt-Winters,2553.3016046389957,2434.9146390777264
2013-12-16 17:50:00+01:00,5161,Holt-Winters,2696.691356432064,2457.9175294157667
2013-12-16 18:00:00+01:00,5161,Holt-Winters,2386.359150415242,2597.505794390882
2013-12-16 18:10:00+01:00,5161,Holt-Winters,2363.5816467366058,2316.4838136576805
2013-12-16 18:20:00+01:00,5161,Holt-Winters,2429.0901584813646,2319.5560352952198
2013-12-16 18:30:00+01:00,5161,Holt-Winters,2416.330809952751,2305.4843249867977
2013-12-16 18:40:00+01:00,5161,Holt-Winters,2332.473836769392,2253.987347229405
2013-12-16 18:50:00+01:00,5161,Holt-Winters,2197.7908076534222,2174.0097101045844
2013-12-16 19:00:00+01:00,5161,Holt-Winters,2127.2325690818066,2121.646286347014
2013-12-16 19:10:00+01:00,5161,Holt-Winters,2131.436996204718,2031.605095873871
2013-12-16 19:20:00+01:00,5161,Holt-Winters,1931.2818337151923,1980.3529991154242
2013-12-16 19:30:00+01:00,5161,Holt-Winters,1857.6205597025657,1802.4982903316954
2013-12-16 19:40:00+01:00,5161,Holt-Winters,1720.8193322763295,1753.6538475650086
2013-12-16 19:50:00+01:00,5161,Holt-Winters,1719.8895638319545,1569.0121669802081
2013-12-16 20:00:00+01:00,5161,Holt-Winters,1494.5802591991267,1477.281986518304
2013-12-16 20:10:00+01:00,5161,Holt-Winters,1387.2497562192434,1299.3237005594535
2013-12-16 20:20:00+01:00,5161,Holt-Winters,1310.2693516543166,1252.7144220474006
2013-12-16 20:30:00+01:00,5161,Holt-Winters,1161.102544897296,1067.8982932231304
2013-12-16 20:40:00+01:00,5161,Holt-Winters,1097.7890773365518,976.9485304696768
2013-12-16 20:50:00+01:00,5161,Holt-Winters,1052.0191730358947,993.4602411606278
2013-12-16 21:00:00+01:00,5161,Holt-Winters,966.3624734017344,871.3437163177841
2013-12-16 21:10:00+01:00,5161,Holt-Winters,789.5047907686429,806.1372003484466
2013-12-16 21:20:00+01:00,5161,Holt-Winters,889.2621867595232,838.2765816080741
2013-12-16 21:30:00+01:00,5161,Holt-Winters,790.8689030678371,837.3148431641032
2013-12-16 21:40:00+01:00,5161,Holt-Winters,795.4713223064675,749.103834249765
2013-12-16 21:50:00+01:00,5161,Holt-Winters,769.1046473823518,730.645307128177
2013-12-16 22:00:00+01:00,5161,Holt-Winters,695.0575355658402,744.6517982878887
2013-12-16 22:10:00+01:00,5161,Holt-Winters,614.0004076521011,643.3285272976627
2013-12-16 22:20:00+01:00,5161,Holt-Winters,642.0886257461541,512.8467499073279
2013-12-16 22:30:00+01:00,5161,Holt-Winters,682.7367134788166,494.8733056878663
2013-12-16 22:40:00+01:00,5161,Holt-Winters,582.5713171728919,526.1186958176067
2013-12-16 22:50:00+01:00,5161,Holt-Winters,860.3829426100458,485.0435446715099
2013-12-16 23:00:00+01:00,5161,Holt-Winters,633.4714392077531,633.6997603143616
2013-12-16 23:10:00+01:00,5161,Holt-Winters,543.3787492850882,582.3310610428447
2013-12-16 23:20:00+01:00,5161,Holt-Winters,597.4091750516162,561.6588217394279
2013-12-16 23:30:00+01:00,5161,Holt-Winters,610.5447066159588,550.3418671250922
2013-12-16 23:40:00+01:00,5161,Holt-Winters,333.73604574735816,532.4088224165553
2013-12-16 23:50:00+01:00,5161,Holt-Winters,394.09169937420666,416.07899028993535
2013-12-17 00:00:00+01:00,5161,Holt-Winters,417.16583366220533,379.0158547422629
2013-12-17 00:10:00+01:00,5161,Holt-Winters,311.190922064494,370.0942808296354
2013-12-17 00:20:00+01:00,5161,Holt-Winters,445.8624530921254,330.7100654011455
2013-12-17 00:30:00+01:00,5161,Holt-Winters,342.1665759456991,379.2168221110636
2013-12-17 00:40:00+01:00,5161,Holt-Winters,318.0864419863345,313.95190872446256
2013-12-17 00:50:00+01:00,5161,Holt-Winters,304.5793150069837,283.6109111474925
2013-12-17 01:00:00+01:00,5161,Holt-Winters,302.764988141766,268.44871383981524
2013-12-17 01:10:00+01:00,5161,Holt-Winters,232.7316643734294,249.6569637209363
2013-12-17 01:20:00+01:00,5161,Holt-Winters,268.7747995622892,232.50935322560272
2013-12-17 01:30:00+01:00,5161,Holt-Winters,226.48288796489106,233.94220427612828
2013-12-17 01:40:00+01:00,5161,Holt-Winters,187.17806591260253,222.83047394436147
2013-12-17 01:50:00+01:00,5161,Holt-Winters,223.17185846057694,210.13548674566212
2013-12-17 02:00:00+01:00,5161,Holt-Winters,234.36075561978643,204.53774387631398
2013-12-17 02:10:00+01:00,5161,Holt-Winters,216.70508100954143,192.99409843418223
2013-12-17 02:20:00+01:00,5161,Holt-Winters,229.82294206070475,221.96111042924346
2013-12-17 02:30:00+01:00,5161,Holt-Winters,209.51703585982187,218.87009474564695
2013-12-17 02:40:00+01:00,5161,Holt-Winters,183.13840232603152,199.6505290391745
2013-12-17 02:50:00+01:00,5161,Holt-Winters,202.82635390458003,184.53372456853512
2013-12-17 03:00:00+01:00,5161,Holt-Winters,204.5113759135692,198.28706353041363
2013-12-17 03:10:00+01:00,5161,Holt-Winters,173.604901178288,189.36987960100294
2013-12-17 03:20:00+01:00,5161,Holt-Winters,195.62657722787543,187.44292183495725
2013-12-17 03:30:00+01:00,5161,Holt-Winters,199.53999388768037,197.72338572448612
2013-12-17 03:40:00+01:00,5161,Holt-Winters,188.96452205209215,182.9704354609506
2013-12-17 03:50:00+01:00,5161,Holt-Winters,206.67401810190816,196.87018207633542
2013-12-17 04:00:00+01:00,5161,Holt-Winters,213.5412026694256,207.72647327612884
2013-12-17 04:10:00+01:00,5161,Holt-Winters,164.38318781264684,189.02960533927057
2013-12-17 04:20:00+01:00,5161,Holt-Winters,205.71875081404303,187.99069572084903
2013-12-17 04:30:00+01:00,5161,Holt-Winters,189.8337937590183,196.35317779608113
2013-12-17 04:40:00+01:00,5161,Holt-Winters,165.30069476948887,183.9567490641358
2013-12-17 04:50:00+01:00,5161,Holt-Winters,211.25015265660855,181.05408112222412
2013-12-17 05:00:00+01:00,5161,Holt-Winters,207.73287305906223,196.571179720836
2013-12-17 05:10:00+01:00,5161,Holt-Winters,186.83726648585449,202.7716234382187
2013-12-17 05:20:00+01:00,5161,Holt-Winters,212.57007106479435,190.17594558592543
2013-12-17 05:30:00+01:00,5161,Holt-Winters,199.1200000905363,215.6486812926579
2013-12-17 05:40:00+01:00,5161,Holt-Winters,189.68363995546855,197.02897299849454
2013-12-17 05:50:00+01:00,5161,Holt-Winters,206.416556683001,200.58456996305912
2013-12-17 06:00:00+01:00,5161,Holt-Winters,199.1442836261162,204.78417989532028
2013-12-17 06:10:00+01:00,5161,Holt-Winters,175.57236746877405,193.9934702797242
2013-12-17 06:20:00+01:00,5161,Holt-Winters,211.8952069101305,196.48779070752792
2013-12-17 06:30:00+01:00,5161,Holt-Winters,229.97296220004918,208.57815064997112
2013-12-17 06:40:00+01:00,5161,Holt-Winters,222.11826935438958,231.07128758354037
2013-12-17 06:50:00+01:00,5161,Holt-Winters,266.95532831615634,240.00737989105306
2013-12-17 07:00:00+01:00,5161,Holt-Winters,266.657720025219,276.8372595208995
2013-12-17 07:10:00+01:00,5161,Holt-Winters,264.9793853207954,277.58679365679086
2013-12-17 07:20:00+01:00,5161,Holt-Winters,299.7556316617965,294.875555956298
2013-12-17 07:30:00+01:00,5161,Holt-Winters,341.2189995132583,312.4708833198488
2013-12-17 07:40:00+01:00,5161,Holt-Winters,302.00634130821595,335.08981481097743
2013-12-17 07:50:00+01:00,5161,Holt-Winters,336.06756291396573,349.65566207175897
2013-12-17 08:00:00+01:00,5161,Holt-Winters,375.193126163595,388.0076374340541
2013-12-17 08:10:00+01:00,5161,Holt-Winters,397.58103424537035,407.3877784532431
2013-12-17 08:20:00+01:00,5161,Holt-Winters,489.1837540406109,447.279963018466
2013-12-17 08:30:00+01:00,5161,Holt-Winters,534.2421996729204,551.4774894536971
2013-12-17 08:40:00+01:00,5161,Holt-Winters,660.0386766733408,576.5586106577372
2013-12-17 08:50:00+01:00,5161,Holt-Winters,617.4211150070694,709.8337361553023
2013-12-17 09:00:00+01:00,5161,Holt-Winters,824.7165321501712,740.0196454776294
2013-12-17 09:10:00+01:00,5161,Holt-Winters,862.9117006227889,823.0297256913451
2013-12-17 09:20:00+01:00,5161,Holt-Winters,903.3844859707318,919.5371199789053
2013-12-17 09:30:00+01:00,5161,Holt-Winters,993.2105956505819,943.6832697505961
2013-12-17 09:40:00+01:00,5161,Holt-Winters,1057.962274297578,1054.8934164024217
2013-12-17 09:50:00+01:00,5161,Holt-Winters,1036.0688002569661,1115.2815697990538
2013-12-17 10:00:00+01:00,5161,Holt-Winters,1217.511462221508,1162.1138518303499
2013-12-17 10:10:00+01:00,5161,Holt-Winters,1188.263378878907,1283.787730180309
2013-12-17 10:20:00+01:00,5161,Holt-Winters,1214.9234997508631,1381.820351177245
2013-12-17 10:30:00+01:00,5161,Holt-Winters,1532.373814153843,1413.8140569845043
2013-12-17 10:40:00+01:00,5161,Holt-Winters,1466.265536923937,1578.5972782763395
2013-12-17 10:50:00+01:00,5161,Holt-Winters,1664.7877122926457,1661.8312066163542
2013-12-17 11:00:00+01:00,5161,Holt-Winters,1818.2194392016497,1810.2067624186452
2013-12-17 11:10:00+01:00,5161,Holt-Winters,1694.5821651072915,1921.247090313348
2013-12-17 11:20:00+01:00,5161,Holt-Winters,1874.4421670010972,1949.45154939277
2013-12-17 11:30:00+01:00,5161,Holt-Winters,2035.2654295938862,2035.0423228835855
2013-12-17 11:40:00+01:00,5161,Holt-Winters,2138.9643839805203,2181.4618974246146
2013-12-17 11:50:00+01:00,5161,Holt-Winters,2250.6002373228757,2264.987640948088
2013-12-17 12:00:00+01:00,5161,Holt-Winters,2388.4728607154652,2327.243296913891
2013-12-17 12:10:00+01:00,5161,Holt-Winters,2460.7340250945,2409.091490878727
2013-12-17 12:20:00+01:00,5161,Holt-Winters,2415.10364278647,2472.0496838735257
2013-12-17 12:30:00+01:00,5161,Holt-Winters,2763.06830619554,2587.3538394289785
2013-12-17 12:40:00+01:00,5161,Holt-Winters,2744.7373200107468,2747.414205805672
2013-12-17 12:50:00+01:00,5161,Holt-Winters,2774.442905314343,2853.412494393332
2013-12-17 13:00:00+01:00,5161,Holt-Winters,3062.45790754789,2880.972783045933
2013-12-17 13:10:00+01:00,5161,Holt-Winters,3291.7274686501946,3136.9148801917217
2013-12-17 13:20:00+01:00,5161,Holt-Winters,3444.1061813997912,3280.7908385716473
2013-12-17 13:30:00+01:00,5161,Holt-Winters,3373.385469124204,3447.8075797870188
2013-12-17 13:40:00+01:00,5161,Holt-Winters,3342.42710469514,3456.0281129686646
2013-12-17 13:50:00+01:00,5161,Holt-Winters,3505.4326047263203,3520.3954009718213
2013-12-17 14:00:00+01:00,5161,Holt-Winters,3803.9376163191478,3472.573304615345
2013-12-17 14:10:00+01:00,5161,Holt-Winters,3543.513444996852,3603.842646804786
2013-12-17 14:20:00+01:00,5161,Holt-Winters,3208.639047949593,3613.0571552055494
2013-12-17 14:30:00+01:00,5161,Holt-Winters,3234.5731841536394,3396.07205370233
2013-12-17 14:40:00+01:00,5161,Holt-Winters,3110.679375492337,3239.8483713273063
2013-12-17 14:50:00+01:00,5161,Holt-Winters,3139.696400012281,3183.9485901072203
2013-12-17 15:00:00+01:00,5161,Holt-Winters,2945.246655483483,3233.324996715059
2013-12-17 15:10:00+01:00,5161,Holt-Winters,2766.0856261656504,3000.3197637552175
2013-12-17 15:20:00+01:00,5161,Holt-Winters,3100.9320527364307,2966.02939811678
2013-12-17 15:30:00+01:00,5161,Holt-Winters,3517.6779838970688,3094.5047107955343
2013-12-17 15:40:00+01:00,5161,Holt-Winters,3524.8950637229223,3302.186998699268
2013-12-17 15:50:00+01:00,5161,Holt-Winters,3358.1033771379425,3407.914133491959
2013-12-17 16:00:00+01:00,5161,Holt-Winters,3876.9596688803167,3367.7565508573994
2013-12-17 16:10:00+01:00,5161,Holt-Winters,3759.0381920283567,3715.9537876247396
2013-12-17 16:20:00+01:00,5161,Holt-Winters,3837.149429379931,3687.9854840869684
2013-12-17 16:30:00+01:00,5161,Holt-Winters,3774.9139555075467,3799.48860744641
2013-12-17 16:40:00+01:00,5161,Holt-Winters,3495.152450283321,3727.8091167650086
2013-12-17 16:50:00+01:00,5161,Holt-Winters,3764.5987476551045,3631.572906318377
2013-12-17 17:00:00+01:00,5161,Holt-Winters,3746.0461928270547,3774.883638466386
2013-12-17 17:10:00+01:00,5161,Holt-Winters,3641.879833568656,3740.6753097445326
2013-12-17 17:20:00+01:00,5161,Holt-Winters,3795.9837000928255,3517.6582535326984
2013-12-17 17:30:00+01:00,5161,Holt-Winters,3566.969016036498,3632.7512046256547
2013-12-17 17:40:00+01:00,5161,Holt-Winters,3228.2769520553015,3591.8958956230026
2013-12-17 17:50:00+01:00,5161,Holt-Winters,3273.0973652775074,3382.598217271548
2013-12-17 18:00:00+01:00,5161,Holt-Winters,3197.365310400741,3354.337075295502
2013-12-17 18:10:00+01:00,5161,Holt-Winters,3225.8514510239543,3099.424432603227
2013-12-17 18:20:00+01:00,5161,Holt-Winters,2850.038959897034,3140.728996458057
2013-12-17 18:30:00+01:00,5161,Holt-Winters,3065.798054716381,2933.7710618281285
2013-12-17 18:40:00+01:00,5161,Holt-Winters,2853.2895455813655,2892.481934103889
2013-12-17 18:50:00+01:00,5161,Holt-Winters,2902.8008407747493,2755.789493739284
2013-12-17 19:00:00+01:00,5161,Holt-Winters,2814.6861456313604,2762.8163315808347
2013-12-17 19:10:00+01:00,5161,Holt-Winters,2951.3239482580657,2695.081279771079
2013-12-17 19:20:00+01:00,5161,Holt-Winters,2730.481583025756,2719.2106455708226
2013-12-17 19:30:00+01:00,5161,Holt-Winters,2447.7034023463807,2570.437540443169
2013-12-17 19:40:00+01:00,5161,Holt-Winters,2416.3674836333294,2435.876006210799
2013-12-17 19:50:00+01:00,5161,Holt-Winters,2257.174864360952,2257.656727564514
2013-12-17 20:00:00+01:00,5161,Holt-Winters,2049.735272998335,2092.9796360350497
2013-12-17 20:10:00+01:00,5161,Holt-Winters,1769.0593633250392,1885.8431005137409
2013-12-17 20:20:00+01:00,5161,Holt-Winters,1671.03085540267,1740.5748628595725
2013-12-17 20:30:00+01:00,5161,Holt-Winters,1472.3549846994715,1494.5039759492236
2013-12-17 20:40:00+01:00,5161,Holt-Winters,1444.258579760407,1347.960239296513
2013-12-17 20:50:00+01:00,5161,Holt-Winters,1219.8507002396602,1352.643944570248
2013-12-17 21:00:00+01:00,5161,Holt-Winters,1171.962370084583,1138.30610353458
2013-12-17 21:10:00+01:00,5161,Holt-Winters,1066.5071142007228,1043.5262126806917
2013-12-17 21:20:00+01:00,5161,Holt-Winters,1065.6753441892179,1094.75705012764
2013-12-17 21:30:00+01:00,5161,Holt-Winters,1107.4399986278922,1055.207233099265
2013-12-17 21:40:00+01:00,5161,Holt-Winters,1170.1950808339616,1014.5539802208023
2013-12-17 21:50:00+01:00,5161,Holt-Winters,881.8594319027436,1048.759376629721
2013-12-17 22:00:00+01:00,5161,Holt-Winters,747.4791263684058,963.7938888504248
2013-12-17 22:10:00+01:00,5161,Holt-Winters,636.7719475721574,782.120426767261
2013-12-17 22:20:00+01:00,5161,Holt-Winters,549.4325508128481,595.7231616360759
2013-12-17 22:30:00+01:00,5161,Holt-Winters,636.7148057202292,493.15262907642574
2013-12-17 22:40:00+01:00,5161,Holt-Winters,583.7481411863653,503.04724114677646
2013-12-17 22:50:00+01:00,5161,Holt-Winters,538.865437764789,473.65843828276667
2013-12-17 23:00:00+01:00,5161,Holt-Winters,543.9615330632641,472.8477466408608
2013-12-17 23:10:00+01:00,5161,Holt-Winters,439.515768418845,455.8620535454407
2013-12-17 23:20:00+01:00,5161,Holt-Winters,424.5902526558876,446.084686571947
2013-12-17 23:30:00+01:00,5161,Holt-Winters,452.1990424364424,407.178865564538
2013-12-17 23:40:00+01:00,5161,Holt-Winters,361.02265938382374,381.9286052497047
2013-12-17 23:50:00+01:00,5161,Holt-Winters,371.8660477250394,351.2726935203766
2013-12-18 00:00:00+01:00,5161,Holt-Winters,434.7363969546022,334.7311073755061
2013-12-18 00:10:00+01:00,5161,Holt-Winters,406.53530362574355,355.6204207786647
2013-12-18 00:20:00+01:00,5161,Holt-Winters,314.7143768670994,369.16261039176356
2013-12-18 00:30:00+01:00,5161,Holt-Winters,311.52431694473506,335.9311144946084
2013-12-18 00:40:00+01:00,5161,Holt-Winters,268.6449901889773,276.7596540054683
2013-12-18 00:50:00+01:00,5161,Holt-Winters,269.0886359117024,240.51521127689108
2013-12-18 01:00:00+01:00,5161,Holt-Winters,303.0961481591804,229.01821934853146
2013-12-18 01:10:00+01:00,5161,Holt-Winters,274.72975729454504,229.3894188521941
2013-12-18 01:20:00+01:00,5161,Holt-Winters,234.2820494847288,242.2504509781439
2013-12-18 01:30:00+01:00,5161,Holt-Winters,258.46707144337455,222.36499905428087
2013-12-18 01:40:00+01:00,5161,Holt-Winters,235.9508028704756,232.2474830595909
2013-12-18 01:50:00+01:00,5161,Holt-Winters,214.01556383036043,238.51981096197872
2013-12-18 02:00:00+01:00,5161,Holt-Winters,244.06613829384204,214.82953656586068
2013-12-18 02:10:00+01:00,5161,Holt-Winters,221.3958276509302,203.00327346800367
2013-12-18 02:20:00+01:00,5161,Holt-Winters,390.53134448762887,229.40709294468053
2013-12-18 02:30:00+01:00,5161,Holt-Winters,385.11371145090635,300.18020761688086
2013-12-18 02:40:00+01:00,5161,Holt-Winters,443.7337166404427,326.40162453068245
2013-12-18 02:50:00+01:00,5161,Holt-Winters,424.5218189918709,375.7904361935634
2013-12-18 03:00:00+01:00,5161,Holt-Winters,514.8599377290959,404.2135947687755
2013-12-18 03:10:00+01:00,5161,Holt-Winters,243.27391662521072,445.62213636962304
2013-12-18 03:20:00+01:00,5161,Holt-Winters,216.10473306227644,353.77222901716016
2013-12-18 03:30:00+01:00,5161,Holt-Winters,226.12570898861824,293.7603899277924
2013-12-18 03:40:00+01:00,5161,Holt-Winters,232.07373857381674,245.5357048802297
2013-12-18 03:50:00+01:00,5161,Holt-Winters,208.0513115206819,250.0586947651377
2013-12-18 04:00:00+01:00,5161,Holt-Winters,225.40231883691754,235.9448030834109
2013-12-18 04:10:00+01:00,5161,Holt-Winters,227.49485929936256,209.36464998607488
2013-12-18 04:20:00+01:00,5161,Holt-Winters,215.5400516402809,228.94174227411716
2013-12-18 04:30:00+01:00,5161,Holt-Winters,227.69819403531625,222.30138413808174
2013-12-18 04:40:00+01:00,5161,Holt-Winters,220.47952551752596,215.64791119801413
2013-12-18 04:50:00+01:00,5161,Holt-Winters,219.93323423727847,224.0650189537061
2013-12-18 05:00:00+01:00,5161,Holt-Winters,234.73873484598008,223.03796243321273
2013-12-18 05:10:00+01:00,5161,Holt-Winters,256.2188555144022,229.49821287331957
2013-12-18 05:20:00+01:00,5161,Holt-Winters,246.57612592377367,237.4599192259503
2013-12-18 05:30:00+01:00,5161,Holt-Winters,248.08905066449177,256.5334220074607
2013-12-18 05:40:00+01:00,5161,Holt-Winters,257.0532949204877,241.80991029963567
2013-12-18 05:50:00+01:00,5161,Holt-Winters,243.37932740814938,256.2520376155973
2013-12-18 06:00:00+01:00,5161,Holt-Winters,263.17789343777645,251.4370034302182
2013-12-18 06:10:00+01:00,5161,Holt-Winters,227.6866219765991,249.0228851797752
2013-12-18 06:20:00+01:00,5161,Holt-Winters,237.63648193237862,250.11225723638785
2013-12-18 06:30:00+01:00,5161,Holt-Winters,320.88790613884976,248.7644390959751
2013-12-18 06:40:00+01:00,5161,Holt-Winters,246.09838605413316,295.70602219304794
2013-12-18 06:50:00+01:00,5161,Holt-Winters,260.014967945567,285.0488052040858
2013-12-18 07:00:00+01:00,5161,Holt-Winters,350.64961349855326,296.82629824053515
2013-12-18 07:10:00+01:00,5161,Holt-Winters,396.91444262208506,328.4217188592352
2013-12-18 07:20:00+01:00,5161,Holt-Winters,404.74668790510873,384.79632315889535
2013-12-18 07:30:00+01:00,5161,Holt-Winters,444.64057022495973,409.654708190763
2013-12-18 07:40:00+01:00,5161,Holt-Winters,383.82409815627034,435.27989308814966
2013-12-18 07:50:00+01:00,5161,Holt-Winters,396.33360008328873,440.9912830999674
2013-12-18 08:00:00+01:00,5161,Holt-Winters,413.6523713092924,464.3694129913476
2013-12-18 08:10:00+01:00,5161,Holt-Winters,642.7807981404414,465.48260084123694
2013-12-18 08:20:00+01:00,5161,Holt-Winters,541.2099035896497,595.5491660385421
2013-12-18 08:30:00+01:00,5161,Holt-Winters,618.9033906617368,653.3627879815293
2013-12-18 08:40:00+01:00,5161,Holt-Winters,646.4804250593488,670.1428284297068
2013-12-18 08:50:00+01:00,5161,Holt-Winters,736.5292137771426,751.781125212593
2013-12-18 09:00:00+01:00,5161,Holt-Winters,844.3093291363506,819.1542897267819
2013-12-18 09:10:00+01:00,5161,Holt-Winters,899.549622996776,873.4684458490135
2013-12-18 09:20:00+01:00,5161,Holt-Winters,958.5369743205648,963.3246080400394
2013-12-18 09:30:00+01:00,5161,Holt-Winters,1156.9510131636562,992.9480683181346
2013-12-18 09:40:00+01:00,5161,Holt-Winters,1070.9885273908935,1159.3292219606951
2013-12-18 09:50:00+01:00,5161,Holt-Winters,1130.08438330247,1175.662954822038
2013-12-18 10:00:00+01:00,5161,Holt-Winters,1296.1780485477595,1238.705086525438
2013-12-18 10:10:00+01:00,5161,Holt-Winters,1440.5530194214932,1361.379171211085
2013-12-18 10:20:00+01:00,5161,Holt-Winters,1529.7800595619283,1543.606799628077
2013-12-18 10:30:00+01:00,5161,Holt-Winters,1691.0552866925966,1649.3719535543098
2013-12-18 10:40:00+01:00,5161,Holt-Winters,1911.0960679719487,1777.104929853298
2013-12-18 10:50:00+01:00,5161,Holt-Winters,1785.5616468634723,1979.0530562946665
2013-12-18 11:00:00+01:00,5161,Holt-Winters,2071.8499346707868,2032.7514275790309
2013-12-18 11:10:00+01:00,5161,Holt-Winters,2104.38380354869,2158.7734308477093
2013-12-18 11:20:00+01:00,5161,Holt-Winters,2088.582863376562,2270.005190873039
2013-12-18 11:30:00+01:00,5161,Holt-Winters,2219.1139890295003,2304.310726578199
2013-12-18 11:40:00+01:00,5161,Holt-Winters,2249.7116483369614,2409.562593373504
2013-12-18 11:50:00+01:00,5161,Holt-Winters,2448.1500848046576,2436.530381112051
2013-12-18 12:00:00+01:00,5161,Holt-Winters,2599.891008292166,2511.3200448679568
2013-12-18 12:10:00+01:00,5161,Holt-Winters,2445.932020288153,2606.345302766683
2013-12-18 12:20:00+01:00,5161,Holt-Winters,2537.6950762035267,2567.104153639264
2013-12-18 12:30:00+01:00,5161,Holt-Winters,2588.7941060367298,2695.6796243280583
2013-12-18 12:40:00+01:00,5161,Holt-Winters,2524.9180159941398,2719.542205579621
2013-12-18 12:50:00+01:00,5161,Holt-Winters,2801.2404911584017,2733.032358925664
2013-12-18 13:00:00+01:00,5161,Holt-Winters,2847.331544108135,2831.524284953669
2013-12-18 13:10:00+01:00,5161,Holt-Winters,3144.238023041749,3007.6186839477205
2013-12-18 13:20:00+01:00,5161,Holt-Winters,3527.2244496763883,3142.7264880506414
2013-12-18 13:30:00+01:00,5161,Holt-Winters,3725.4207645288634,3416.341192398384
2013-12-18 13:40:00+01:00,5161,Holt-Winters,3822.5182078349007,3609.388627738243
2013-12-18 13:50:00+01:00,5161,Holt-Winters,3866.7158500755895,3831.222245612344
2013-12-18 14:00:00+01:00,5161,Holt-Winters,3877.370026805758,3807.7173834571
2013-12-18 14:10:00+01:00,5161,Holt-Winters,3581.297248901585,3812.855970317337
2013-12-18 14:20:00+01:00,5161,Holt-Winters,3756.336587606974,3739.547185895394
2013-12-18 14:30:00+01:00,5161,Holt-Winters,3436.1637969550616,3725.5611390018216
2013-12-18 14:40:00+01:00,5161,Holt-Winters,3591.041634336808,3507.6973660529916
2013-12-18 14:50:00+01:00,5161,Holt-Winters,3316.722194513904,3554.2173916731695
2013-12-18 15:00:00+01:00,5161,Holt-Winters,3167.5090616678713,3510.4612047046508
2013-12-18 15:10:00+01:00,5161,Holt-Winters,3138.9187678562535,3251.0097910568193
2013-12-18 15:20:00+01:00,5161,Holt-Winters,3047.2730093875666,3275.58574717229
2013-12-18 15:30:00+01:00,5161,Holt-Winters,3150.526410924985,3229.0110436286545
2013-12-18 15:40:00+01:00,5161,Holt-Winters,2938.9462944045526,3194.92157189417
2013-12-18 15:50:00+01:00,5161,Holt-Winters,3039.379008595899,3069.94943395602
2013-12-18 16:00:00+01:00,5161,Holt-Winters,3118.2081082170716,3039.0646418557776
2013-12-18 16:10:00+01:00,5161,Holt-Winters,3213.492216331038,3179.9965738638143
2013-12-18 16:20:00+01:00,5161,Holt-Winters,3012.903616167264,3147.407009862915
2013-12-18 16:30:00+01:00,5161,Holt-Winters,2953.887235994936,3122.1979416959675
2013-12-18 16:40:00+01:00,5161,Holt-Winters,2920.784697090147,2981.245509754418
2013-12-18 16:50:00+01:00,5161,Holt-Winters,2932.3621629515956,2967.99831253388
2013-12-18 17:00:00+01:00,5161,Holt-Winters,3075.2097358720193,3030.0231607026008
2013-12-18 17:10:00+01:00,5161,Holt-Winters,3023.2146461970497,3031.4903741367143
2013-12-18 17:20:00+01:00,5161,Holt-Winters,2955.8096825580797,2852.0989013350527
2013-12-18 17:30:00+01:00,5161,Holt-Winters,2909.4140309420695,2883.0371039257852
2013-12-18 17:40:00+01:00,5161,Holt-Winters,2701.297098109609,2886.5974640251
2013-12-18 17:50:00+01:00,5161,Holt-Winters,2824.2447358914164,2763.2396179702378
2013-12-18 18:00:00+01:00,5161,Holt-Winters,2610.159367569728,2817.153057313819
2013-12-18 18:10:00+01:00,5161,Holt-Winters,2438.946404722023,2538.1325740964335
2013-12-18 18:20:00+01:00,5161,Holt-Winters,2638.442059133726,2470.703882121744
2013-12-18 18:30:00+01:00,5161,Holt-Winters,2572.860467556091,2484.683352406127
2013-12-18 18:40:00+01:00,5161,Holt-Winters,2564.8270013137253,2422.260974357266
2013-12-18 18:50:00+01:00,5161,Holt-Winters,2356.0194800955564,2373.1661805778854
2013-12-18 19:00:00+01:00,5161,Holt-Winters,2361.877506626192,2301.077789599415
2013-12-18 19:10:00+01:00,5161,Holt-Winters,2249.489893491232,2237.6464641557404
2013-12-18 19:20:00+01:00,5161,Holt-Winters,2056.950612153902,2143.9887216090983
2013-12-18 19:30:00+01:00,5161,Holt-Winters,2078.265930617188,1947.8360157918714
2013-12-18 19:40:00+01:00,5161,Holt-Winters,2282.8702344669236,1935.2857522757008
2013-12-18 19:50:00+01:00,5161,Holt-Winters,2069.8320473197828,1933.9852875995691
2013-12-18 20:00:00+01:00,5161,Holt-Winters,1856.3399395959123,1835.0111595277067
2013-12-18 20:10:00+01:00,5161,Holt-Winters,1593.6848404836915,1658.9953583817257
2013-12-18 20:20:00+01:00,5161,Holt-Winters,1380.718501108397,1538.5344060471687
2013-12-18 20:30:00+01:00,5161,Holt-Winters,1368.4242757138204,1249.9212772348594
2013-12-18 20:40:00+01:00,5161,Holt-Winters,1136.792249422685,1171.1641311248525
2013-12-18 20:50:00+01:00,5161,Holt-Winters,1057.0448974885364,1112.871913603756
2013-12-18 21:00:00+01:00,5161,Holt-Winters,952.5083094111518,935.6275982815489
2013-12-18 21:10:00+01:00,5161,Holt-Winters,885.5503789645999,832.7628043373994
2013-12-18 21:20:00+01:00,5161,Holt-Winters,945.3039765700031,898.3588331282668
2013-12-18 21:30:00+01:00,5161,Holt-Winters,955.2644142785119,895.4498124307846
2013-12-18 21:40:00+01:00,5161,Holt-Winters,908.5028626962755,858.4505912877845
2013-12-18 21:50:00+01:00,5161,Holt-Winters,948.1961829441356,841.7679288431772
2013-12-18 22:00:00+01:00,5161,Holt-Winters,824.9544105694688,888.5317307345099
2013-12-18 22:10:00+01:00,5161,Holt-Winters,795.2902571378482,780.4693884289654
2013-12-18 22:20:00+01:00,5161,Holt-Winters,611.8898132580771,671.2650163723879
2013-12-18 22:30:00+01:00,5161,Holt-Winters,578.9331160593663,562.3884237152972
2013-12-18 22:40:00+01:00,5161,Holt-Winters,579.758380728512,511.0675334909607
2013-12-18 22:50:00+01:00,5161,Holt-Winters,505.07068586891967,475.8905399781145
2013-12-18 23:00:00+01:00,5161,Holt-Winters,457.7309837729682,457.7168691302966
2013-12-18 23:10:00+01:00,5161,Holt-Winters,554.7293924602143,406.4650106720599
2013-12-18 23:20:00+01:00,5161,Holt-Winters,463.8495192179038,476.0210103905954
2013-12-18 23:30:00+01:00,5161,Holt-Winters,405.31707405852785,441.608339488042
2013-12-18 23:40:00+01:00,5161,Holt-Winters,362.23329870761717,377.1703971762882
2013-12-18 23:50:00+01:00,5161,Holt-Winters,315.83979004875897,349.39114446406285
2013-12-19 00:00:00+01:00,5161,Holt-Winters,274.15971413353014,306.7547607954968
2013-12-19 00:10:00+01:00,5161,Holt-Winters,267.61262626934615,263.7379416516889
2013-12-19 00:20:00+01:00,5161,Holt-Winters,269.4348143521607,254.6093204033441
2013-12-19 00:30:00+01:00,5161,Holt-Winters,251.59936031068108,254.76398426595432
2013-12-19 00:40:00+01:00,5161,Holt-Winters,241.11077549617795,205.83009330193428
2013-12-19 00:50:00+01:00,5161,Holt-Winters,217.61387908115543,190.49984138688467
2013-12-19 01:00:00+01:00,5161,Holt-Winters,203.93836896901365,178.29950452062118
2013-12-19 01:10:00+01:00,5161,Holt-Winters,204.19021109794605,155.325715954587
2013-12-19 01:20:00+01:00,5161,Holt-Winters,169.83191805344853,169.88519946938925
2013-12-19 01:30:00+01:00,5161,Holt-Winters,162.96949533698893,153.814403881515
2013-12-19 01:40:00+01:00,5161,Holt-Winters,188.53651545443145,150.70991225688505
2013-12-19 01:50:00+01:00,5161,Holt-Winters,145.82473974649017,173.4278023114025
2013-12-19 02:00:00+01:00,5161,Holt-Winters,147.12279347960083,148.24406782738066
2013-12-19 02:10:00+01:00,5161,Holt-Winters,160.8532692142406,121.78696360695633
2013-12-19 02:20:00+01:00,5161,Holt-Winters,167.06289120360285,158.1544041137203
2013-12-19 02:30:00+01:00,5161,Holt-Winters,144.11838169526195,155.56781929623594
2013-12-19 02:40:00+01:00,5161,Holt-Winters,168.72064638973615,135.33791334601503
2013-12-19 02:50:00+01:00,5161,Holt-Winters,163.0735970957352,144.26771095365208
2013-12-19 03:00:00+01:00,5161,Holt-Winters,140.690203533808,158.26841171269578
2013-12-19 03:10:00+01:00,5161,Holt-Winters,169.99310076299008,137.8797106128875
2013-12-19 03:20:00+01:00,5161,Holt-Winters,146.30840908528077,159.02751611580172
2013-12-19 03:30:00+01:00,5161,Holt-Winters,139.73345358089506,159.23398815962653
2013-12-19 03:40:00+01:00,5161,Holt-Winters,157.5361068964527,134.20733732936338
2013-12-19 03:50:00+01:00,5161,Holt-Winters,149.20889286245782,156.46145603251335
2013-12-19 04:00:00+01:00,5161,Holt-Winters,137.03987324181455,159.0974927543074
2013-12-19 04:10:00+01:00,5161,Holt-Winters,161.42362473173466,126.96767227703818
2013-12-19 04:20:00+01:00,5161,Holt-Winters,149.15988373353292,154.412882661145
2013-12-19 04:30:00+01:00,5161,Holt-Winters,137.6941780938017,151.69974965156484
2013-12-19 04:40:00+01:00,5161,Holt-Winters,167.33061109865338,135.69538669010439
2013-12-19 04:50:00+01:00,5161,Holt-Winters,163.0625850532912,157.03037314538884
2013-12-19 05:00:00+01:00,5161,Holt-Winters,148.12736079806203,160.90180884516062
2013-12-19 05:10:00+01:00,5161,Holt-Winters,192.28413701945345,155.5663374404835
2013-12-19 05:20:00+01:00,5161,Holt-Winters,164.71341985199507,168.34612838080335
2013-12-19 05:30:00+01:00,5161,Holt-Winters,144.27452155604877,181.27534910844298
2013-12-19 05:40:00+01:00,5161,Holt-Winters,199.83220208558296,152.78918243816352
2013-12-19 05:50:00+01:00,5161,Holt-Winters,156.33419538909803,182.5570000846422
2013-12-19 06:00:00+01:00,5161,Holt-Winters,143.32223407904334,171.30794821834434
2013-12-19 06:10:00+01:00,5161,Holt-Winters,201.51145994190713,149.74777270878042
2013-12-19 06:20:00+01:00,5161,Holt-Winters,182.4923689474145,186.06733538320853
2013-12-19 06:30:00+01:00,5161,Holt-Winters,133.89031098882396,189.00922183504724
2013-12-19 06:40:00+01:00,5161,Holt-Winters,189.73953941261328,174.6269161888138
2013-12-19 06:50:00+01:00,5161,Holt-Winters,187.9349339469853,195.16133559049067
2013-12-19 07:00:00+01:00,5161,Holt-Winters,209.46092881455084,215.52104171172272
2013-12-19 07:10:00+01:00,5161,Holt-Winters,197.4262665671401,218.25591487226927
2013-12-19 07:20:00+01:00,5161,Holt-Winters,212.63688567675612,231.582005792534
2013-12-19 07:30:00+01:00,5161,Holt-Winters,216.06083141924427,237.69488774701787
2013-12-19 07:40:00+01:00,5161,Holt-Winters,261.4317023752601,236.03235897631512
2013-12-19 07:50:00+01:00,5161,Holt-Winters,296.27100234562073,278.78373543399056
2013-12-19 08:00:00+01:00,5161,Holt-Winters,342.76181921731956,332.1123429774271
2013-12-19 08:10:00+01:00,5161,Holt-Winters,346.69257314533564,362.80084669330563
2013-12-19 08:20:00+01:00,5161,Holt-Winters,422.22979830298686,399.65603768315214
2013-12-19 08:30:00+01:00,5161,Holt-Winters,488.46075498877724,494.5375433597244
2013-12-19 08:40:00+01:00,5161,Holt-Winters,604.7331293745741,524.9964538691074
2013-12-19 08:50:00+01:00,5161,Holt-Winters,607.3706342493139,656.4674692346973
2013-12-19 09:00:00+01:00,5161,Holt-Winters,717.0960681246434,707.5292258615649
2013-12-19 09:10:00+01:00,5161,Holt-Winters,744.4125955030348,754.3307208454353
2013-12-19 09:20:00+01:00,5161,Holt-Winters,885.8691646569248,826.8371819591401
2013-12-19 09:30:00+01:00,5161,Holt-Winters,956.9749876230774,887.2182178322431
2013-12-19 09:40:00+01:00,5161,Holt-Winters,974.4222874115707,1008.1778535071566
2013-12-19 09:50:00+01:00,5161,Holt-Winters,1099.8968903830028,1050.8186422497515
2013-12-19 10:00:00+01:00,5161,Holt-Winters,1223.0265098359564,1159.4802002282872
2013-12-19 10:10:00+01:00,5161,Holt-Winters,1343.7740895969177,1285.0813073242505
2013-12-19 10:20:00+01:00,5161,Holt-Winters,1372.3714407262266,1457.4381786102733
2013-12-19 10:30:00+01:00,5161,Holt-Winters,1541.0252950144397,1528.8695376740284
2013-12-19 10:40:00+01:00,5161,Holt-Winters,1538.6102731116111,1642.3718323154744
2013-12-19 10:50:00+01:00,5161,Holt-Winters,1767.8144305583837,1729.736121195002
2013-12-19 11:00:00+01:00,5161,Holt-Winters,1720.500174003359,1895.0384714937666
2013-12-19 11:10:00+01:00,5161,Holt-Winters,1655.2977562718884,1918.0991826755378
2013-12-19 11:20:00+01:00,5161,Holt-Winters,1764.8961707210094,1928.8878183808872
2013-12-19 11:30:00+01:00,5161,Holt-Winters,1819.6340785186499,1971.5939914267885
2013-12-19 11:40:00+01:00,5161,Holt-Winters,2052.6956170451535,2044.6696477031378
2013-12-19 11:50:00+01:00,5161,Holt-Winters,2101.996980461677,2152.5449553317408
2013-12-19 12:00:00+01:00,5161,Holt-Winters,2135.135202435923,2197.3731874730192
2013-12-19 12:10:00+01:00,5161,Holt-Winters,2269.4614446858836,2219.7167544888803
2013-12-19 12:20:00+01:00,5161,Holt-Winters,2298.4728828523553,2281.7602901392474
2013-12-19 12:30:00+01:00,5161,Holt-Winters,2442.7432280781572,2432.563891233844
2013-12-19 12:40:00+01:00,5161,Holt-Winters,2534.7805491728077,2512.8453501516697
2013-12-19 12:50:00+01:00,5161,Holt-Winters,2562.878688500337,2630.7053217418
2013-12-19 13:00:00+01:00,5161,Holt-Winters,2649.3839015617605,2663.635907581456
2013-12-19 13:10:00+01:00,5161,Holt-Winters,3079.733514443519,2825.243379626905
2013-12-19 13:20:00+01:00,5161,Holt-Winters,2879.35255560068,3017.158480818198
2013-12-19 13:30:00+01:00,5161,Holt-Winters,3051.9825326139958,3039.0511883097583
2013-12-19 13:40:00+01:00,5161,Holt-Winters,3203.6880296283844,3089.371324175754
2013-12-19 13:50:00+01:00,5161,Holt-Winters,3184.920364559773,3263.582523861804
2013-12-19 14:00:00+01:00,5161,Holt-Winters,3255.8199028504423,3185.060807473842
2013-12-19 14:10:00+01:00,5161,Holt-Winters,3134.4021135381454,3190.7326438865234
2013-12-19 14:20:00+01:00,5161,Holt-Winters,3258.1519848721173,3201.874293918675
2013-12-19 14:30:00+01:00,5161,Holt-Winters,3144.5691178525626,3206.9194494932144
2013-12-19 14:40:00+01:00,5161,Holt-Winters,3201.752331425179,3098.479956698752
2013-12-19 14:50:00+01:00,5161,Holt-Winters,2828.0122826513634,3154.6042431212272
2013-12-19 15:00:00+01:00,5161,Holt-Winters,3105.1985250868565,3067.908273893924
2013-12-19 15:10:00+01:00,5161,Holt-Winters,2825.0268339070653,2991.7129630167806
2013-12-19 15:20:00+01:00,5161,Holt-Winters,2680.860336062098,2989.9770546713426
2013-12-19 15:30:00+01:00,5161,Holt-Winters,2901.1643579075926,2904.4592378952743
2013-12-19 15:40:00+01:00,5161,Holt-Winters,2752.326020835195,2906.607127539015
2013-12-19 15:50:00+01:00,5161,Holt-Winters,2739.1607345507186,2830.6460354377036
2013-12-19 16:00:00+01:00,5161,Holt-Winters,2807.926953434118,2770.403594481845
2013-12-19 16:10:00+01:00,5161,Holt-Winters,2584.6474008854693,2891.2769038943516
2013-12-19 16:20:00+01:00,5161,Holt-Winters,2495.299646205601,2694.7655637839484
2013-12-19 16:30:00+01:00,5161,Holt-Winters,2745.7068867091157,2638.2481009362687
2013-12-19 16:40:00+01:00,5161,Holt-Winters,2450.8028465302978,2630.2015286186393
2013-12-19 16:50:00+01:00,5161,Holt-Winters,2718.514610508947,2559.632762963686
2013-12-19 17:00:00+01:00,5161,Holt-Winters,2651.8242539923936,2715.404680405327
2013-12-19 17:10:00+01:00,5161,Holt-Winters,2449.5355814077093,2664.4521291774454
2013-12-19 17:20:00+01:00,5161,Holt-Winters,2364.176910891732,2385.4710475103348
2013-12-19 17:30:00+01:00,5161,Holt-Winters,2622.1045934692197,2356.163695111773
2013-12-19 17:40:00+01:00,5161,Holt-Winters,2355.841113979691,2475.180828097197
2013-12-19 17:50:00+01:00,5161,Holt-Winters,2382.0018107642663,2383.612419959167
2013-12-19 18:00:00+01:00,5161,Holt-Winters,2420.424755823487,2407.348492713494
2013-12-19 18:10:00+01:00,5161,Holt-Winters,2299.2362821535503,2234.3897283075166
2013-12-19 18:20:00+01:00,5161,Holt-Winters,2240.367438013967,2246.015865674349
2013-12-19 18:30:00+01:00,5161,Holt-Winters,2492.7871933938986,2176.432445741646
2013-12-19 18:40:00+01:00,5161,Holt-Winters,2202.0071146875607,2223.979246054708
2013-12-19 18:50:00+01:00,5161,Holt-Winters,2133.3736147695986,2095.5860307709786
2013-12-19 19:00:00+01:00,5161,Holt-Winters,2326.3214458188877,2049.9729698326228
2013-12-19 19:10:00+01:00,5161,Holt-Winters,1970.2567844627372,2090.4243942437975
2013-12-19 19:20:00+01:00,5161,Holt-Winters,1808.8307854157467,1933.144528235053
2013-12-19 19:30:00+01:00,5161,Holt-Winters,1778.7731701989119,1719.0269994462744
2013-12-19 19:40:00+01:00,5161,Holt-Winters,1635.787719109659,1672.4110250452343
2013-12-19 19:50:00+01:00,5161,Holt-Winters,1787.263753204616,1485.9433539378076
2013-12-19 20:00:00+01:00,5161,Holt-Winters,1440.8886721880199,1466.7184983162736
2013-12-19 20:10:00+01:00,5161,Holt-Winters,1445.5644674539708,1267.9748201244736
2013-12-19 20:20:00+01:00,5161,Holt-Winters,1165.5590391534608,1264.5785042361683
2013-12-19 20:30:00+01:00,5161,Holt-Winters,983.6175479920738,1004.3020537856733
2013-12-19 20:40:00+01:00,5161,Holt-Winters,1067.5725188758042,858.4641192774147
2013-12-19 20:50:00+01:00,5161,Holt-Winters,1064.618223935173,917.5161225211797
2013-12-19 21:00:00+01:00,5161,Holt-Winters,953.1277380167766,838.0725779216406
2013-12-19 21:10:00+01:00,5161,Holt-Winters,991.1119054543545,782.5225157962019
2013-12-19 21:20:00+01:00,5161,Holt-Winters,837.1151397881081,923.2065249397368
2013-12-19 21:30:00+01:00,5161,Holt-Winters,743.8278799292221,856.1811507631817
2013-12-19 21:40:00+01:00,5161,Holt-Winters,719.1316889898058,736.2064017759468
2013-12-19 21:50:00+01:00,5161,Holt-Winters,640.9126234522488,687.172192789093
2013-12-19 22:00:00+01:00,5161,Holt-Winters,713.2597044109507,660.348788497291
2013-12-19 22:10:00+01:00,5161,Holt-Winters,645.8009501561384,608.4274249104906
2013-12-19 22:20:00+01:00,5161,Holt-Winters,572.8273669647257,510.09220370813546
2013-12-19 22:30:00+01:00,5161,Holt-Winters,602.1082651205094,460.06615004568783
2013-12-19 22:40:00+01:00,5161,Holt-Winters,612.7761073387327,469.2281753152759
2013-12-19 22:50:00+01:00,5161,Holt-Winters,511.6283892034663,470.1282153757893
2013-12-19 23:00:00+01:00,5161,Holt-Winters,441.1131532476022,457.89212629160085
2013-12-19 23:10:00+01:00,5161,Holt-Winters,420.68939333691895,398.5469151466396
2013-12-19 23:20:00+01:00,5161,Holt-Winters,422.76393097167903,407.3190336407049
2013-12-19 23:30:00+01:00,5161,Holt-Winters,424.813802766231,386.215956319991
2013-12-19 23:40:00+01:00,5161,Holt-Winters,384.16811179285196,357.8704828927507
2013-12-19 23:50:00+01:00,5161,Holt-Winters,292.08993344227594,349.9641206080142
2013-12-20 00:00:00+01:00,5161,Holt-Winters,320.8548608702784,295.6054576622588
2013-12-20 00:10:00+01:00,5161,Holt-Winters,295.0888240231719,280.46650961055275
2013-12-20 00:20:00+01:00,5161,Holt-Winters,295.930735817044,276.51765995037294
2013-12-20 00:30:00+01:00,5161,Holt-Winters,256.0935387514627,278.88328817720253
2013-12-20 00:40:00+01:00,5161,Holt-Winters,206.02028699020244,220.49115672059088
2013-12-20 00:50:00+01:00,5161,Holt-Winters,217.9249505451503,181.18336928909477
2013-12-20 01:00:00+01:00,5161,Holt-Winters,242.26109047807194,173.62298351498077
2013-12-20 01:10:00+01:00,5161,Holt-Winters,174.30727529920304,171.37248547339803
2013-12-20 01:20:00+01:00,5161,Holt-Winters,178.3624895996379,163.796355164939
2013-12-20 01:30:00+01:00,5161,Holt-Winters,175.14631321298384,154.77132094988448
2013-12-20 01:40:00+01:00,5161,Holt-Winters,152.33877903626714,157.0742097927703
2013-12-20 01:50:00+01:00,5161,Holt-Winters,180.4087312079657,159.27952001196098
2013-12-20 02:00:00+01:00,5161,Holt-Winters,171.04825715394256,157.58208454168056
2013-12-20 02:10:00+01:00,5161,Holt-Winters,161.85027633466174,138.15533443178836
2013-12-20 02:20:00+01:00,5161,Holt-Winters,185.78027659485545,167.11461569726725
2013-12-20 02:30:00+01:00,5161,Holt-Winters,189.96631002664574,169.23045668287804
2013-12-20 02:40:00+01:00,5161,Holt-Winters,159.52863581588178,164.51210618933467
2013-12-20 02:50:00+01:00,5161,Holt-Winters,174.6532072077503,154.95148551896327
2013-12-20 03:00:00+01:00,5161,Holt-Winters,173.67646954474253,169.38393016954487
2013-12-20 03:10:00+01:00,5161,Holt-Winters,210.40674521528015,159.53573697276124
2013-12-20 03:20:00+01:00,5161,Holt-Winters,215.7389642710228,189.7236917095364
2013-12-20 03:30:00+01:00,5161,Holt-Winters,178.25207816386845,208.59802287425555
2013-12-20 03:40:00+01:00,5161,Holt-Winters,188.90145295184752,178.3444756646362
2013-12-20 03:50:00+01:00,5161,Holt-Winters,167.10315362723503,194.44328682153386
2013-12-20 04:00:00+01:00,5161,Holt-Winters,169.19827912810726,187.39820998881913
2013-12-20 04:10:00+01:00,5161,Holt-Winters,178.67270202915898,157.1275851161333
2013-12-20 04:20:00+01:00,5161,Holt-Winters,154.4512476431332,178.3504766826007
2013-12-20 04:30:00+01:00,5161,Holt-Winters,164.45603344192114,166.65087737279094
2013-12-20 04:40:00+01:00,5161,Holt-Winters,150.4502013784426,156.3386411931831
2013-12-20 04:50:00+01:00,5161,Holt-Winters,157.78348111259098,159.589267325716
2013-12-20 05:00:00+01:00,5161,Holt-Winters,150.8773208692979,159.68321526772928
2013-12-20 05:10:00+01:00,5161,Holt-Winters,154.23660128905453,156.26037035164904
2013-12-20 05:20:00+01:00,5161,Holt-Winters,181.1986822665034,150.3688374411434
2013-12-20 05:30:00+01:00,5161,Holt-Winters,191.88644164475403,179.90712994786628
2013-12-20 05:40:00+01:00,5161,Holt-Winters,183.4331477599359,175.02671994281164
2013-12-20 05:50:00+01:00,5161,Holt-Winters,154.4609675948949,186.17380683804151
2013-12-20 06:00:00+01:00,5161,Holt-Winters,191.37867000837028,172.27885764273
2013-12-20 06:10:00+01:00,5161,Holt-Winters,142.15965745180588,173.41133875206157
2013-12-20 06:20:00+01:00,5161,Holt-Winters,163.77123826219886,169.72201988575995
2013-12-20 06:30:00+01:00,5161,Holt-Winters,186.41087200627024,171.51889294924254
2013-12-20 06:40:00+01:00,5161,Holt-Winters,174.15650488207154,190.87801916298895
2013-12-20 06:50:00+01:00,5161,Holt-Winters,208.7821609085626,196.07011992079518
2013-12-20 07:00:00+01:00,5161,Holt-Winters,232.60472252868115,226.03906832371902
2013-12-20 07:10:00+01:00,5161,Holt-Winters,239.04326388395523,234.85887285630395
2013-12-20 07:20:00+01:00,5161,Holt-Winters,270.3587549846594,260.2403669410792
2013-12-20 07:30:00+01:00,5161,Holt-Winters,315.4996875703942,280.3602752528359
2013-12-20 07:40:00+01:00,5161,Holt-Winters,319.7182355636193,306.0594630150667
2013-12-20 07:50:00+01:00,5161,Holt-Winters,377.8523219965641,343.15252443213586
2013-12-20 08:00:00+01:00,5161,Holt-Winters,352.55076036185295,404.77663330346286
2013-12-20 08:10:00+01:00,5161,Holt-Winters,383.3799070414188,405.1626467494439
2013-12-20 08:20:00+01:00,5161,Holt-Winters,457.79138152961445,439.28305442849603
2013-12-20 08:30:00+01:00,5161,Holt-Winters,519.1234567663073,532.2052428011085
2013-12-20 08:40:00+01:00,5161,Holt-Winters,592.0156234283002,559.2881263569581
2013-12-20 08:50:00+01:00,5161,Holt-Winters,682.5120157015942,668.1032807112026
2013-12-20 09:00:00+01:00,5161,Holt-Winters,815.2566292754293,749.771259670452
2013-12-20 09:10:00+01:00,5161,Holt-Winters,893.1666128774606,823.522436091374
2013-12-20 09:20:00+01:00,5161,Holt-Winters,951.8005583399395,934.3735890037591
2013-12-20 09:30:00+01:00,5161,Holt-Winters,889.665675614137,974.7032767892415
2013-12-20 09:40:00+01:00,5161,Holt-Winters,1044.0207602265416,1021.0604652238272
2013-12-20 09:50:00+01:00,5161,Holt-Winters,1141.5234197001528,1091.0352068025154
2013-12-20 10:00:00+01:00,5161,Holt-Winters,1331.0219964449902,1200.3762909246018
2013-12-20 10:10:00+01:00,5161,Holt-Winters,1221.1820332134453,1358.3156485150741
2013-12-20 10:20:00+01:00,5161,Holt-Winters,1363.394858811753,1436.2948728483238
2013-12-20 10:30:00+01:00,5161,Holt-Winters,1549.3874315385597,1513.589929462933
2013-12-20 10:40:00+01:00,5161,Holt-Winters,1544.8606875603273,1638.4862560919264
2013-12-20 10:50:00+01:00,5161,Holt-Winters,1697.7923816756988,1730.7355398497396
2013-12-20 11:00:00+01:00,5161,Holt-Winters,1738.712584381243,1861.809414966696
2013-12-20 11:10:00+01:00,5161,Holt-Winters,1758.3699015189936,1909.6621085493414
2013-12-20 11:20:00+01:00,5161,Holt-Winters,1717.3818826052745,1974.192108383089
2013-12-20 11:30:00+01:00,5161,Holt-Winters,2046.7504347800004,1972.1647873506477
2013-12-20 11:40:00+01:00,5161,Holt-Winters,1989.8289110019257,2154.4230521879185
2013-12-20 11:50:00+01:00,5161,Holt-Winters,2381.054740755782,2179.104877986882
2013-12-20 12:00:00+01:00,5161,Holt-Winters,2271.234629529279,2345.6233014007007
2013-12-20 12:10:00+01:00,5161,Holt-Winters,2400.4789142208974,2362.11089983169
2013-12-20 12:20:00+01:00,5161,Holt-Winters,2226.841008112969,2418.6714980120105
2013-12-20 12:30:00+01:00,5161,Holt-Winters,2358.4517378261557,2468.968703293729
2013-12-20 12:40:00+01:00,5161,Holt-Winters,2492.564143740062,2491.0811249969747
2013-12-20 12:50:00+01:00,5161,Holt-Winters,2654.988314825337,2599.084260769227
2013-12-20 13:00:00+01:00,5161,Holt-Winters,2834.7442128128732,2691.6462919484416
2013-12-20 13:10:00+01:00,5161,Holt-Winters,2796.3366893389975,2929.0878498549687
2013-12-20 13:20:00+01:00,5161,Holt-Winters,3057.389463717066,2934.3737595320413
2013-12-20 13:30:00+01:00,5161,Holt-Winters,3188.3403287128986,3081.9682721035874
2013-12-20 13:40:00+01:00,5161,Holt-Winters,3221.6808742543085,3177.321736806662
2013-12-20 13:50:00+01:00,5161,Holt-Winters,3524.606273250652,3317.8172028805266
2013-12-20 14:00:00+01:00,5161,Holt-Winters,3223.604677930405,3376.8674160686696
2013-12-20 14:10:00+01:00,5161,Holt-Winters,3420.8806611306845,3274.572942652477
2013-12-20 14:20:00+01:00,5161,Holt-Winters,3430.3382613975123,3383.375180551123
2013-12-20 14:30:00+01:00,5161,Holt-Winters,3298.109749673952,3383.9312018972055
2013-12-20 14:40:00+01:00,5161,Holt-Winters,3026.864699942121,3264.179908654132
2013-12-20 14:50:00+01:00,5161,Holt-Winters,3372.5327205685285,3156.159549081904
2013-12-20 15:00:00+01:00,5161,Holt-Winters,3101.1761112674367,3331.143170380762
2013-12-20 15:10:00+01:00,5161,Holt-Winters,3045.330459174396,3126.144407108688
2013-12-20 15:20:00+01:00,5161,Holt-Winters,3055.9317954110975,3165.7942082407676
2013-12-20 15:30:00+01:00,5161,Holt-Winters,2986.764935956224,3176.306103278959
2013-12-20 15:40:00+01:00,5161,Holt-Winters,3136.2237396105165,3088.6934367867307
2013-12-20 15:50:00+01:00,5161,Holt-Winters,3131.0836766029715,3109.9944410900252
2013-12-20 16:00:00+01:00,5161,Holt-Winters,3260.1056479460967,3104.0067889871034
2013-12-20 16:10:00+01:00,5161,Holt-Winters,3274.444813113249,3282.0270245316547
2013-12-20 16:20:00+01:00,5161,Holt-Winters,3278.2549995689146,3229.640174569221
2013-12-20 16:30:00+01:00,5161,Holt-Winters,3278.9110789634487,3292.684103999766
2013-12-20 16:40:00+01:00,5161,Holt-Winters,3529.724724717096,3226.2104085684014
2013-12-20 16:50:00+01:00,5161,Holt-Winters,3394.1941948771764,3388.3793790975005
2013-12-20 17:00:00+01:00,5161,Holt-Winters,3234.2071748373237,3470.3813326168847
2013-12-20 17:10:00+01:00,5161,Holt-Winters,3389.9430555221684,3336.248012876927
2013-12-20 17:20:00+01:00,5161,Holt-Winters,3076.8204748194617,3186.723072780258
2013-12-20 17:30:00+01:00,5161,Holt-Winters,3169.025651437151,3114.711273048904
2013-12-20 17:40:00+01:00,5161,Holt-Winters,3152.813292928823,3131.735961527864
2013-12-20 17:50:00+01:00,5161,Holt-Winters,2945.2570829354527,3107.840913632624
2013-12-20 18:00:00+01:00,5161,Holt-Winters,2751.240705762398,3053.996670066074
2013-12-20 18:10:00+01:00,5161,Holt-Winters,2526.086363808874,2728.823991579151
2013-12-20 18:20:00+01:00,5161,Holt-Winters,2513.1202697284134,2611.489142401003
2013-12-20 18:30:00+01:00,5161,Holt-Winters,2452.488978619407,2497.21952319659
2013-12-20 18:40:00+01:00,5161,Holt-Winters,2226.2948976824414,2370.742899436096
2013-12-20 18:50:00+01:00,5161,Holt-Winters,2231.854043691212,2183.322992149896
2013-12-20 19:00:00+01:00,5161,Holt-Winters,2045.1723911260908,2142.8876968210443
2013-12-20 19:10:00+01:00,5161,Holt-Winters,1932.1817819671628,2003.060772844918
2013-12-20 19:20:00+01:00,5161,Holt-Winters,1809.0938692333532,1869.5353338759755
2013-12-20 19:30:00+01:00,5161,Holt-Winters,1682.2748232455915,1686.200760779068
2013-12-20 19:40:00+01:00,5161,Holt-Winters,1658.5393864433913,1608.8983016599213
2013-12-20 19:50:00+01:00,5161,Holt-Winters,1627.131812896983,1464.005363646327
2013-12-20 20:00:00+01:00,5161,Holt-Winters,1571.7871199941262,1378.1785586084216
2013-12-20 20:10:00+01:00,5161,Holt-Winters,1417.9407513716644,1285.1922191677502
2013-12-20 20:20:00+01:00,5161,Holt-Winters,1296.3013396407566,1260.184930577538
2013-12-20 20:30:00+01:00,5161,Holt-Winters,1142.2091077956493,1065.0366037037418
2013-12-20 20:40:00+01:00,5161,Holt-Winters,1166.7402506036506,966.3604126847615
2013-12-20 20:50:00+01:00,5161,Holt-Winters,1058.7000256435679,1021.2057250901228
2013-12-20 21:00:00+01:00,5161,Holt-Winters,881.5584106411061,888.9371964178314
2013-12-20 21:10:00+01:00,5161,Holt-Winters,897.3151194870408,774.3806476202094
2013-12-20 21:20:00+01:00,5161,Holt-Winters,777.0236581361161,873.7836563919171
2013-12-20 21:30:00+01:00,5161,Holt-Winters,764.1147387323558,801.6165923640779
2013-12-20 21:40:00+01:00,5161,Holt-Winters,716.7286343989678,717.7161454838779
2013-12-20 21:50:00+01:00,5161,Holt-Winters,641.4411633097075,676.4350906244739
2013-12-20 22:00:00+01:00,5161,Holt-Winters,796.3833848117757,655.0411115716906
2013-12-20 22:10:00+01:00,5161,Holt-Winters,612.7666021978904,645.7388408379946
2013-12-20 22:20:00+01:00,5161,Holt-Winters,640.7963391743687,513.5007967738047
2013-12-20 22:30:00+01:00,5161,Holt-Winters,594.8789978391299,494.5893259534145
2013-12-20 22:40:00+01:00,5161,Holt-Winters,603.3621102896907,483.62894999656845
2013-12-20 22:50:00+01:00,5161,Holt-Winters,514.1576935703727,473.0515684915157
2013-12-20 23:00:00+01:00,5161,Holt-Winters,460.330469444625,460.6255693943823
2013-12-20 23:10:00+01:00,5161,Holt-Winters,372.4422441896763,409.22468636132623
2013-12-20 23:20:00+01:00,5161,Holt-Winters,336.6106990216673,389.59820589465386
2013-12-20 23:30:00+01:00,5161,Holt-Winters,280.37223634351284,335.51444076018146
2013-12-20 23:40:00+01:00,5161,Holt-Winters,322.4158153523704,261.99137363126454
2013-12-20 23:50:00+01:00,5161,Holt-Winters,283.09523696169595,270.5322744935822
2013-12-21 00:00:00+01:00,5161,Holt-Winters,408.79402833506043,250.1204773577909
2013-12-21 00:10:00+01:00,5161,Holt-Winters,251.3852793634796,299.2846940944958
2013-12-21 00:20:00+01:00,5161,Holt-Winters,240.89424085063004,265.2037797429038
2013-12-21 00:30:00+01:00,5161,Holt-Winters,218.96946807047425,246.49749146263306
2013-12-21 00:40:00+01:00,5161,Holt-Winters,215.77421086978106,185.82177029029603
2013-12-21 00:50:00+01:00,5161,Holt-Winters,185.7218044804621,167.92359641872892
2013-12-21 01:00:00+01:00,5161,Holt-Winters,219.384309088298,151.23353757921493
2013-12-21 01:10:00+01:00,5161,Holt-Winters,211.2913277228449,148.74817041888375
2013-12-21 01:20:00+01:00,5161,Holt-Winters,178.29423170755484,169.90002331886913
2013-12-21 01:30:00+01:00,5161,Holt-Winters,155.89793725996577,157.90045725006786
2013-12-21 01:40:00+01:00,5161,Holt-Winters,151.62740792268534,149.41860523434346
2013-12-21 01:50:00+01:00,5161,Holt-Winters,149.15113078382652,154.97065736643987
2013-12-21 02:00:00+01:00,5161,Holt-Winters,150.27457309929034,140.28539956271553
2013-12-21 02:10:00+01:00,5161,Holt-Winters,152.64250469395122,119.18292546828822
2013-12-21 02:20:00+01:00,5161,Holt-Winters,146.28990190594385,152.84822954421293
2013-12-21 02:30:00+01:00,5161,Holt-Winters,124.0085975070541,142.80748329609926
2013-12-21 02:40:00+01:00,5161,Holt-Winters,140.75583912090602,119.03554401950636
2013-12-21 02:50:00+01:00,5161,Holt-Winters,125.73199348243067,122.34468238833236
2013-12-21 03:00:00+01:00,5161,Holt-Winters,123.5893081080935,128.91447061250494
2013-12-21 03:10:00+01:00,5161,Holt-Winters,146.92788417205597,114.43106947780095
2013-12-21 03:20:00+01:00,5161,Holt-Winters,124.38357141287877,135.76366470625408
2013-12-21 03:30:00+01:00,5161,Holt-Winters,133.63641824487547,136.6154683668304
2013-12-21 03:40:00+01:00,5161,Holt-Winters,151.0684975065832,119.55127227459994
2013-12-21 03:50:00+01:00,5161,Holt-Winters,124.37742687108396,145.75178016430777
2013-12-21 04:00:00+01:00,5161,Holt-Winters,127.79239741942702,141.58188398280242
2013-12-21 04:10:00+01:00,5161,Holt-Winters,139.45918071108613,113.43685279899087
2013-12-21 04:20:00+01:00,5161,Holt-Winters,113.93145975962479,136.8175159643711
2013-12-21 04:30:00+01:00,5161,Holt-Winters,122.52346714731334,125.606210721561
2013-12-21 04:40:00+01:00,5161,Holt-Winters,140.00160070819962,114.86605532314358
2013-12-21 04:50:00+01:00,5161,Holt-Winters,114.01265830259102,133.06855085900108
2013-12-21 05:00:00+01:00,5161,Holt-Winters,134.51646904289706,124.84888803897893
2013-12-21 05:10:00+01:00,5161,Holt-Winters,143.63505929629918,130.32925107192995
2013-12-21 05:20:00+01:00,5161,Holt-Winters,108.21251555999137,131.82573862774248
2013-12-21 05:30:00+01:00,5161,Holt-Winters,125.43552749159909,135.12544070800152
2013-12-21 05:40:00+01:00,5161,Holt-Winters,124.96248377447156,119.8016457255418
2013-12-21 05:50:00+01:00,5161,Holt-Winters,126.73486948731588,129.38453530574947
2013-12-21 06:00:00+01:00,5161,Holt-Winters,122.21121178304308,129.49645114386175
2013-12-21 06:10:00+01:00,5161,Holt-Winters,121.18921194734095,117.91277586408496
2013-12-21 06:20:00+01:00,5161,Holt-Winters,108.15402782149579,130.86412706438443
2013-12-21 06:30:00+01:00,5161,Holt-Winters,142.08627214890706,124.58392277241938
2013-12-21 06:40:00+01:00,5161,Holt-Winters,152.99304643296284,145.20110515978493
2013-12-21 06:50:00+01:00,5161,Holt-Winters,118.65697548662527,162.20735499317288
2013-12-21 07:00:00+01:00,5161,Holt-Winters,147.33125052069272,165.0608842090266
2013-12-21 07:10:00+01:00,5161,Holt-Winters,190.51249076320627,162.17168458378626
2013-12-21 07:20:00+01:00,5161,Holt-Winters,157.04752999065758,199.19525373647093
2013-12-21 07:30:00+01:00,5161,Holt-Winters,164.99595827680673,194.1257457736312
2013-12-21 07:40:00+01:00,5161,Holt-Winters,186.32490705835326,188.85068325523892
2013-12-21 07:50:00+01:00,5161,Holt-Winters,186.6871942685496,218.14367457702173
2013-12-21 08:00:00+01:00,5161,Holt-Winters,205.5593693826721,247.88406442916374
2013-12-21 08:10:00+01:00,5161,Holt-Winters,196.1885981959485,253.04190579710615
2013-12-21 08:20:00+01:00,5161,Holt-Winters,191.43242554678886,270.260211838939
2013-12-21 08:30:00+01:00,5161,Holt-Winters,309.6654694035888,316.2717004316628
2013-12-21 08:40:00+01:00,5161,Holt-Winters,279.31417103308496,346.4754484461273
2013-12-21 08:50:00+01:00,5161,Holt-Winters,268.88685877728386,407.1496595485528
2013-12-21 09:00:00+01:00,5161,Holt-Winters,373.03028041005814,415.23828209654556
2013-12-21 09:10:00+01:00,5161,Holt-Winters,390.93958202097235,437.0871251201351
2013-12-21 09:20:00+01:00,5161,Holt-Winters,502.5740759657853,492.1329821441643
2013-12-21 09:30:00+01:00,5161,Holt-Winters,582.1602023010976,529.0958588095124
2013-12-21 09:40:00+01:00,5161,Holt-Winters,601.1610928559709,642.0106550982649
2013-12-21 09:50:00+01:00,5161,Holt-Winters,754.6819569557177,681.2325244708893
2013-12-21 10:00:00+01:00,5161,Holt-Winters,991.0583984087249,801.6396645621809
2013-12-21 10:10:00+01:00,5161,Holt-Winters,1191.5288993278507,987.9044174334746
2013-12-21 10:20:00+01:00,5161,Holt-Winters,1183.197351601158,1230.1104660959713
2013-12-21 10:30:00+01:00,5161,Holt-Winters,1464.592219430088,1319.929791454373
2013-12-21 10:40:00+01:00,5161,Holt-Winters,1627.2996510372031,1497.293076927565
2013-12-21 10:50:00+01:00,5161,Holt-Winters,1823.7963255160346,1697.3208607595534
2013-12-21 11:00:00+01:00,5161,Holt-Winters,1806.9460479528143,1905.2258204442876
2013-12-21 11:10:00+01:00,5161,Holt-Winters,2013.1069492877007,1965.0389829739831
2013-12-21 11:20:00+01:00,5161,Holt-Winters,2429.833733579505,2125.6497170160555
2013-12-21 11:30:00+01:00,5161,Holt-Winters,2454.531025786859,2393.9910347476225
2013-12-21 11:40:00+01:00,5161,Holt-Winters,2610.0925066717796,2569.480058990027
2013-12-21 11:50:00+01:00,5161,Holt-Winters,3039.9406525916265,2693.060272526502
2013-12-21 12:00:00+01:00,5161,Holt-Winters,3289.7625262860306,2929.4273035003725
2013-12-21 12:10:00+01:00,5161,Holt-Winters,3277.990797374002,3155.4281175146393
2013-12-21 12:20:00+01:00,5161,Holt-Winters,3280.968589605382,3252.5659540626034
2013-12-21 12:30:00+01:00,5161,Holt-Winters,3712.0480794312016,3409.0035184466633
2013-12-21 12:40:00+01:00,5161,Holt-Winters,3323.207979211927,3630.4300480547877
2013-12-21 12:50:00+01:00,5161,Holt-Winters,3579.2656451159773,3589.6541625632826
2013-12-21 13:00:00+01:00,5161,Holt-Winters,3672.262724219391,3650.2667886242875
2013-12-21 13:10:00+01:00,5161,Holt-Winters,3719.9592210341184,3829.343792249044
2013-12-21 13:20:00+01:00,5161,Holt-Winters,3381.267252710608,3845.8911239961812
2013-12-21 13:30:00+01:00,5161,Holt-Winters,3742.539503306832,3710.275399969264
2013-12-21 13:40:00+01:00,5161,Holt-Winters,3613.5343041575966,3769.912871645302
2013-12-21 13:50:00+01:00,5161,Holt-Winters,3626.544659109674,3813.663708388431
2013-12-21 14:00:00+01:00,5161,Holt-Winters,3952.7931212495537,3682.8716842247477
2013-12-21 14:10:00+01:00,5161,Holt-Winters,4221.103758177352,3784.528910754359
2013-12-21 14:20:00+01:00,5161,Holt-Winters,4256.291757440721,4033.224079110209
2013-12-21 14:30:00+01:00,5161,Holt-Winters,4343.981501853526,4118.652915020584
2013-12-21 14:40:00+01:00,5161,Holt-Winters,4247.047316841919,4148.858976348392
2013-12-21 14:50:00+01:00,5161,Holt-Winters,4482.816748523907,4202.533035457942
2013-12-21 15:00:00+01:00,5161,Holt-Winters,4332.15493913882,4408.318053322587
2013-12-21 15:10:00+01:00,5161,Holt-Winters,4579.6783638822135,4277.44440594046
2013-12-21 15:20:00+01:00,5161,Holt-Winters,4600.044053857118,4501.702413497072
2013-12-21 15:30:00+01:00,5161,Holt-Winters,4888.674485362086,4612.557310650799
2013-12-21 15:40:00+01:00,5161,Holt-Winters,4814.121333423062,4749.366576796262
2013-12-21 15:50:00+01:00,5161,Holt-Winters,5115.530077872614,4778.968828735787
2013-12-21 16:00:00+01:00,5161,Holt-Winters,4931.131627617077,4925.021487306399
2013-12-21 16:10:00+01:00,5161,Holt-Winters,5197.421780300487,5030.755338018083
2013-12-21 16:20:00+01:00,5161,Holt-Winters,5152.100810177666,5062.346838904551
2013-12-21 16:30:00+01:00,5161,Holt-Winters,5161.937927241287,5145.217593885815
2013-12-21 16:40:00+01:00,5161,Holt-Winters,5238.319086874514,5093.440034666693
2013-12-21 16:50:00+01:00,5161,Holt-Winters,5195.2694844972175,5179.155456951402
2013-12-21 17:00:00+01:00,5161,Holt-Winters,5096.810631920019,5266.121069017319
2013-12-21 17:10:00+01:00,5161,Holt-Winters,4723.405888823007,5164.212417160072
2013-12-21 17:20:00+01:00,5161,Holt-Winters,4707.659783618528,4776.364680638302
2013-12-21 17:30:00+01:00,5161,Holt-Winters,4619.044402270679,4724.207926614984
2013-12-21 17:40:00+01:00,5161,Holt-Winters,4474.986686322363,4664.372960893591
2013-12-21 17:50:00+01:00,5161,Holt-Winters,4293.82570614815,4539.045929635053
2013-12-21 18:00:00+01:00,5161,Holt-Winters,4229.7149582419415,4445.375450174024
2013-12-21 18:10:00+01:00,5161,Holt-Winters,3847.86343394863,4162.178040825944
2013-12-21 18:20:00+01:00,5161,Holt-Winters,3759.3159973760603,3991.0691710220744
2013-12-21 18:30:00+01:00,5161,Holt-Winters,3328.403921099786,3812.515591012346
2013-12-21 18:40:00+01:00,5161,Holt-Winters,3298.841322768742,3474.281220399151
2013-12-21 18:50:00+01:00,5161,Holt-Winters,3376.9341060250254,3271.924909013786
2013-12-21 19:00:00+01:00,5161,Holt-Winters,3115.285019527269,3258.7090005486757
2013-12-21 19:10:00+01:00,5161,Holt-Winters,2839.473807662675,3096.8529871541923
2013-12-21 19:20:00+01:00,5161,Holt-Winters,2628.2603909582826,2873.4446254759287
2013-12-21 19:30:00+01:00,5161,Holt-Winters,2649.719648210177,2601.0741096853035
2013-12-21 19:40:00+01:00,5161,Holt-Winters,2409.682414159707,2549.1082357695823
2013-12-21 19:50:00+01:00,5161,Holt-Winters,2318.0323085558994,2313.095357017282
2013-12-21 20:00:00+01:00,5161,Holt-Winters,2096.1625344200265,2151.0298387536022
2013-12-21 20:10:00+01:00,5161,Holt-Winters,1898.7650910446844,1938.291679223192
2013-12-21 20:20:00+01:00,5161,Holt-Winters,1636.9044185192909,1830.2571752442573
2013-12-21 20:30:00+01:00,5161,Holt-Winters,1420.662717306328,1524.517221380601
2013-12-21 20:40:00+01:00,5161,Holt-Winters,1195.5849223490814,1338.5958822240082
2013-12-21 20:50:00+01:00,5161,Holt-Winters,1291.733854235984,1227.9455521498103
2013-12-21 21:00:00+01:00,5161,Holt-Winters,1121.3543032920002,1108.349298637409
2013-12-21 21:10:00+01:00,5161,Holt-Winters,1123.299937440474,1003.6166254802314
2013-12-21 21:20:00+01:00,5161,Holt-Winters,1009.4167066744261,1101.452752433901
2013-12-21 21:30:00+01:00,5161,Holt-Winters,1009.5737335816184,1031.5623759540251
2013-12-21 21:40:00+01:00,5161,Holt-Winters,845.9598634600504,955.1384511028839
2013-12-21 21:50:00+01:00,5161,Holt-Winters,824.4452441923612,861.7151960431718
2013-12-21 22:00:00+01:00,5161,Holt-Winters,1049.9864373531293,839.2242972554628
2013-12-21 22:10:00+01:00,5161,Holt-Winters,899.4313977898921,863.3786174969828
2013-12-21 22:20:00+01:00,5161,Holt-Winters,778.8371637441145,764.4068692359252
2013-12-21 22:30:00+01:00,5161,Holt-Winters,784.36580353829,691.1005024731616
2013-12-21 22:40:00+01:00,5161,Holt-Winters,847.2651406560348,676.7547627574831
2013-12-21 22:50:00+01:00,5161,Holt-Winters,807.6160762664845,690.6492317065606
2013-12-21 23:00:00+01:00,5161,Holt-Winters,717.5034726855594,714.7839633865486
2013-12-21 23:10:00+01:00,5161,Holt-Winters,554.8813937001861,664.8359576514722
2013-12-21 23:20:00+01:00,5161,Holt-Winters,431.04717023434733,609.9445039143612
2013-12-21 23:30:00+01:00,5161,Holt-Winters,450.6121769880062,495.17906700593915
2013-12-21 23:40:00+01:00,5161,Holt-Winters,378.2580786536508,426.7527248390376
2013-12-21 23:50:00+01:00,5161,Holt-Winters,413.0445940637046,382.80056372304375
2013-12-22 00:00:00+01:00,5161,Holt-Winters,416.8296093782527,370.91007730987934
2013-12-22 00:10:00+01:00,5161,Holt-Winters,471.00954055518264,365.73300440991665
2013-12-22 00:20:00+01:00,5161,Holt-Winters,364.3126021276758,405.47454705354244
2013-12-22 00:30:00+01:00,5161,Holt-Winters,317.0771730456263,378.64631787743394
2013-12-22 00:40:00+01:00,5161,Holt-Winters,296.89960472115786,301.5646321318642
2013-12-22 00:50:00+01:00,5161,Holt-Winters,202.7472035232973,266.9827260727729
2013-12-22 01:00:00+01:00,5161,Holt-Winters,218.88101507982455,210.75688165099993
2013-12-22 01:10:00+01:00,5161,Holt-Winters,220.17167093383344,179.34194765660018
2013-12-22 01:20:00+01:00,5161,Holt-Winters,203.02659052435948,190.02910919683484
2013-12-22 01:30:00+01:00,5161,Holt-Winters,209.57048833729024,180.24806970887494
2013-12-22 01:40:00+01:00,5161,Holt-Winters,187.7339602812038,186.8631302359757
2013-12-22 01:50:00+01:00,5161,Holt-Winters,179.95673049985345,191.77035250188231
2013-12-22 02:00:00+01:00,5161,Holt-Winters,176.4017854183797,174.19626751090328
2013-12-22 02:10:00+01:00,5161,Holt-Winters,158.6114392386203,149.34249577701274
2013-12-22 02:20:00+01:00,5161,Holt-Winters,179.7534012548501,171.3492323156527
2013-12-22 02:30:00+01:00,5161,Holt-Winters,155.42877259099075,168.5195936455376
2013-12-22 02:40:00+01:00,5161,Holt-Winters,161.6168273398002,147.4986303607883
2013-12-22 02:50:00+01:00,5161,Holt-Winters,163.4289298904495,147.1439719096638
2013-12-22 03:00:00+01:00,5161,Holt-Winters,154.28815858915044,159.9297227388342
2013-12-22 03:10:00+01:00,5161,Holt-Winters,142.01356809290058,145.29383326168633
2013-12-22 03:20:00+01:00,5161,Holt-Winters,155.68127779351605,149.3838266032611
2013-12-22 03:30:00+01:00,5161,Holt-Winters,147.1571722435796,158.75524290510592
2013-12-22 03:40:00+01:00,5161,Holt-Winters,156.03911416114346,137.53714883160978
2013-12-22 03:50:00+01:00,5161,Holt-Winters,151.3917168856451,157.46501105511751
2013-12-22 04:00:00+01:00,5161,Holt-Winters,144.24456309247435,160.66939114010484
2013-12-22 04:10:00+01:00,5161,Holt-Winters,145.3460915261887,131.25426904269887
2013-12-22 04:20:00+01:00,5161,Holt-Winters,149.29714434083576,148.88507905622401
2013-12-22 04:30:00+01:00,5161,Holt-Winters,156.20475504467814,148.90219813118864
2013-12-22 04:40:00+01:00,5161,Holt-Winters,148.22444127633,143.16719134946018
2013-12-22 04:50:00+01:00,5161,Holt-Winters,137.2813747147883,151.6930431659889
2013-12-22 05:00:00+01:00,5161,Holt-Winters,175.68719091322677,145.71164315629457
2013-12-22 05:10:00+01:00,5161,Holt-Winters,188.8816134241458,160.97933895074132
2013-12-22 05:20:00+01:00,5161,Holt-Winters,153.52302096724787,169.51052742263926
2013-12-22 05:30:00+01:00,5161,Holt-Winters,166.2394470179146,176.48540914730808
2013-12-22 05:40:00+01:00,5161,Holt-Winters,139.73801486826935,160.89362890520607
2013-12-22 05:50:00+01:00,5161,Holt-Winters,167.0637719974169,157.7934233829409
2013-12-22 06:00:00+01:00,5161,Holt-Winters,157.21971454113216,163.6501362849646
2013-12-22 06:10:00+01:00,5161,Holt-Winters,191.821710833738,152.4784364909462
2013-12-22 06:20:00+01:00,5161,Holt-Winters,174.44112259031152,182.8120373272776
2013-12-22 06:30:00+01:00,5161,Holt-Winters,181.11990544922463,183.4425381785102
2013-12-22 06:40:00+01:00,5161,Holt-Winters,198.58918026155553,194.50516007147797
2013-12-22 06:50:00+01:00,5161,Holt-Winters,175.9436205489722,209.72439410288843
2013-12-22 07:00:00+01:00,5161,Holt-Winters,185.95341991045296,217.28634073787674
2013-12-22 07:10:00+01:00,5161,Holt-Winters,169.45209018535897,207.84109837828964
2013-12-22 07:20:00+01:00,5161,Holt-Winters,143.3639778399359,212.70453518891668
2013-12-22 07:30:00+01:00,5161,Holt-Winters,193.8992605487866,194.5295640135826
2013-12-22 07:40:00+01:00,5161,Holt-Winters,184.4760690249251,202.98969897432735
2013-12-22 07:50:00+01:00,5161,Holt-Winters,240.3191368601998,224.57741646337752
2013-12-22 08:00:00+01:00,5161,Holt-Winters,326.52258469975754,277.0647657558593
2013-12-22 08:10:00+01:00,5161,Holt-Winters,215.6933941485963,326.4567747800619
2013-12-22 08:20:00+01:00,5161,Holt-Winters,260.6025096451664,317.6933648598156
2013-12-22 08:30:00+01:00,5161,Holt-Winters,264.78929717822166,374.18086910967673
2013-12-22 08:40:00+01:00,5161,Holt-Winters,250.5629491356295,354.84768678246286
2013-12-22 08:50:00+01:00,5161,Holt-Winters,314.7869743669099,397.63041406549814
2013-12-22 09:00:00+01:00,5161,Holt-Winters,313.99712481951934,432.42814712389236
2013-12-22 09:10:00+01:00,5161,Holt-Winters,307.73665236057286,417.5416499754839
2013-12-22 09:20:00+01:00,5161,Holt-Winters,368.32417523356884,441.9080845997821
2013-12-22 09:30:00+01:00,5161,Holt-Winters,479.69914216241466,438.37549086738494
2013-12-22 09:40:00+01:00,5161,Holt-Winters,485.31550537303855,545.6319136332968
2013-12-22 09:50:00+01:00,5161,Holt-Winters,637.482538949372,575.4718245798598
2013-12-22 10:00:00+01:00,5161,Holt-Winters,769.569564059458,690.3661261914974
2013-12-22 10:10:00+01:00,5161,Holt-Winters,1042.9388336685054,823.5131154644712
2013-12-22 10:20:00+01:00,5161,Holt-Winters,1120.0113479631561,1073.3344985268382
2013-12-22 10:30:00+01:00,5161,Holt-Winters,1506.1578736039087,1208.25908386871
2013-12-22 10:40:00+01:00,5161,Holt-Winters,1612.7490363956852,1459.4739410891534
2013-12-22 10:50:00+01:00,5161,Holt-Winters,1948.4682011097045,1670.7158835117905
2013-12-22 11:00:00+01:00,5161,Holt-Winters,1964.9064539732367,1951.5280384799314
2013-12-22 11:10:00+01:00,5161,Holt-Winters,2264.9587628771915,2065.1543598868193
2013-12-22 11:20:00+01:00,5161,Holt-Winters,2556.042499417857,2298.893783563842
2013-12-22 11:30:00+01:00,5161,Holt-Winters,2781.13015790421,2544.56665077158
2013-12-22 11:40:00+01:00,5161,Holt-Winters,2721.0408313901685,2804.8894127685953
2013-12-22 11:50:00+01:00,5161,Holt-Winters,2945.8359127470176,2868.4861960549997
2013-12-22 12:00:00+01:00,5161,Holt-Winters,3088.5342199496004,2974.9541424015147
2013-12-22 12:10:00+01:00,5161,Holt-Winters,3307.929562441435,3082.032429782587
2013-12-22 12:20:00+01:00,5161,Holt-Winters,3401.137343246787,3228.971838667946
2013-12-22 12:30:00+01:00,5161,Holt-Winters,3480.9958449625265,3454.695267812172
2013-12-22 12:40:00+01:00,5161,Holt-Winters,3382.059676105009,3542.746285609143
2013-12-22 12:50:00+01:00,5161,Holt-Winters,3540.3796854421607,3572.592502238909
2013-12-22 13:00:00+01:00,5161,Holt-Winters,3520.1590104648026,3622.687005899118
2013-12-22 13:10:00+01:00,5161,Holt-Winters,3635.4125051131423,3741.7502639541176
2013-12-22 13:20:00+01:00,5161,Holt-Winters,3604.935454893525,3759.7659931498215
2013-12-22 13:30:00+01:00,5161,Holt-Winters,3322.6200073549853,3773.453765357966
2013-12-22 13:40:00+01:00,5161,Holt-Winters,3709.61231872574,3600.264406913006
2013-12-22 13:50:00+01:00,5161,Holt-Winters,3698.9528624857203,3772.080918968909
2013-12-22 14:00:00+01:00,5161,Holt-Winters,3807.0194962603705,3696.2263384140456
2013-12-22 14:10:00+01:00,5161,Holt-Winters,3881.281894465513,3721.1924102344915
2013-12-22 14:20:00+01:00,5161,Holt-Winters,4090.7812081881775,3836.636707828442
2013-12-22 14:30:00+01:00,5161,Holt-Winters,4110.350402820069,3937.042877613201
2013-12-22 14:40:00+01:00,5161,Holt-Winters,4074.6942031786457,3942.1776234847184
2013-12-22 14:50:00+01:00,5161,Holt-Winters,3939.663159952486,4012.396022274195
2013-12-22 15:00:00+01:00,5161,Holt-Winters,4441.477820527754,4048.0462976673907
2013-12-22 15:10:00+01:00,5161,Holt-Winters,4475.814961576271,4143.4916625065425
2013-12-22 15:20:00+01:00,5161,Holt-Winters,4638.559704939302,4382.2510919817205
2013-12-22 15:30:00+01:00,5161,Holt-Winters,4911.654077576722,4569.237457388354
2013-12-22 15:40:00+01:00,5161,Holt-Winters,4693.617679539193,4737.9994415325555
2013-12-22 15:50:00+01:00,5161,Holt-Winters,4772.321099778948,4715.00384174435
2013-12-22 16:00:00+01:00,5161,Holt-Winters,4917.944017950382,4726.476121303851
2013-12-22 16:10:00+01:00,5161,Holt-Winters,5202.036631359948,4921.542304653612
2013-12-22 16:20:00+01:00,5161,Holt-Winters,5496.4403854578595,5007.992639806625
2013-12-22 16:30:00+01:00,5161,Holt-Winters,5148.81158982959,5283.012056799867
2013-12-22 16:40:00+01:00,5161,Holt-Winters,5170.472629814423,5158.498900197509
2013-12-22 16:50:00+01:00,5161,Holt-Winters,5197.568751682298,5180.1612031428285
2013-12-22 17:00:00+01:00,5161,Holt-Winters,5111.876428163607,5267.7502218034515
2013-12-22 17:10:00+01:00,5161,Holt-Winters,5203.03169193535,5172.317299511605
2013-12-22 17:20:00+01:00,5161,Holt-Winters,4704.434690350707,5011.716938939376
2013-12-22 17:30:00+01:00,5161,Holt-Winters,4574.606537064018,4844.578908968549
2013-12-22 17:40:00+01:00,5161,Holt-Winters,4689.867550626104,4705.3150642890405
2013-12-22 17:50:00+01:00,5161,Holt-Winters,4508.65791216911,4663.817032449119
2013-12-22 18:00:00+01:00,5161,Holt-Winters,4076.436612416734,4613.55109449998
2013-12-22 18:10:00+01:00,5161,Holt-Winters,3945.8662614360273,4175.430387936384
2013-12-22 18:20:00+01:00,5161,Holt-Winters,3792.109761020168,4045.1666289815757
2013-12-22 18:30:00+01:00,5161,Holt-Winters,3426.2137000001617,3856.3458298134838
2013-12-22 18:40:00+01:00,5161,Holt-Winters,3258.9499234076898,3544.1266545021685
2013-12-22 18:50:00+01:00,5161,Holt-Winters,3132.630531760205,3288.8831723641583
2013-12-22 19:00:00+01:00,5161,Holt-Winters,2755.733242790056,3149.7533024612167
2013-12-22 19:10:00+01:00,5161,Holt-Winters,2439.4657256567234,2867.1236419409274
2013-12-22 19:20:00+01:00,5161,Holt-Winters,2133.37202831053,2561.6502129190894
2013-12-22 19:30:00+01:00,5161,Holt-Winters,1886.3403506154266,2201.038395675156
2013-12-22 19:40:00+01:00,5161,Holt-Winters,1736.2621937173112,1973.9607243773034
2013-12-22 19:50:00+01:00,5161,Holt-Winters,1414.5423195553344,1690.5857578027749
2013-12-22 20:00:00+01:00,5161,Holt-Winters,1426.41164303257,1393.1030110328106
2013-12-22 20:10:00+01:00,5161,Holt-Winters,1313.5432271547998,1222.8608453626787
2013-12-22 20:20:00+01:00,5161,Holt-Winters,1210.7014954379895,1177.5799657683722
2013-12-22 20:30:00+01:00,5161,Holt-Winters,1004.964262562729,980.9882703110927
2013-12-22 20:40:00+01:00,5161,Holt-Winters,878.2758662668552,856.6742609194628
2013-12-22 20:50:00+01:00,5161,Holt-Winters,916.8409539747544,825.3582124180444
2013-12-22 21:00:00+01:00,5161,Holt-Winters,756.3445135291237,719.1091687980867
2013-12-22 21:10:00+01:00,5161,Holt-Winters,573.8010003448504,626.0541984920419
2013-12-22 21:20:00+01:00,5161,Holt-Winters,561.5312070123823,641.0263017481161
2013-12-22 21:30:00+01:00,5161,Holt-Winters,604.3314224731174,577.1799799147626
2013-12-22 21:40:00+01:00,5161,Holt-Winters,415.2735720260944,524.4388968268985
2013-12-22 21:50:00+01:00,5161,Holt-Winters,512.7651764803225,431.02203373393934
2013-12-22 22:00:00+01:00,5161,Holt-Winters,696.9035033897693,465.88895781272845
2013-12-22 22:10:00+01:00,5161,Holt-Winters,547.4472136521374,499.80383331111375
2013-12-22 22:20:00+01:00,5161,Holt-Winters,431.0218169809493,406.4181223405433
2013-12-22 22:30:00+01:00,5161,Holt-Winters,381.1056221544883,338.014779776156
2013-12-22 22:40:00+01:00,5161,Holt-Winters,402.650281825026,299.4876865420259
2013-12-22 22:50:00+01:00,5161,Holt-Winters,363.7020645735495,280.92419614815515
2013-12-22 23:00:00+01:00,5161,Holt-Winters,364.7059557561185,288.58170535318476
2013-12-22 23:10:00+01:00,5161,Holt-Winters,293.6267240139538,274.0107827201826
2013-12-22 23:20:00+01:00,5161,Holt-Winters,271.7980308667129,281.5652481797977
2013-12-22 23:30:00+01:00,5161,Holt-Winters,254.00237531429568,248.31130619382833
2013-12-22 23:40:00+01:00,5161,Holt-Winters,280.6933213264304,204.10656021051201
2013-12-22 23:50:00+01:00,5161,Holt-Winters,230.58523003984712,220.43681783308384
2013-12-16 00:00:00+01:00,5059,Holt-Winters,441.6725387665731,447.38776052016084
2013-12-16 00:10:00+01:00,5059,Holt-Winters,419.49041528382577,427.5315771605275
2013-12-16 00:20:00+01:00,5059,Holt-Winters,459.4759049067087,422.5755113586393
2013-12-16 00:30:00+01:00,5059,Holt-Winters,376.8823048431117,363.77178038218426
2013-12-16 00:40:00+01:00,5059,Holt-Winters,393.06086050802963,353.51090301935153
2013-12-16 00:50:00+01:00,5059,Holt-Winters,399.1571001657554,325.3549922373742
2013-12-16 01:00:00+01:00,5059,Holt-Winters,285.9407664564146,322.0014063346752
2013-12-16 01:10:00+01:00,5059,Holt-Winters,386.7355218249948,289.4346559841115
2013-12-16 01:20:00+01:00,5059,Holt-Winters,393.296539586972,331.1747343817389
2013-12-16 01:30:00+01:00,5059,Holt-Winters,306.3335072001558,330.9568400789155
2013-12-16 01:40:00+01:00,5059,Holt-Winters,378.2484004153213,312.7781599183237
2013-12-16 01:50:00+01:00,5059,Holt-Winters,379.74502252970893,326.2958131274201
2013-12-16 02:00:00+01:00,5059,Holt-Winters,313.5632328880981,350.5420010900809
2013-12-16 02:10:00+01:00,5059,Holt-Winters,363.4713123238246,312.1588851353134
2013-12-16 02:20:00+01:00,5059,Holt-Winters,355.7602796198967,334.99324381183254
2013-12-16 02:30:00+01:00,5059,Holt-Winters,261.89466057185257,338.05443451911395
2013-12-16 02:40:00+01:00,5059,Holt-Winters,322.91936757633425,302.0840782491885
2013-12-16 02:50:00+01:00,5059,Holt-Winters,333.58017406577545,304.4158981543914
2013-12-16 03:00:00+01:00,5059,Holt-Winters,266.32869490039195,309.99612004120803
2013-12-16 03:10:00+01:00,5059,Holt-Winters,306.63854388386204,289.53497041567596
2013-12-16 03:20:00+01:00,5059,Holt-Winters,328.37100714127087,301.6270876782729
2013-12-16 03:30:00+01:00,5059,Holt-Winters,275.8580978670476,306.3639210160584
2013-12-16 03:40:00+01:00,5059,Holt-Winters,306.56317236022716,307.68590052995233
2013-12-16 03:50:00+01:00,5059,Holt-Winters,331.55371805432645,293.99455599577277
2013-12-16 04:00:00+01:00,5059,Holt-Winters,273.4202255489737,304.6713739588159
2013-12-16 04:10:00+01:00,5059,Holt-Winters,283.75246291982995,292.32524990042253
2013-12-16 04:20:00+01:00,5059,Holt-Winters,342.66170278871607,286.26755695135324
2013-12-16 04:30:00+01:00,5059,Holt-Winters,282.18365589953703,304.21192074083586
2013-12-16 04:40:00+01:00,5059,Holt-Winters,295.6934296526563,293.7736239263899
2013-12-16 04:50:00+01:00,5059,Holt-Winters,306.7182548132408,299.6095463591424
2013-12-16 05:00:00+01:00,5059,Holt-Winters,245.58019697216963,299.5142445021331
2013-12-16 05:10:00+01:00,5059,Holt-Winters,309.10986637057545,277.43389965697617
2013-12-16 05:20:00+01:00,5059,Holt-Winters,342.490593236014,304.81983055207183
2013-12-16 05:30:00+01:00,5059,Holt-Winters,240.64575308097463,302.97528905987855
2013-12-16 05:40:00+01:00,5059,Holt-Winters,299.02037084347774,280.30167888817664
2013-12-16 05:50:00+01:00,5059,Holt-Winters,351.9967792221596,297.17828686348673
2013-12-16 06:00:00+01:00,5059,Holt-Winters,318.0458167482725,319.25446329035367
2013-12-16 06:10:00+01:00,5059,Holt-Winters,378.69785820703055,324.85652948713397
2013-12-16 06:20:00+01:00,5059,Holt-Winters,356.13886639485304,349.72977537089264
2013-12-16 06:30:00+01:00,5059,Holt-Winters,384.46633147707297,362.3901225617122
2013-12-16 06:40:00+01:00,5059,Holt-Winters,370.89132559613466,382.14128597377584
2013-12-16 06:50:00+01:00,5059,Holt-Winters,362.32769035216023,390.9746939530802
2013-12-16 07:00:00+01:00,5059,Holt-Winters,336.92128380732976,406.2280583600586
2013-12-16 07:10:00+01:00,5059,Holt-Winters,390.6144581824979,410.46551075496427
2013-12-16 07:20:00+01:00,5059,Holt-Winters,425.8382286992491,411.96426141700607
2013-12-16 07:30:00+01:00,5059,Holt-Winters,418.4413674571804,468.90768423802314
2013-12-16 07:40:00+01:00,5059,Holt-Winters,511.06150177571635,533.8842153165845
2013-12-16 07:50:00+01:00,5059,Holt-Winters,629.2299889608491,591.6904198173919
2013-12-16 08:00:00+01:00,5059,Holt-Winters,653.419972662619,692.6393819552704
2013-12-16 08:10:00+01:00,5059,Holt-Winters,761.4895306529207,763.825269762242
2013-12-16 08:20:00+01:00,5059,Holt-Winters,882.3408557329337,806.4800131138907
2013-12-16 08:30:00+01:00,5059,Holt-Winters,1032.5480154691932,907.9851443262712
2013-12-16 08:40:00+01:00,5059,Holt-Winters,1124.125876493059,1057.7082363535244
2013-12-16 08:50:00+01:00,5059,Holt-Winters,1236.5491552768226,1191.9363743304525
2013-12-16 09:00:00+01:00,5059,Holt-Winters,1481.2483909765651,1279.0574089791785
2013-12-16 09:10:00+01:00,5059,Holt-Winters,1428.5942554346066,1417.8342333660996
2013-12-16 09:20:00+01:00,5059,Holt-Winters,1552.4650535565054,1468.9849849506786
2013-12-16 09:30:00+01:00,5059,Holt-Winters,1488.8284904615916,1526.4294153201465
2013-12-16 09:40:00+01:00,5059,Holt-Winters,1661.2596823819517,1611.4618793057507
2013-12-16 09:50:00+01:00,5059,Holt-Winters,1617.414776096788,1663.9787251772445
2013-12-16 10:00:00+01:00,5059,Holt-Winters,1664.4840883146094,1718.2245002093625
2013-12-16 10:10:00+01:00,5059,Holt-Winters,1834.0756383721439,1809.1896837217157
2013-12-16 10:20:00+01:00,5059,Holt-Winters,1817.0441776232785,1938.205519234197
2013-12-16 10:30:00+01:00,5059,Holt-Winters,1880.4312970343108,1917.5004388027703
2013-12-16 10:40:00+01:00,5059,Holt-Winters,1992.1697363602789,1937.7275765838676
2013-12-16 10:50:00+01:00,5059,Holt-Winters,2007.4949602449497,2068.6465594851097
2013-12-16 11:00:00+01:00,5059,Holt-Winters,1981.7074641247889,2112.776997937007
2013-12-16 11:10:00+01:00,5059,Holt-Winters,2184.5686410448006,2067.9120721887016
2013-12-16 11:20:00+01:00,5059,Holt-Winters,1968.1713742581942,2173.660737835477
2013-12-16 11:30:00+01:00,5059,Holt-Winters,2176.266775865215,2166.38015179745
2013-12-16 11:40:00+01:00,5059,Holt-Winters,2058.1229052355707,2230.2608310990495
2013-12-16 11:50:00+01:00,5059,Holt-Winters,2211.9333262362734,2224.4887768228723
2013-12-16 12:00:00+01:00,5059,Holt-Winters,2043.0377990933232,2257.5408039805393
2013-12-16 12:10:00+01:00,5059,Holt-Winters,2347.74816271119,2289.0488624811937
2013-12-16 12:20:00+01:00,5059,Holt-Winters,2503.8299243594583,2326.917088364594
2013-12-16 12:30:00+01:00,5059,Holt-Winters,2471.3292853391326,2434.158694480105
2013-12-16 12:40:00+01:00,5059,Holt-Winters,2487.815930460633,2461.476145749206
2013-12-16 12:50:00+01:00,5059,Holt-Winters,2553.48961623975,2524.8708572154355
2013-12-16 13:00:00+01:00,5059,Holt-Winters,2654.5223994570238,2625.547077753672
2013-12-16 13:10:00+01:00,5059,Holt-Winters,2750.895597413687,2673.234446357629
2013-12-16 13:20:00+01:00,5059,Holt-Winters,2822.153904455857,2753.314450551602
2013-12-16 13:30:00+01:00,5059,Holt-Winters,2701.687516107294,2808.909900449857
2013-12-16 13:40:00+01:00,5059,Holt-Winters,2846.589256724722,2841.608675941583
2013-12-16 13:50:00+01:00,5059,Holt-Winters,2761.5703585379656,2791.697997582325
2013-12-16 14:00:00+01:00,5059,Holt-Winters,2679.148065901051,2802.299648449177
2013-12-16 14:10:00+01:00,5059,Holt-Winters,2846.7756689086877,2786.130072000693
2013-12-16 14:20:00+01:00,5059,Holt-Winters,2534.205600371043,2804.6415838727517
2013-12-16 14:30:00+01:00,5059,Holt-Winters,2814.8188892515436,2648.8842912387563
2013-12-16 14:40:00+01:00,5059,Holt-Winters,2797.125311308921,2674.9427882079926
2013-12-16 14:50:00+01:00,5059,Holt-Winters,2632.959421623622,2650.7369248060468
2013-12-16 15:00:00+01:00,5059,Holt-Winters,2719.924703757004,2634.018996967469
2013-12-16 15:10:00+01:00,5059,Holt-Winters,2737.278112440232,2664.6864030250877
2013-12-16 15:20:00+01:00,5059,Holt-Winters,2688.81290985091,2736.758490216071
2013-12-16 15:30:00+01:00,5059,Holt-Winters,2614.559472636618,2643.153217099246
2013-12-16 15:40:00+01:00,5059,Holt-Winters,2702.1267654006265,2638.471629858134
2013-12-16 15:50:00+01:00,5059,Holt-Winters,2748.7910676786073,2665.892065267227
2013-12-16 16:00:00+01:00,5059,Holt-Winters,2634.2100876712684,2739.026229980434
2013-12-16 16:10:00+01:00,5059,Holt-Winters,2628.354044509997,2673.5386202311843
2013-12-16 16:20:00+01:00,5059,Holt-Winters,2626.011826086878,2673.189489815764
2013-12-16 16:30:00+01:00,5059,Holt-Winters,2563.6244864271266,2603.324210755887
2013-12-16 16:40:00+01:00,5059,Holt-Winters,2649.9111487023065,2608.40646612094
2013-12-16 16:50:00+01:00,5059,Holt-Winters,2494.1235893151947,2627.843075823002
2013-12-16 17:00:00+01:00,5059,Holt-Winters,2457.8000642178854,2498.882194229937
2013-12-16 17:10:00+01:00,5059,Holt-Winters,2545.859400423427,2510.9362370017784
2013-12-16 17:20:00+01:00,5059,Holt-Winters,2543.6948513579605,2542.9607021107563
2013-12-16 17:30:00+01:00,5059,Holt-Winters,2322.1725360001783,2511.703200419096
2013-12-16 17:40:00+01:00,5059,Holt-Winters,2663.5968586808362,2402.514215394117
2013-12-16 17:50:00+01:00,5059,Holt-Winters,2480.970142646152,2384.858246787288
2013-12-16 18:00:00+01:00,5059,Holt-Winters,2258.5441479708506,2476.690025726719
2013-12-16 18:10:00+01:00,5059,Holt-Winters,2365.5016507021264,2318.151626573586
2013-12-16 18:20:00+01:00,5059,Holt-Winters,2013.1089347497452,2320.6386218407283
2013-12-16 18:30:00+01:00,5059,Holt-Winters,2151.99098130594,2141.579110755628
2013-12-16 18:40:00+01:00,5059,Holt-Winters,2143.1856515671607,2053.2614139744237
2013-12-16 18:50:00+01:00,5059,Holt-Winters,2088.398391827557,1992.893377983172
2013-12-16 19:00:00+01:00,5059,Holt-Winters,1917.8798018781017,1984.551715354405
2013-12-16 19:10:00+01:00,5059,Holt-Winters,1961.1853373425522,1886.027748995288
2013-12-16 19:20:00+01:00,5059,Holt-Winters,1886.3073602096135,1860.9426814905707
2013-12-16 19:30:00+01:00,5059,Holt-Winters,1575.9322481543152,1763.7754461827492
2013-12-16 19:40:00+01:00,5059,Holt-Winters,1596.140906193722,1551.4000651385911
2013-12-16 19:50:00+01:00,5059,Holt-Winters,1528.1526324569584,1561.6850880899851
2013-12-16 20:00:00+01:00,5059,Holt-Winters,1413.2109104033582,1453.1516837718304
2013-12-16 20:10:00+01:00,5059,Holt-Winters,1425.4016165643163,1326.7808715536576
2013-12-16 20:20:00+01:00,5059,Holt-Winters,1304.2977242065388,1303.3874641549046
2013-12-16 20:30:00+01:00,5059,Holt-Winters,1109.7106750100438,1190.1393598972188
2013-12-16 20:40:00+01:00,5059,Holt-Winters,1243.8564419222387,1082.8319235180227
2013-12-16 20:50:00+01:00,5059,Holt-Winters,1135.4084771748796,1117.8197221480482
2013-12-16 21:00:00+01:00,5059,Holt-Winters,1075.4207096583714,1033.4164836103907
2013-12-16 21:10:00+01:00,5059,Holt-Winters,1103.355167560147,998.2290002289044
2013-12-16 21:20:00+01:00,5059,Holt-Winters,1062.017221915625,1011.9947694107177
2013-12-16 21:30:00+01:00,5059,Holt-Winters,1051.479140841342,970.5274951812521
2013-12-16 21:40:00+01:00,5059,Holt-Winters,827.9389799564259,1021.4921374128716
2013-12-16 21:50:00+01:00,5059,Holt-Winters,939.1460965742586,949.3071913219983
2013-12-16 22:00:00+01:00,5059,Holt-Winters,864.995672248864,866.0646423659184
2013-12-16 22:10:00+01:00,5059,Holt-Winters,945.5177302733689,855.4883726175603
2013-12-16 22:20:00+01:00,5059,Holt-Winters,929.3957140170661,851.6286648904835
2013-12-16 22:30:00+01:00,5059,Holt-Winters,795.0380190197917,832.5398201213458
2013-12-16 22:40:00+01:00,5059,Holt-Winters,731.8589560220723,774.9445941877893
2013-12-16 22:50:00+01:00,5059,Holt-Winters,685.288815855492,739.7723545298401
2013-12-16 23:00:00+01:00,5059,Holt-Winters,619.8266884619808,701.0177164424018
2013-12-16 23:10:00+01:00,5059,Holt-Winters,686.6954130810061,649.3969102757904
2013-12-16 23:20:00+01:00,5059,Holt-Winters,627.1446320568409,670.2304412383197
2013-12-16 23:30:00+01:00,5059,Holt-Winters,526.6758506173609,597.3149693161613
2013-12-16 23:40:00+01:00,5059,Holt-Winters,549.4768364454021,532.7316502963237
2013-12-16 23:50:00+01:00,5059,Holt-Winters,507.3895435364328,515.5256996600709
2013-12-17 00:00:00+01:00,5059,Holt-Winters,502.8286807423458,494.82402524214314
2013-12-17 00:10:00+01:00,5059,Holt-Winters,557.6482611724833,479.93218277520873
2013-12-17 00:20:00+01:00,5059,Holt-Winters,453.3353159675131,506.0061449292549
2013-12-17 00:30:00+01:00,5059,Holt-Winters,434.28394169429663,414.79235120303
2013-12-17 00:40:00+01:00,5059,Holt-Winters,643.6172199691042,406.8403711027203
2013-12-17 00:50:00+01:00,5059,Holt-Winters,377.2395966994458,450.04818347181816
2013-12-17 01:00:00+01:00,5059,Holt-Winters,420.1350854590752,393.6456195391685
2013-12-17 01:10:00+01:00,5059,Holt-Winters,382.494650507292,383.71172823774094
2013-12-17 01:20:00+01:00,5059,Holt-Winters,372.3956152743011,389.80450113191347
2013-12-17 01:30:00+01:00,5059,Holt-Winters,354.82898988216965,360.8095664398394
2013-12-17 01:40:00+01:00,5059,Holt-Winters,326.9547645432907,349.3765003868257
2013-12-17 01:50:00+01:00,5059,Holt-Winters,285.2414477412752,331.09170199841304
2013-12-17 02:00:00+01:00,5059,Holt-Winters,307.27519402920944,319.40780261780867
2013-12-17 02:10:00+01:00,5059,Holt-Winters,322.345479266642,290.0149133183977
2013-12-17 02:20:00+01:00,5059,Holt-Winters,270.39794075247914,305.9809576338274
2013-12-17 02:30:00+01:00,5059,Holt-Winters,287.36633304794833,288.6526896238668
2013-12-17 02:40:00+01:00,5059,Holt-Winters,300.2383250001065,279.77420602576007
2013-12-17 02:50:00+01:00,5059,Holt-Winters,249.70933426844925,281.97172325999327
2013-12-17 03:00:00+01:00,5059,Holt-Winters,278.10530977032835,265.325587079687
2013-12-17 03:10:00+01:00,5059,Holt-Winters,289.595146634046,265.2890286565658
2013-12-17 03:20:00+01:00,5059,Holt-Winters,263.24370845835017,279.98728339237476
2013-12-17 03:30:00+01:00,5059,Holt-Winters,275.8496909249714,268.988790330173
2013-12-17 03:40:00+01:00,5059,Holt-Winters,302.61842173686546,283.83138313208514
2013-12-17 03:50:00+01:00,5059,Holt-Winters,267.3950472937171,277.34410227387394
2013-12-17 04:00:00+01:00,5059,Holt-Winters,294.62832252065186,270.83075299111863
2013-12-17 04:10:00+01:00,5059,Holt-Winters,295.6277383725996,278.4032183269264
2013-12-17 04:20:00+01:00,5059,Holt-Winters,270.7768584842542,281.679911088678
2013-12-17 04:30:00+01:00,5059,Holt-Winters,253.19947630487815,275.2737484114363
2013-12-17 04:40:00+01:00,5059,Holt-Winters,297.3525414221348,264.81880452762795
2013-12-17 04:50:00+01:00,5059,Holt-Winters,271.64036748259394,281.731939064649
2013-12-17 05:00:00+01:00,5059,Holt-Winters,261.4262028395139,275.4129624640656
2013-12-17 05:10:00+01:00,5059,Holt-Winters,315.23522032092023,267.7869710531907
2013-12-17 05:20:00+01:00,5059,Holt-Winters,340.9570770890191,300.87987627511853
2013-12-17 05:30:00+01:00,5059,Holt-Winters,281.9102739037611,299.9060699209532
2013-12-17 05:40:00+01:00,5059,Holt-Winters,331.34531317410733,293.27398797483386
2013-12-17 05:50:00+01:00,5059,Holt-Winters,279.85925837392665,317.15306884529423
2013-12-17 06:00:00+01:00,5059,Holt-Winters,283.45943171020843,305.89972903807796
2013-12-17 06:10:00+01:00,5059,Holt-Winters,337.38725519775517,303.81942678026644
2013-12-17 06:20:00+01:00,5059,Holt-Winters,331.4590497969239,321.3569972255599
2013-12-17 06:30:00+01:00,5059,Holt-Winters,294.9102879553966,335.3535896090889
2013-12-17 06:40:00+01:00,5059,Holt-Winters,379.76586227408154,332.4829644170508
2013-12-17 06:50:00+01:00,5059,Holt-Winters,342.5234368084959,362.4956480069042
2013-12-17 07:00:00+01:00,5059,Holt-Winters,393.17277836607974,380.8878616807423
2013-12-17 07:10:00+01:00,5059,Holt-Winters,446.573452671695,414.64809783128953
2013-12-17 07:20:00+01:00,5059,Holt-Winters,479.67811511919246,434.88139923617774
2013-12-17 07:30:00+01:00,5059,Holt-Winters,454.89656750113545,503.01377532214093
2013-12-17 07:40:00+01:00,5059,Holt-Winters,550.1102425744252,568.840297800407
2013-12-17 07:50:00+01:00,5059,Holt-Winters,753.2258738339543,628.1273720390848
2013-12-17 08:00:00+01:00,5059,Holt-Winters,753.59560834568,760.7582786901614
2013-12-17 08:10:00+01:00,5059,Holt-Winters,825.6179043047689,843.5434379121166
2013-12-17 08:20:00+01:00,5059,Holt-Winters,969.2273325847165,880.5572376238399
2013-12-17 08:30:00+01:00,5059,Holt-Winters,1102.469796638728,986.6972131594737
2013-12-17 08:40:00+01:00,5059,Holt-Winters,1151.8214553259575,1133.2396656153874
2013-12-17 08:50:00+01:00,5059,Holt-Winters,1323.1920101364658,1250.1590869012873
2013-12-17 09:00:00+01:00,5059,Holt-Winters,1353.7093233624405,1347.5635425989644
2013-12-17 09:10:00+01:00,5059,Holt-Winters,1526.8392653158178,1415.4042214723374
2013-12-17 09:20:00+01:00,5059,Holt-Winters,1520.492903553634,1502.9827863839473
2013-12-17 09:30:00+01:00,5059,Holt-Winters,1443.8578638528297,1536.5569355879395
2013-12-17 09:40:00+01:00,5059,Holt-Winters,1733.7272540198776,1601.65292502705
2013-12-17 09:50:00+01:00,5059,Holt-Winters,1723.3817538010178,1683.9403522646612
2013-12-17 10:00:00+01:00,5059,Holt-Winters,1592.9744371382506,1769.3059304232972
2013-12-17 10:10:00+01:00,5059,Holt-Winters,1676.8530851858354,1815.9132886309174
2013-12-17 10:20:00+01:00,5059,Holt-Winters,2029.1398456023123,1885.6075572095858
2013-12-17 10:30:00+01:00,5059,Holt-Winters,1878.197800180428,1960.678072081024
2013-12-17 10:40:00+01:00,5059,Holt-Winters,2047.5850397906604,1964.4738434491053
2013-12-17 10:50:00+01:00,5059,Holt-Winters,2180.4499101237425,2105.7663062249794
2013-12-17 11:00:00+01:00,5059,Holt-Winters,2260.4430776059953,2199.046765565316
2013-12-17 11:10:00+01:00,5059,Holt-Winters,2108.2442360878717,2223.822846900471
2013-12-17 11:20:00+01:00,5059,Holt-Winters,2238.8873708686688,2245.5405421656355
2013-12-17 11:30:00+01:00,5059,Holt-Winters,2177.5772585176783,2310.2059817389536
2013-12-17 11:40:00+01:00,5059,Holt-Winters,2299.4007801681732,2322.519525759608
2013-12-17 11:50:00+01:00,5059,Holt-Winters,2414.3124382494843,2370.6679254887026
2013-12-17 12:00:00+01:00,5059,Holt-Winters,2392.452468855372,2424.0551036869156
2013-12-17 12:10:00+01:00,5059,Holt-Winters,2683.226739956791,2521.7430389868537
2013-12-17 12:20:00+01:00,5059,Holt-Winters,2642.996670341281,2596.8023267351746
2013-12-17 12:30:00+01:00,5059,Holt-Winters,2447.843083978823,2656.7453203927507
2013-12-17 12:40:00+01:00,5059,Holt-Winters,2542.863771910979,2595.02484687461
2013-12-17 12:50:00+01:00,5059,Holt-Winters,2836.1825336859206,2630.01514767534
2013-12-17 13:00:00+01:00,5059,Holt-Winters,2705.4674174284614,2794.9347935071196
2013-12-17 13:10:00+01:00,5059,Holt-Winters,2972.2610392682514,2799.765369942738
2013-12-17 13:20:00+01:00,5059,Holt-Winters,3007.2955873514843,2914.1598850011865
2013-12-17 13:30:00+01:00,5059,Holt-Winters,3013.350592278469,2978.5465840825595
2013-12-17 13:40:00+01:00,5059,Holt-Winters,3133.4561120207914,3062.635573588515
2013-12-17 13:50:00+01:00,5059,Holt-Winters,2863.877364002965,3036.5481400065296
2013-12-17 14:00:00+01:00,5059,Holt-Winters,3008.3772777687504,2995.5726002986867
2013-12-17 14:10:00+01:00,5059,Holt-Winters,2890.120616511605,3028.596847434903
2013-12-17 14:20:00+01:00,5059,Holt-Winters,2734.4712750524495,2975.058980566438
2013-12-17 14:30:00+01:00,5059,Holt-Winters,2544.7541599642627,2830.101859409935
2013-12-17 14:40:00+01:00,5059,Holt-Winters,2736.8468713334055,2692.8703267394953
2013-12-17 14:50:00+01:00,5059,Holt-Winters,2691.299759388447,2640.366751195215
2013-12-17 15:00:00+01:00,5059,Holt-Winters,2396.327777438198,2648.5107368468757
2013-12-17 15:10:00+01:00,5059,Holt-Winters,2737.6081988001533,2556.8456059641853
2013-12-17 15:20:00+01:00,5059,Holt-Winters,2477.288921323988,2668.057776556206
2013-12-17 15:30:00+01:00,5059,Holt-Winters,2892.6897355768683,2522.7739489788573
2013-12-17 15:40:00+01:00,5059,Holt-Winters,2803.8120728539525,2662.287322419922
2013-12-17 15:50:00+01:00,5059,Holt-Winters,2902.2222444601093,2717.8837616192804
2013-12-17 16:00:00+01:00,5059,Holt-Winters,2747.325534572616,2827.7223480641705
2013-12-17 16:10:00+01:00,5059,Holt-Winters,3124.1048405432443,2771.0705223659793
2013-12-17 16:20:00+01:00,5059,Holt-Winters,3048.2635468876983,2914.811189742246
2013-12-17 16:30:00+01:00,5059,Holt-Winters,3095.519708863072,2910.3042941786794
2013-12-17 16:40:00+01:00,5059,Holt-Winters,3181.4685175720165,2996.768868156064
2013-12-17 16:50:00+01:00,5059,Holt-Winters,2941.1340819678676,3068.0185237284313
2013-12-17 17:00:00+01:00,5059,Holt-Winters,2902.808100862453,2941.530805088249
2013-12-17 17:10:00+01:00,5059,Holt-Winters,2714.8737094901308,2954.4385722555303
2013-12-17 17:20:00+01:00,5059,Holt-Winters,3030.4998003823516,2887.1434802175872
2013-12-17 17:30:00+01:00,5059,Holt-Winters,2599.423205429515,2907.4917664054014
2013-12-17 17:40:00+01:00,5059,Holt-Winters,2843.5127826292623,2755.4115429001586
2013-12-17 17:50:00+01:00,5059,Holt-Winters,2552.3711586733143,2675.1647333205883
2013-12-17 18:00:00+01:00,5059,Holt-Winters,2385.3820880216304,2687.7887060408425
2013-12-17 18:10:00+01:00,5059,Holt-Winters,2270.1549367707144,2498.7617660064243
2013-12-17 18:20:00+01:00,5059,Holt-Winters,2145.7808651734035,2401.3977300700485
2013-12-17 18:30:00+01:00,5059,Holt-Winters,2272.6867447783147,2241.1221294607917
2013-12-17 18:40:00+01:00,5059,Holt-Winters,2324.882122757913,2160.4582501225736
2013-12-17 18:50:00+01:00,5059,Holt-Winters,2225.7321047828113,2127.046839026122
2013-12-17 19:00:00+01:00,5059,Holt-Winters,2236.897175529349,2119.8559049589367
2013-12-17 19:10:00+01:00,5059,Holt-Winters,2005.543316084965,2087.8059204890583
2013-12-17 19:20:00+01:00,5059,Holt-Winters,1953.8908385538928,2005.7606130524416
2013-12-17 19:30:00+01:00,5059,Holt-Winters,1802.5775575198127,1880.6471981002355
2013-12-17 19:40:00+01:00,5059,Holt-Winters,1852.4194912685211,1707.9918050775184
2013-12-17 19:50:00+01:00,5059,Holt-Winters,1696.9372330713313,1754.3470838058315
2013-12-17 20:00:00+01:00,5059,Holt-Winters,1606.592280829726,1637.1739863825053
2013-12-17 20:10:00+01:00,5059,Holt-Winters,1590.6037134884723,1514.189618679508
2013-12-17 20:20:00+01:00,5059,Holt-Winters,1446.0183108210147,1482.7610532653528
2013-12-17 20:30:00+01:00,5059,Holt-Winters,1323.764263114715,1355.8887498573422
2013-12-17 20:40:00+01:00,5059,Holt-Winters,1351.1809224767587,1266.059495075708
2013-12-17 20:50:00+01:00,5059,Holt-Winters,1179.2695581179487,1273.582848391898
2013-12-17 21:00:00+01:00,5059,Holt-Winters,1079.566171721769,1148.6894590178083
2013-12-17 21:10:00+01:00,5059,Holt-Winters,1028.0623323242182,1073.29207808456
2013-12-17 21:20:00+01:00,5059,Holt-Winters,1090.8692043011595,1032.6537156540862
2013-12-17 21:30:00+01:00,5059,Holt-Winters,956.157173394153,994.150974095252
2013-12-17 21:40:00+01:00,5059,Holt-Winters,862.8588562365394,1002.0769117926861
2013-12-17 21:50:00+01:00,5059,Holt-Winters,919.108211412784,949.552343362852
2013-12-17 22:00:00+01:00,5059,Holt-Winters,801.8913669990999,858.9706681777942
2013-12-17 22:10:00+01:00,5059,Holt-Winters,840.025473348916,828.1278631128695
2013-12-17 22:20:00+01:00,5059,Holt-Winters,779.964293575358,795.9973026981867
2013-12-17 22:30:00+01:00,5059,Holt-Winters,783.5627899339181,742.9682515925494
2013-12-17 22:40:00+01:00,5059,Holt-Winters,769.1843076283114,713.6310664777976
2013-12-17 22:50:00+01:00,5059,Holt-Winters,724.5754541299857,714.1498911888298
2013-12-17 23:00:00+01:00,5059,Holt-Winters,680.9918038722185,698.881680967878
2013-12-17 23:10:00+01:00,5059,Holt-Winters,609.1262592980859,670.165488747817
2013-12-17 23:20:00+01:00,5059,Holt-Winters,687.9436334535905,655.4169210881709
2013-12-17 23:30:00+01:00,5059,Holt-Winters,579.2200083131236,609.8607560877739
2013-12-17 23:40:00+01:00,5059,Holt-Winters,560.5220967708262,559.7502741602096
2013-12-17 23:50:00+01:00,5059,Holt-Winters,585.9376945311287,536.7645909256916
2013-12-18 00:00:00+01:00,5059,Holt-Winters,543.7736968991749,536.7994505408765
2013-12-18 00:10:00+01:00,5059,Holt-Winters,489.5595279221815,521.5347692981464
2013-12-18 00:20:00+01:00,5059,Holt-Winters,539.0692878515375,507.918499954388
2013-12-18 00:30:00+01:00,5059,Holt-Winters,504.4429839294646,447.0343566009295
2013-12-18 00:40:00+01:00,5059,Holt-Winters,474.90781344676077,452.8021126920799
2013-12-18 00:50:00+01:00,5059,Holt-Winters,456.41155611897767,418.3342476961247
2013-12-18 01:00:00+01:00,5059,Holt-Winters,410.78294210556214,402.05415525199396
2013-12-18 01:10:00+01:00,5059,Holt-Winters,379.6580133956543,385.6938168519403
2013-12-18 01:20:00+01:00,5059,Holt-Winters,401.6303789541303,390.0430029246734
2013-12-18 01:30:00+01:00,5059,Holt-Winters,409.8603703943211,371.5399498987868
2013-12-18 01:40:00+01:00,5059,Holt-Winters,410.02415046696865,376.13656451932235
2013-12-18 01:50:00+01:00,5059,Holt-Winters,413.1297835925668,378.2264869565553
2013-12-18 02:00:00+01:00,5059,Holt-Winters,381.0713856975038,395.76210226357335
2013-12-18 02:10:00+01:00,5059,Holt-Winters,370.3176727064605,365.44359826618927
2013-12-18 02:20:00+01:00,5059,Holt-Winters,391.415869340594,371.474904752575
2013-12-18 02:30:00+01:00,5059,Holt-Winters,339.148300881556,374.2371934316464
2013-12-18 02:40:00+01:00,5059,Holt-Winters,343.9882060413193,353.12774679287924
2013-12-18 02:50:00+01:00,5059,Holt-Winters,354.6266013871846,344.613604160749
2013-12-18 03:00:00+01:00,5059,Holt-Winters,349.9417560497925,343.2642104129289
2013-12-18 03:10:00+01:00,5059,Holt-Winters,357.09318141952957,341.0196667052318
2013-12-18 03:20:00+01:00,5059,Holt-Winters,353.47435520361154,352.7390719749137
2013-12-18 03:30:00+01:00,5059,Holt-Winters,323.447450434965,348.06505315761916
2013-12-18 03:40:00+01:00,5059,Holt-Winters,330.1956752648785,351.51760081779236
2013-12-18 03:50:00+01:00,5059,Holt-Winters,333.831216647599,330.5174662912419
2013-12-18 04:00:00+01:00,5059,Holt-Winters,349.34023294260385,328.803072980616
2013-12-18 04:10:00+01:00,5059,Holt-Winters,332.1836171780489,335.19580585645286
2013-12-18 04:20:00+01:00,5059,Holt-Winters,342.72670865070006,331.150135684905
2013-12-18 04:30:00+01:00,5059,Holt-Winters,374.74505887607165,332.87790324672335
2013-12-18 04:40:00+01:00,5059,Holt-Winters,368.8532675342715,345.55924830888347
2013-12-18 04:50:00+01:00,5059,Holt-Winters,359.9599502826066,359.12912347023257
2013-12-18 05:00:00+01:00,5059,Holt-Winters,320.0647369327155,356.7622601424435
2013-12-18 05:10:00+01:00,5059,Holt-Winters,361.5438998780232,340.9187045154484
2013-12-18 05:20:00+01:00,5059,Holt-Winters,344.9346728869323,364.3060722237923
2013-12-18 05:30:00+01:00,5059,Holt-Winters,401.5830470757553,341.8216421750458
2013-12-18 05:40:00+01:00,5059,Holt-Winters,397.4718817600568,363.3248886344265
2013-12-18 05:50:00+01:00,5059,Holt-Winters,396.8632282582037,385.78400620424344
2013-12-18 06:00:00+01:00,5059,Holt-Winters,346.3753973935506,392.0337547284479
2013-12-18 06:10:00+01:00,5059,Holt-Winters,356.57951866107777,381.55233031699754
2013-12-18 06:20:00+01:00,5059,Holt-Winters,357.72878170509375,377.9078094049576
2013-12-18 06:30:00+01:00,5059,Holt-Winters,379.6343106637374,380.94762700946853
2013-12-18 06:40:00+01:00,5059,Holt-Winters,361.9120054179503,392.2356260238789
2013-12-18 06:50:00+01:00,5059,Holt-Winters,413.22113214452276,394.1675034943318
2013-12-18 07:00:00+01:00,5059,Holt-Winters,403.95444104839953,426.6806578332035
2013-12-18 07:10:00+01:00,5059,Holt-Winters,471.1231608700478,447.7726172659292
2013-12-18 07:20:00+01:00,5059,Holt-Winters,481.87419716284353,464.9032461556014
2013-12-18 07:30:00+01:00,5059,Holt-Winters,486.940277290041,522.9672681383779
2013-12-18 07:40:00+01:00,5059,Holt-Winters,624.4268705854736,593.1684622998354
2013-12-18 07:50:00+01:00,5059,Holt-Winters,638.6378132859073,670.5431454131016
2013-12-18 08:00:00+01:00,5059,Holt-Winters,813.0423251435557,746.3644656056347
2013-12-18 08:10:00+01:00,5059,Holt-Winters,815.5121252940957,855.8677619692684
2013-12-18 08:20:00+01:00,5059,Holt-Winters,925.61453235213,884.765550449456
2013-12-18 08:30:00+01:00,5059,Holt-Winters,986.848120974192,973.6021418003932
2013-12-18 08:40:00+01:00,5059,Holt-Winters,1024.8682611465363,1083.04681233537
2013-12-18 08:50:00+01:00,5059,Holt-Winters,1120.727843257828,1172.1916047222294
2013-12-18 09:00:00+01:00,5059,Holt-Winters,1329.3274274725973,1224.5487198769129
2013-12-18 09:10:00+01:00,5059,Holt-Winters,1298.2369897110016,1328.0783092982604
2013-12-18 09:20:00+01:00,5059,Holt-Winters,1384.4583814098676,1364.5380474756694
2013-12-18 09:30:00+01:00,5059,Holt-Winters,1469.435973217305,1398.9842990624309
2013-12-18 09:40:00+01:00,5059,Holt-Winters,1578.1361312666945,1523.1140469320123
2013-12-18 09:50:00+01:00,5059,Holt-Winters,1854.7710667065855,1577.5212240802873
2013-12-18 10:00:00+01:00,5059,Holt-Winters,1918.0593438392868,1748.934377366144
2013-12-18 10:10:00+01:00,5059,Holt-Winters,1979.1547096410304,1920.5402029872234
2013-12-18 10:20:00+01:00,5059,Holt-Winters,1986.4985244164911,2061.760231501186
2013-12-18 10:30:00+01:00,5059,Holt-Winters,2171.308455294276,2057.6632757944553
2013-12-18 10:40:00+01:00,5059,Holt-Winters,2056.852707466107,2132.4242300483475
2013-12-18 10:50:00+01:00,5059,Holt-Winters,2273.6548957077953,2216.2996258967164
2013-12-18 11:00:00+01:00,5059,Holt-Winters,2399.373989061783,2303.3100759707477
2013-12-18 11:10:00+01:00,5059,Holt-Winters,2414.5996098502,2340.6301317425914
2013-12-18 11:20:00+01:00,5059,Holt-Winters,2517.3286726792185,2430.9330855748144
2013-12-18 11:30:00+01:00,5059,Holt-Winters,2686.7635965596937,2529.266884405441
2013-12-18 11:40:00+01:00,5059,Holt-Winters,2631.355958824679,2646.558157906066
2013-12-18 11:50:00+01:00,5059,Holt-Winters,2698.8047380088055,2697.5710464962344
2013-12-18 12:00:00+01:00,5059,Holt-Winters,2644.4452959691716,2735.6124770379033
2013-12-18 12:10:00+01:00,5059,Holt-Winters,2527.148419468281,2811.7478352141184
2013-12-18 12:20:00+01:00,5059,Holt-Winters,2794.05995197264,2725.398342337751
2013-12-18 12:30:00+01:00,5059,Holt-Winters,2793.751881246536,2793.470794111508
2013-12-18 12:40:00+01:00,5059,Holt-Winters,2745.215883678625,2807.4403073152134
2013-12-18 12:50:00+01:00,5059,Holt-Winters,2864.418528694098,2838.789329669313
2013-12-18 13:00:00+01:00,5059,Holt-Winters,3068.515763127842,2938.3838207807976
2013-12-18 13:10:00+01:00,5059,Holt-Winters,3000.179883659302,3022.67326235811
2013-12-18 13:20:00+01:00,5059,Holt-Winters,3004.6578159838646,3066.5137858006246
2013-12-18 13:30:00+01:00,5059,Holt-Winters,3191.448161658042,3074.8189703076496
2013-12-18 13:40:00+01:00,5059,Holt-Winters,3207.1082996863743,3188.5152292718026
2013-12-18 13:50:00+01:00,5059,Holt-Winters,3051.941792433846,3143.5300351336296
2013-12-18 14:00:00+01:00,5059,Holt-Winters,3178.2043481587575,3131.893047682322
2013-12-18 14:10:00+01:00,5059,Holt-Winters,3111.8794011532564,3177.0411859940823
2013-12-18 14:20:00+01:00,5059,Holt-Winters,2973.6132139771867,3150.03110038636
2013-12-18 14:30:00+01:00,5059,Holt-Winters,3023.9789777126794,3028.292908318389
2013-12-18 14:40:00+01:00,5059,Holt-Winters,2870.2232175004474,2992.7494159324265
2013-12-18 14:50:00+01:00,5059,Holt-Winters,2810.923607709171,2879.9992098491152
2013-12-18 15:00:00+01:00,5059,Holt-Winters,2524.7148022101296,2844.719800325112
2013-12-18 15:10:00+01:00,5059,Holt-Winters,2665.346366625859,2728.5142370502217
2013-12-18 15:20:00+01:00,5059,Holt-Winters,2788.057641203671,2751.4636665595044
2013-12-18 15:30:00+01:00,5059,Holt-Winters,2690.242446131267,2688.447819442641
2013-12-18 15:40:00+01:00,5059,Holt-Winters,2476.0341872915687,2694.7618286473353
2013-12-18 15:50:00+01:00,5059,Holt-Winters,2679.119521873683,2620.0061045457724
2013-12-18 16:00:00+01:00,5059,Holt-Winters,2502.6747519075807,2684.533796292612
2013-12-18 16:10:00+01:00,5059,Holt-Winters,2525.053675563727,2591.169316933486
2013-12-18 16:20:00+01:00,5059,Holt-Winters,2681.9225684807616,2583.2465804861117
2013-12-18 16:30:00+01:00,5059,Holt-Winters,2889.6280857308334,2566.156354308037
2013-12-18 16:40:00+01:00,5059,Holt-Winters,2542.5158187074485,2702.646994420144
2013-12-18 16:50:00+01:00,5059,Holt-Winters,2753.3704305928,2649.1245595004975
2013-12-18 17:00:00+01:00,5059,Holt-Winters,2676.2470637758593,2606.268031024264
2013-12-18 17:10:00+01:00,5059,Holt-Winters,2600.921754718969,2658.507963341578
2013-12-18 17:20:00+01:00,5059,Holt-Winters,2616.2776437022294,2657.0592384137913
2013-12-18 17:30:00+01:00,5059,Holt-Winters,2503.0155481320817,2610.7798599507205
2013-12-18 17:40:00+01:00,5059,Holt-Winters,2491.408603981494,2531.17685739131
2013-12-18 17:50:00+01:00,5059,Holt-Winters,2464.9943079902773,2404.6623048883953
2013-12-18 18:00:00+01:00,5059,Holt-Winters,2273.415049555329,2483.5476425831857
2013-12-18 18:10:00+01:00,5059,Holt-Winters,2249.703419574344,2327.9087356284335
2013-12-18 18:20:00+01:00,5059,Holt-Winters,2227.005320773888,2284.9653310431904
2013-12-18 18:30:00+01:00,5059,Holt-Winters,2196.0857373418207,2196.209029622829
2013-12-18 18:40:00+01:00,5059,Holt-Winters,1929.9334226537162,2104.079335205836
2013-12-18 18:50:00+01:00,5059,Holt-Winters,1906.7806631735991,1948.1613011602585
2013-12-18 19:00:00+01:00,5059,Holt-Winters,1933.294366637379,1890.2895278433025
2013-12-18 19:10:00+01:00,5059,Holt-Winters,1699.9930345911962,1831.450521939924
2013-12-18 19:20:00+01:00,5059,Holt-Winters,1720.3448091463008,1731.6047513799135
2013-12-18 19:30:00+01:00,5059,Holt-Winters,1700.022794249381,1621.185422040082
2013-12-18 19:40:00+01:00,5059,Holt-Winters,1523.4856287132607,1505.3045821372225
2013-12-18 19:50:00+01:00,5059,Holt-Winters,1568.3331793869795,1505.9793242242004
2013-12-18 20:00:00+01:00,5059,Holt-Winters,1453.8414129487787,1432.1410068174207
2013-12-18 20:10:00+01:00,5059,Holt-Winters,1269.3866241564565,1328.0741716979248
2013-12-18 20:20:00+01:00,5059,Holt-Winters,1161.6352081750892,1247.7610138501348
2013-12-18 20:30:00+01:00,5059,Holt-Winters,1171.1188686028524,1103.0201569800147
2013-12-18 20:40:00+01:00,5059,Holt-Winters,991.7398449113497,1049.455229702134
2013-12-18 20:50:00+01:00,5059,Holt-Winters,957.0807771124571,1005.2951302709035
2013-12-18 21:00:00+01:00,5059,Holt-Winters,985.3856762517145,897.0819804061883
2013-12-18 21:10:00+01:00,5059,Holt-Winters,816.4782680852097,878.6472964101876
2013-12-18 21:20:00+01:00,5059,Holt-Winters,850.4734971172941,831.8796974294837
2013-12-18 21:30:00+01:00,5059,Holt-Winters,817.6906815197862,779.0404157471637
2013-12-18 21:40:00+01:00,5059,Holt-Winters,688.8506628285114,814.6989101096448
2013-12-18 21:50:00+01:00,5059,Holt-Winters,702.4694820703987,767.0120151312151
2013-12-18 22:00:00+01:00,5059,Holt-Winters,753.8612543852075,664.0923223474231
2013-12-18 22:10:00+01:00,5059,Holt-Winters,676.8564501712979,686.3844452189527
2013-12-18 22:20:00+01:00,5059,Holt-Winters,758.3573160739832,646.5013366951882
2013-12-18 22:30:00+01:00,5059,Holt-Winters,652.5493699822855,639.7470826304
2013-12-18 22:40:00+01:00,5059,Holt-Winters,640.0536103792664,600.3536699317513
2013-12-18 22:50:00+01:00,5059,Holt-Winters,634.624246031197,595.1362050602797
2013-12-18 23:00:00+01:00,5059,Holt-Winters,604.5951414686087,590.3838358674572
2013-12-18 23:10:00+01:00,5059,Holt-Winters,545.2345670530597,573.2829963956688
2013-12-18 23:20:00+01:00,5059,Holt-Winters,540.5254183598569,570.471676790439
2013-12-18 23:30:00+01:00,5059,Holt-Winters,593.6400030972818,502.310562935613
2013-12-18 23:40:00+01:00,5059,Holt-Winters,579.1790161992031,496.3332449177448
2013-12-18 23:50:00+01:00,5059,Holt-Winters,502.681969788076,503.0448433771549
2013-12-19 00:00:00+01:00,5059,Holt-Winters,536.7287637734923,485.1558198046386
2013-12-19 00:10:00+01:00,5059,Holt-Winters,487.2052468712019,486.0285379142262
2013-12-19 00:20:00+01:00,5059,Holt-Winters,436.3902238811493,484.40782652380665
2013-12-19 00:30:00+01:00,5059,Holt-Winters,456.98667049590455,394.8777360313284
2013-12-19 00:40:00+01:00,5059,Holt-Winters,429.7248903876966,402.34623087487887
2013-12-19 00:50:00+01:00,5059,Holt-Winters,370.90133161373166,369.78631041110265
2013-12-19 01:00:00+01:00,5059,Holt-Winters,435.6061274724105,340.13194423690993
2013-12-19 01:10:00+01:00,5059,Holt-Winters,394.70071083949205,355.15918391400214
2013-12-19 01:20:00+01:00,5059,Holt-Winters,400.9431114384961,375.9998735773954
2013-12-19 01:30:00+01:00,5059,Holt-Winters,427.4380569763511,362.32944768232
2013-12-19 01:40:00+01:00,5059,Holt-Winters,336.432548525715,376.61898437743014
2013-12-19 01:50:00+01:00,5059,Holt-Winters,365.28947181719207,351.90628397023164
2013-12-19 02:00:00+01:00,5059,Holt-Winters,346.521342233939,361.65515642958303
2013-12-19 02:10:00+01:00,5059,Holt-Winters,342.6711331792088,331.17632390729557
2013-12-19 02:20:00+01:00,5059,Holt-Winters,320.3067852022814,339.60324837600365
2013-12-19 02:30:00+01:00,5059,Holt-Winters,328.1425913805245,328.16803633704797
2013-12-19 02:40:00+01:00,5059,Holt-Winters,280.1180576799443,319.74579553167564
2013-12-19 02:50:00+01:00,5059,Holt-Winters,335.4681841160034,300.1999358652527
2013-12-19 03:00:00+01:00,5059,Holt-Winters,298.21441243482883,307.98879263499805
2013-12-19 03:10:00+01:00,5059,Holt-Winters,309.2170991670778,299.79135542208604
2013-12-19 03:20:00+01:00,5059,Holt-Winters,300.1225564931746,309.1053600706284
2013-12-19 03:30:00+01:00,5059,Holt-Winters,246.7247532059921,300.91499086344623
2013-12-19 03:40:00+01:00,5059,Holt-Winters,276.3256637148603,293.6671045331386
2013-12-19 03:50:00+01:00,5059,Holt-Winters,262.1130720022303,274.10725134259314
2013-12-19 04:00:00+01:00,5059,Holt-Winters,270.2798707989763,266.8539031295104
2013-12-19 04:10:00+01:00,5059,Holt-Winters,252.87465091984024,267.0551963846223
2013-12-19 04:20:00+01:00,5059,Holt-Winters,251.35563789101428,258.9684164222745
2013-12-19 04:30:00+01:00,5059,Holt-Winters,252.64907119921253,253.75279224821642
2013-12-19 04:40:00+01:00,5059,Holt-Winters,252.2801092947333,250.88574162552925
2013-12-19 04:50:00+01:00,5059,Holt-Winters,271.0941971573921,256.5315418301446
2013-12-19 05:00:00+01:00,5059,Holt-Winters,250.35619828982217,259.13334378754126
2013-12-19 05:10:00+01:00,5059,Holt-Winters,284.9673125115872,253.39237656213197
2013-12-19 05:20:00+01:00,5059,Holt-Winters,278.6534439033785,280.74175092362424
2013-12-19 05:30:00+01:00,5059,Holt-Winters,234.9504278446457,264.5109600549189
2013-12-19 05:40:00+01:00,5059,Holt-Winters,278.2427763608672,253.69434411227795
2013-12-19 05:50:00+01:00,5059,Holt-Winters,274.4029886361092,272.6803600361023
2013-12-19 06:00:00+01:00,5059,Holt-Winters,246.94149252470348,275.5445593574528
2013-12-19 06:10:00+01:00,5059,Holt-Winters,316.2096068087472,271.2343473053026
2013-12-19 06:20:00+01:00,5059,Holt-Winters,317.4205915073021,292.8995331492696
2013-12-19 06:30:00+01:00,5059,Holt-Winters,308.8335239301206,312.1134360622382
2013-12-19 06:40:00+01:00,5059,Holt-Winters,312.5832677434298,322.68985058495286
2013-12-19 06:50:00+01:00,5059,Holt-Winters,378.32358502269534,331.9369733339556
2013-12-19 07:00:00+01:00,5059,Holt-Winters,398.9413710071025,374.3401757328583
2013-12-19 07:10:00+01:00,5059,Holt-Winters,383.5255036916005,412.55688072155704
2013-12-19 07:20:00+01:00,5059,Holt-Winters,505.4136964137046,410.7338625900792
2013-12-19 07:30:00+01:00,5059,Holt-Winters,487.4410932227262,496.9157297660217
2013-12-19 07:40:00+01:00,5059,Holt-Winters,513.9205171343103,576.7245126715793
2013-12-19 07:50:00+01:00,5059,Holt-Winters,644.8989028283055,620.0640634636281
2013-12-19 08:00:00+01:00,5059,Holt-Winters,664.4584384106298,716.4160012692325
2013-12-19 08:10:00+01:00,5059,Holt-Winters,682.4676778189996,782.9927708257142
2013-12-19 08:20:00+01:00,5059,Holt-Winters,738.4892390911912,790.1191041366791
2013-12-19 08:30:00+01:00,5059,Holt-Winters,748.6995133061936,845.493550519259
2013-12-19 08:40:00+01:00,5059,Holt-Winters,879.4210834245963,915.121818685793
2013-12-19 08:50:00+01:00,5059,Holt-Winters,1059.679721881494,1012.3998865184876
2013-12-19 09:00:00+01:00,5059,Holt-Winters,1205.6597079842084,1100.4859565723154
2013-12-19 09:10:00+01:00,5059,Holt-Winters,1294.013350952021,1204.1584869351111
2013-12-19 09:20:00+01:00,5059,Holt-Winters,1403.564713442008,1283.9285731553214
2013-12-19 09:30:00+01:00,5059,Holt-Winters,1366.8352103602988,1354.4555597200392
2013-12-19 09:40:00+01:00,5059,Holt-Winters,1410.3505221045393,1457.572778415883
2013-12-19 09:50:00+01:00,5059,Holt-Winters,1500.0517817141547,1474.9843067017837
2013-12-19 10:00:00+01:00,5059,Holt-Winters,1631.4615686937482,1555.1488856159144
2013-12-19 10:10:00+01:00,5059,Holt-Winters,1594.8405005830125,1693.1719170704641
2013-12-19 10:20:00+01:00,5059,Holt-Winters,1743.966534150521,1777.6033133116944
2013-12-19 10:30:00+01:00,5059,Holt-Winters,1792.16366838841,1788.5677410287321
2013-12-19 10:40:00+01:00,5059,Holt-Winters,1852.2519185989156,1823.508951089264
2013-12-19 10:50:00+01:00,5059,Holt-Winters,1815.0078379638985,1945.1290496988145
2013-12-19 11:00:00+01:00,5059,Holt-Winters,1953.044086730254,1964.3038226350657
2013-12-19 11:10:00+01:00,5059,Holt-Winters,1898.2077627255287,1962.790354636385
2013-12-19 11:20:00+01:00,5059,Holt-Winters,1932.6766482165613,2002.9602282494884
2013-12-19 11:30:00+01:00,5059,Holt-Winters,2083.846760119044,2044.6019166431229
2013-12-19 11:40:00+01:00,5059,Holt-Winters,2171.0338817983265,2119.1054467508015
2013-12-19 11:50:00+01:00,5059,Holt-Winters,2265.274892823078,2194.408592898988
2013-12-19 12:00:00+01:00,5059,Holt-Winters,2178.1807964524087,2257.6455845239084
2013-12-19 12:10:00+01:00,5059,Holt-Winters,2262.1306170042567,2338.0152858377446
2013-12-19 12:20:00+01:00,5059,Holt-Winters,2150.625855726567,2327.186231944899
2013-12-19 12:30:00+01:00,5059,Holt-Winters,2270.917366788972,2306.528623701271
2013-12-19 12:40:00+01:00,5059,Holt-Winters,2441.9105089258837,2307.5110067730548
2013-12-19 12:50:00+01:00,5059,Holt-Winters,2547.372257843974,2410.005577824372
2013-12-19 13:00:00+01:00,5059,Holt-Winters,2549.3321702751787,2550.030674537411
2013-12-19 13:10:00+01:00,5059,Holt-Winters,2767.840205049686,2586.980994627098
2013-12-19 13:20:00+01:00,5059,Holt-Winters,2683.8859615620045,2704.40173712971
2013-12-19 13:30:00+01:00,5059,Holt-Winters,2711.2274876545725,2727.6652782624114
2013-12-19 13:40:00+01:00,5059,Holt-Winters,2517.5943287330497,2793.213157486449
2013-12-19 13:50:00+01:00,5059,Holt-Winters,2742.8960086254424,2641.7716055295746
2013-12-19 14:00:00+01:00,5059,Holt-Winters,2650.2073692734793,2699.8649261828277
2013-12-19 14:10:00+01:00,5059,Holt-Winters,2467.6527090842947,2710.2881092830376
2013-12-19 14:20:00+01:00,5059,Holt-Winters,2606.0076785340425,2619.0617402641046
2013-12-19 14:30:00+01:00,5059,Holt-Winters,2583.6455903449214,2556.4344061316997
2013-12-19 14:40:00+01:00,5059,Holt-Winters,2529.976537768367,2532.297824591052
2013-12-19 14:50:00+01:00,5059,Holt-Winters,2546.6701795436834,2463.042042485945
2013-12-19 15:00:00+01:00,5059,Holt-Winters,2376.3785499682213,2483.016291791699
2013-12-19 15:10:00+01:00,5059,Holt-Winters,2511.2964176891996,2444.014611319642
2013-12-19 15:20:00+01:00,5059,Holt-Winters,2380.689174967583,2514.1653862176754
2013-12-19 15:30:00+01:00,5059,Holt-Winters,2496.920169570306,2389.612080503613
2013-12-19 15:40:00+01:00,5059,Holt-Winters,2670.805571501096,2434.1046234024757
2013-12-19 15:50:00+01:00,5059,Holt-Winters,2527.7155218410808,2524.1392052570377
2013-12-19 16:00:00+01:00,5059,Holt-Winters,2489.7964492530105,2568.5715932934486
2013-12-19 16:10:00+01:00,5059,Holt-Winters,2740.8386796100754,2512.506545437486
2013-12-19 16:20:00+01:00,5059,Holt-Winters,2435.4741959080657,2611.125515293299
2013-12-19 16:30:00+01:00,5059,Holt-Winters,2455.3763641498495,2494.7738857645713
2013-12-19 16:40:00+01:00,5059,Holt-Winters,2387.4033165893243,2499.965488849245
2013-12-19 16:50:00+01:00,5059,Holt-Winters,2405.840058667264,2463.655215867877
2013-12-19 17:00:00+01:00,5059,Holt-Winters,2422.1623950772405,2362.1592276512083
2013-12-19 17:10:00+01:00,5059,Holt-Winters,2372.2351973933446,2410.789536116963
2013-12-19 17:20:00+01:00,5059,Holt-Winters,2159.3250611600024,2416.2272204664887
2013-12-19 17:30:00+01:00,5059,Holt-Winters,2137.3470231333004,2291.747714063107
2013-12-19 17:40:00+01:00,5059,Holt-Winters,2231.6364660772742,2195.2700063130937
2013-12-19 17:50:00+01:00,5059,Holt-Winters,2189.9359888965487,2096.3037082859355
2013-12-19 18:00:00+01:00,5059,Holt-Winters,2123.960095043322,2187.23827399617
2013-12-19 18:10:00+01:00,5059,Holt-Winters,2123.451003595895,2084.7365314329204
2013-12-19 18:20:00+01:00,5059,Holt-Winters,1877.553342191135,2084.0988760227524
2013-12-19 18:30:00+01:00,5059,Holt-Winters,2125.4349841205067,1941.5790330605237
2013-12-19 18:40:00+01:00,5059,Holt-Winters,2092.7606490164035,1916.0195902741098
2013-12-19 18:50:00+01:00,5059,Holt-Winters,1824.8812008166783,1887.0649763882054
2013-12-19 19:00:00+01:00,5059,Holt-Winters,1729.002354566916,1821.6658859751383
2013-12-19 19:10:00+01:00,5059,Holt-Winters,1680.395520499064,1713.7372252896796
2013-12-19 19:20:00+01:00,5059,Holt-Winters,1606.5752362878022,1649.3932440359708
2013-12-19 19:30:00+01:00,5059,Holt-Winters,1626.3035230049497,1527.555081114002
2013-12-19 19:40:00+01:00,5059,Holt-Winters,1547.6588827438961,1418.878776325382
2013-12-19 19:50:00+01:00,5059,Holt-Winters,1395.2603887462813,1459.57220264063
2013-12-19 20:00:00+01:00,5059,Holt-Winters,1390.3670922554602,1339.901728796179
2013-12-19 20:10:00+01:00,5059,Holt-Winters,1230.7984534560287,1246.2430811041836
2013-12-19 20:20:00+01:00,5059,Holt-Winters,1114.678444359706,1181.5767538784949
2013-12-19 20:30:00+01:00,5059,Holt-Winters,1020.2102026287267,1043.7930908423316
2013-12-19 20:40:00+01:00,5059,Holt-Winters,942.3614820471294,957.0544910339353
2013-12-19 20:50:00+01:00,5059,Holt-Winters,842.1623482834539,928.4614215078556
2013-12-19 21:00:00+01:00,5059,Holt-Winters,718.4313832101792,806.4678616793282
2013-12-19 21:10:00+01:00,5059,Holt-Winters,781.4336926125877,724.22701366432
2013-12-19 21:20:00+01:00,5059,Holt-Winters,700.1835363671692,720.6538029605013
2013-12-19 21:30:00+01:00,5059,Holt-Winters,728.1584510887207,653.6797489265552
2013-12-19 21:40:00+01:00,5059,Holt-Winters,701.6063234487783,702.3022493511849
2013-12-19 21:50:00+01:00,5059,Holt-Winters,737.4239070672787,699.8999276487269
2013-12-19 22:00:00+01:00,5059,Holt-Winters,640.2519642941571,633.911539154593
2013-12-19 22:10:00+01:00,5059,Holt-Winters,642.985078222449,626.0162528569025
2013-12-19 22:20:00+01:00,5059,Holt-Winters,583.5190957964612,595.7206389346233
2013-12-19 22:30:00+01:00,5059,Holt-Winters,631.5819903985708,544.077948866685
2013-12-19 22:40:00+01:00,5059,Holt-Winters,589.1495625226398,531.714294975074
2013-12-19 22:50:00+01:00,5059,Holt-Winters,559.7251731516242,532.9141039566794
2013-12-19 23:00:00+01:00,5059,Holt-Winters,568.679953335636,523.5747542669532
2013-12-19 23:10:00+01:00,5059,Holt-Winters,518.3544693920394,517.6524272438222
2013-12-19 23:20:00+01:00,5059,Holt-Winters,516.4648617700618,525.2440535736117
2013-12-19 23:30:00+01:00,5059,Holt-Winters,506.9211801212165,464.74193932142646
2013-12-19 23:40:00+01:00,5059,Holt-Winters,482.3107953596432,440.98032629398955
2013-12-19 23:50:00+01:00,5059,Holt-Winters,465.71011898830255,432.6702078203466
2013-12-20 00:00:00+01:00,5059,Holt-Winters,525.8391811623073,426.8675030415028
2013-12-20 00:10:00+01:00,5059,Holt-Winters,489.6033643214071,444.89077358388937
2013-12-20 00:20:00+01:00,5059,Holt-Winters,372.18170621682486,459.0228968744902
2013-12-20 00:30:00+01:00,5059,Holt-Winters,404.6974153557329,355.44504764343026
2013-12-20 00:40:00+01:00,5059,Holt-Winters,391.8035199030421,358.26157812262113
2013-12-20 00:50:00+01:00,5059,Holt-Winters,297.0850991814628,327.93175298902406
2013-12-20 01:00:00+01:00,5059,Holt-Winters,363.3344991526836,286.71251292294556
2013-12-20 01:10:00+01:00,5059,Holt-Winters,311.2339751321364,294.91835538330486
2013-12-20 01:20:00+01:00,5059,Holt-Winters,304.23021505480676,307.35508350722733
2013-12-20 01:30:00+01:00,5059,Holt-Winters,292.2712204868343,283.5286157339828
2013-12-20 01:40:00+01:00,5059,Holt-Winters,266.19816452625963,277.4229217629787
2013-12-20 01:50:00+01:00,5059,Holt-Winters,241.7376492345742,263.1895895607622
2013-12-20 02:00:00+01:00,5059,Holt-Winters,268.4535928885993,260.3338702957532
2013-12-20 02:10:00+01:00,5059,Holt-Winters,255.58800781726006,238.26899669187287
2013-12-20 02:20:00+01:00,5059,Holt-Winters,255.26365254841616,248.8033251040489
2013-12-20 02:30:00+01:00,5059,Holt-Winters,247.74218078829716,246.68783849446916
2013-12-20 02:40:00+01:00,5059,Holt-Winters,261.45126158387035,238.65630322553673
2013-12-20 02:50:00+01:00,5059,Holt-Winters,212.5583143638952,241.69720127537065
2013-12-20 03:00:00+01:00,5059,Holt-Winters,225.6367273427018,226.18125954343165
2013-12-20 03:10:00+01:00,5059,Holt-Winters,253.4142747997072,221.32351050771186
2013-12-20 03:20:00+01:00,5059,Holt-Winters,224.57255264220984,238.83852790979532
2013-12-20 03:30:00+01:00,5059,Holt-Winters,224.4408265720119,228.73651876740732
2013-12-20 03:40:00+01:00,5059,Holt-Winters,250.7928666623549,239.54225841188705
2013-12-20 03:50:00+01:00,5059,Holt-Winters,213.31397230687588,230.3280282741146
2013-12-20 04:00:00+01:00,5059,Holt-Winters,220.35383958377943,221.25830966980143
2013-12-20 04:10:00+01:00,5059,Holt-Winters,226.84929285616948,219.89269610532673
2013-12-20 04:20:00+01:00,5059,Holt-Winters,201.8170904489129,219.4540880263556
2013-12-20 04:30:00+01:00,5059,Holt-Winters,205.7938309617253,210.61134390014305
2013-12-20 04:40:00+01:00,5059,Holt-Winters,235.06806763990468,206.40051092411915
2013-12-20 04:50:00+01:00,5059,Holt-Winters,192.87130693697134,221.91472358999388
2013-12-20 05:00:00+01:00,5059,Holt-Winters,216.31818752894188,208.73829354886274
2013-12-20 05:10:00+01:00,5059,Holt-Winters,236.10061823349153,208.91588655989375
2013-12-20 05:20:00+01:00,5059,Holt-Winters,207.196969063719,234.67672844323138
2013-12-20 05:30:00+01:00,5059,Holt-Winters,252.6470259875985,209.25840455652465
2013-12-20 05:40:00+01:00,5059,Holt-Winters,243.07234235022895,224.83739404172877
2013-12-20 05:50:00+01:00,5059,Holt-Winters,206.3478039694104,241.53896631351367
2013-12-20 06:00:00+01:00,5059,Holt-Winters,246.4004129838222,231.04643958705955
2013-12-20 06:10:00+01:00,5059,Holt-Winters,231.74611326732247,242.64145236285682
2013-12-20 06:20:00+01:00,5059,Holt-Winters,241.98839652535327,244.09066307863154
2013-12-20 06:30:00+01:00,5059,Holt-Winters,240.64298161385904,253.67129755107402
2013-12-20 06:40:00+01:00,5059,Holt-Winters,296.8053578235843,260.7203919124645
2013-12-20 06:50:00+01:00,5059,Holt-Winters,303.1602112211577,286.6812643640378
2013-12-20 07:00:00+01:00,5059,Holt-Winters,369.7269874340917,318.26280700736766
2013-12-20 07:10:00+01:00,5059,Holt-Winters,364.4389525038346,366.1994980590306
2013-12-20 07:20:00+01:00,5059,Holt-Winters,412.5123287754679,374.24403933524735
2013-12-20 07:30:00+01:00,5059,Holt-Winters,379.6234051825406,440.0141979060368
2013-12-20 07:40:00+01:00,5059,Holt-Winters,429.2800567868636,501.39969964451365
2013-12-20 07:50:00+01:00,5059,Holt-Winters,670.1840530274999,541.3685170051278
2013-12-20 08:00:00+01:00,5059,Holt-Winters,684.6150251137783,675.3443792030956
2013-12-20 08:10:00+01:00,5059,Holt-Winters,693.4316082437371,764.075698319858
2013-12-20 08:20:00+01:00,5059,Holt-Winters,856.2360193550143,782.014044159741
2013-12-20 08:30:00+01:00,5059,Holt-Winters,789.6416061296161,882.9261746900429
2013-12-20 08:40:00+01:00,5059,Holt-Winters,935.7096446311258,953.8242937759155
2013-12-20 08:50:00+01:00,5059,Holt-Winters,1030.2851073302681,1057.4656347513114
2013-12-20 09:00:00+01:00,5059,Holt-Winters,1220.13266072733,1118.6092900140789
2013-12-20 09:10:00+01:00,5059,Holt-Winters,1237.1398529397816,1220.96098245384
2013-12-20 09:20:00+01:00,5059,Holt-Winters,1306.820377211013,1274.072466652304
2013-12-20 09:30:00+01:00,5059,Holt-Winters,1387.725636006505,1313.160192941304
2013-12-20 09:40:00+01:00,5059,Holt-Winters,1409.9805328406676,1438.7784491150696
2013-12-20 09:50:00+01:00,5059,Holt-Winters,1643.7428191505112,1462.8565607073995
2013-12-20 10:00:00+01:00,5059,Holt-Winters,1689.272003934374,1599.401932548968
2013-12-20 10:10:00+01:00,5059,Holt-Winters,1596.9041140034399,1742.3305106005096
2013-12-20 10:20:00+01:00,5059,Holt-Winters,1671.0422452853209,1809.7212634544655
2013-12-20 10:30:00+01:00,5059,Holt-Winters,1595.8231638558225,1782.6776628982284
2013-12-20 10:40:00+01:00,5059,Holt-Winters,1878.9928612760898,1748.7071165100206
2013-12-20 10:50:00+01:00,5059,Holt-Winters,1986.6230901859776,1907.0690133272035
2013-12-20 11:00:00+01:00,5059,Holt-Winters,1975.8968054994186,2002.111783483804
2013-12-20 11:10:00+01:00,5059,Holt-Winters,1999.3616138856423,1995.186975540713
2013-12-20 11:20:00+01:00,5059,Holt-Winters,2245.8920415078146,2060.235667201056
2013-12-20 11:30:00+01:00,5059,Holt-Winters,2462.250541748612,2194.4855588534306
2013-12-20 11:40:00+01:00,5059,Holt-Winters,2270.869187194384,2351.6758252882055
2013-12-20 11:50:00+01:00,5059,Holt-Winters,2222.109094283065,2378.950688143339
2013-12-20 12:00:00+01:00,5059,Holt-Winters,2357.328781544976,2359.794842879594
2013-12-20 12:10:00+01:00,5059,Holt-Winters,2275.7558503320365,2468.0254295902037
2013-12-20 12:20:00+01:00,5059,Holt-Winters,2439.717179569458,2415.084164383316
2013-12-20 12:30:00+01:00,5059,Holt-Winters,2526.5450398492626,2467.2255004607146
2013-12-20 12:40:00+01:00,5059,Holt-Winters,2346.0897548166195,2502.5572312223676
2013-12-20 12:50:00+01:00,5059,Holt-Winters,2470.798121140991,2499.805756023876
2013-12-20 13:00:00+01:00,5059,Holt-Winters,2650.6479368966434,2579.63069207316
2013-12-20 13:10:00+01:00,5059,Holt-Winters,2598.8075158991405,2642.530327834632
2013-12-20 13:20:00+01:00,5059,Holt-Winters,2632.6094353152557,2678.6892852109067
2013-12-20 13:30:00+01:00,5059,Holt-Winters,2461.224840610742,2692.702832540992
2013-12-20 13:40:00+01:00,5059,Holt-Winters,2746.5821594127456,2680.441497786521
2013-12-20 13:50:00+01:00,5059,Holt-Winters,2632.1051283019806,2652.660717874148
2013-12-20 14:00:00+01:00,5059,Holt-Winters,2633.7162464014477,2666.7258776152216
2013-12-20 14:10:00+01:00,5059,Holt-Winters,2568.361786725218,2683.172873959557
2013-12-20 14:20:00+01:00,5059,Holt-Winters,2618.5421869985685,2638.1979000655347
2013-12-20 14:30:00+01:00,5059,Holt-Winters,2665.730362761507,2573.1818530397927
2013-12-20 14:40:00+01:00,5059,Holt-Winters,2900.371530043799,2572.6866460421847
2013-12-20 14:50:00+01:00,5059,Holt-Winters,2662.66214424629,2622.8388657990076
2013-12-20 15:00:00+01:00,5059,Holt-Winters,2651.5894740353215,2626.9629550139557
2013-12-20 15:10:00+01:00,5059,Holt-Winters,2596.0820868850146,2635.4573654913947
2013-12-20 15:20:00+01:00,5059,Holt-Winters,2519.1434979483274,2667.0158032534796
2013-12-20 15:30:00+01:00,5059,Holt-Winters,2734.3699977438264,2537.2534772915915
2013-12-20 15:40:00+01:00,5059,Holt-Winters,2823.198777200726,2614.2419135712216
2013-12-20 15:50:00+01:00,5059,Holt-Winters,2617.3066456200545,2694.2376962067547
2013-12-20 16:00:00+01:00,5059,Holt-Winters,2674.8654397633595,2709.5396476061446
2013-12-20 16:10:00+01:00,5059,Holt-Winters,2548.038849665674,2669.4318912712724
2013-12-20 16:20:00+01:00,5059,Holt-Winters,2558.9575624357963,2641.5078200191692
2013-12-20 16:30:00+01:00,5059,Holt-Winters,2391.499192568052,2558.843474983382
2013-12-20 16:40:00+01:00,5059,Holt-Winters,2764.468255868256,2517.7393769490573
2013-12-20 16:50:00+01:00,5059,Holt-Winters,2595.301861996995,2611.433419950656
2013-12-20 17:00:00+01:00,5059,Holt-Winters,2626.299354670793,2525.0200445350124
2013-12-20 17:10:00+01:00,5059,Holt-Winters,2673.3780120923734,2588.5855334952043
2013-12-20 17:20:00+01:00,5059,Holt-Winters,2455.523272998494,2638.654495361493
2013-12-20 17:30:00+01:00,5059,Holt-Winters,2262.688361618329,2540.867944892546
2013-12-20 17:40:00+01:00,5059,Holt-Winters,2273.095354882482,2399.602619472806
2013-12-20 17:50:00+01:00,5059,Holt-Winters,2120.389470585455,2241.7027992863405
2013-12-20 18:00:00+01:00,5059,Holt-Winters,2335.0258031772432,2254.86237778112
2013-12-20 18:10:00+01:00,5059,Holt-Winters,2156.2871708984644,2204.2629233368993
2013-12-20 18:20:00+01:00,5059,Holt-Winters,2015.8968597147664,2172.25765296741
2013-12-20 18:30:00+01:00,5059,Holt-Winters,2134.443587020484,2047.896438922715
2013-12-20 18:40:00+01:00,5059,Holt-Winters,1919.2556124569057,1987.127200827714
2013-12-20 18:50:00+01:00,5059,Holt-Winters,1839.29031515043,1869.6630074119043
2013-12-20 19:00:00+01:00,5059,Holt-Winters,1951.7674011588945,1815.7743014429486
2013-12-20 19:10:00+01:00,5059,Holt-Winters,1644.7550446169173,1790.5817646512278
2013-12-20 19:20:00+01:00,5059,Holt-Winters,1486.1348619484104,1685.536693244846
2013-12-20 19:30:00+01:00,5059,Holt-Winters,1693.2423371645768,1507.0409185967183
2013-12-20 19:40:00+01:00,5059,Holt-Winters,1344.2494543511586,1430.0082196709345
2013-12-20 19:50:00+01:00,5059,Holt-Winters,1241.1987143421502,1393.0738309305013
2013-12-20 20:00:00+01:00,5059,Holt-Winters,1227.9812247430593,1241.7198313355914
2013-12-20 20:10:00+01:00,5059,Holt-Winters,1140.507265566108,1124.8298975244886
2013-12-20 20:20:00+01:00,5059,Holt-Winters,1019.1906659236164,1071.4246182664456
2013-12-20 20:30:00+01:00,5059,Holt-Winters,927.6131155380868,938.9470426425183
2013-12-20 20:40:00+01:00,5059,Holt-Winters,860.2623552924944,856.6405538073125
2013-12-20 20:50:00+01:00,5059,Holt-Winters,789.0068819818955,834.6744358848266
2013-12-20 21:00:00+01:00,5059,Holt-Winters,744.620248807567,727.3828088191698
2013-12-20 21:10:00+01:00,5059,Holt-Winters,782.2458984950423,683.2338189648507
2013-12-20 21:20:00+01:00,5059,Holt-Winters,736.7810587058777,694.7872931289427
2013-12-20 21:30:00+01:00,5059,Holt-Winters,696.8599239457909,650.4149536358502
2013-12-20 21:40:00+01:00,5059,Holt-Winters,733.6608564436095,688.89385008833
2013-12-20 21:50:00+01:00,5059,Holt-Winters,721.8334867280132,702.9416386553704
2013-12-20 22:00:00+01:00,5059,Holt-Winters,662.1285390868957,630.2114805486053
2013-12-20 22:10:00+01:00,5059,Holt-Winters,703.3141856360395,631.5707323732428
2013-12-20 22:20:00+01:00,5059,Holt-Winters,637.8367016450036,621.0945322928446
2013-12-20 22:30:00+01:00,5059,Holt-Winters,693.2207686464012,579.9247096452416
2013-12-20 22:40:00+01:00,5059,Holt-Winters,601.3870091669738,576.8935275140867
2013-12-20 22:50:00+01:00,5059,Holt-Winters,664.3227327647204,566.1738235313682
2013-12-20 23:00:00+01:00,5059,Holt-Winters,564.037425103182,582.647048542457
2013-12-20 23:10:00+01:00,5059,Holt-Winters,487.86608792561753,553.6704264264217
2013-12-20 23:20:00+01:00,5059,Holt-Winters,539.5644707546805,537.1976723704377
2013-12-20 23:30:00+01:00,5059,Holt-Winters,738.7418686016814,480.7285748760075
2013-12-20 23:40:00+01:00,5059,Holt-Winters,1177.4382281359137,535.0634196489414
2013-12-20 23:50:00+01:00,5059,Holt-Winters,832.1245890698235,744.232578673217
2013-12-21 00:00:00+01:00,5059,Holt-Winters,696.6467983525015,758.2773196268735
2013-12-21 00:10:00+01:00,5059,Holt-Winters,505.4170073563016,718.1889867513361
2013-12-21 00:20:00+01:00,5059,Holt-Winters,790.2081757245131,639.1540097025451
2013-12-21 00:30:00+01:00,5059,Holt-Winters,458.1687248772535,621.6551847587925
2013-12-21 00:40:00+01:00,5059,Holt-Winters,404.180004582827,547.4952203500891
2013-12-21 00:50:00+01:00,5059,Holt-Winters,392.9789887735571,453.1721682262216
2013-12-21 01:00:00+01:00,5059,Holt-Winters,361.3630793424876,401.3343085745798
2013-12-21 01:10:00+01:00,5059,Holt-Winters,361.5744809748782,367.3525675295174
2013-12-21 01:20:00+01:00,5059,Holt-Winters,322.63081483554737,371.79500476841775
2013-12-21 01:30:00+01:00,5059,Holt-Winters,308.5506185666257,331.30986854867757
2013-12-21 01:40:00+01:00,5059,Holt-Winters,308.66303439872377,313.8056800603017
2013-12-21 01:50:00+01:00,5059,Holt-Winters,316.962483172886,301.7730727368802
2013-12-21 02:00:00+01:00,5059,Holt-Winters,297.18680753531356,312.17550094561994
2013-12-21 02:10:00+01:00,5059,Holt-Winters,320.12656750925487,281.7491782990189
2013-12-21 02:20:00+01:00,5059,Holt-Winters,315.64931870746796,299.9031789230324
2013-12-21 02:30:00+01:00,5059,Holt-Winters,277.50320233929483,301.1476303849826
2013-12-21 02:40:00+01:00,5059,Holt-Winters,282.77679816256216,284.17919915643347
2013-12-21 02:50:00+01:00,5059,Holt-Winters,296.1383101916275,278.4646296240559
2013-12-21 03:00:00+01:00,5059,Holt-Winters,279.4826319466248,279.88714431775725
2013-12-21 03:10:00+01:00,5059,Holt-Winters,274.2796422617979,275.08005945001804
2013-12-21 03:20:00+01:00,5059,Holt-Winters,257.2602055796141,280.69387436967384
2013-12-21 03:30:00+01:00,5059,Holt-Winters,250.5474186164625,267.2746667565211
2013-12-21 03:40:00+01:00,5059,Holt-Winters,319.1932872568903,273.5822261043137
2013-12-21 03:50:00+01:00,5059,Holt-Winters,255.3902118603548,276.8008332491395
2013-12-21 04:00:00+01:00,5059,Holt-Winters,269.69435766780987,266.14028047729937
2013-12-21 04:10:00+01:00,5059,Holt-Winters,265.03292137537954,266.38792832599125
2013-12-21 04:20:00+01:00,5059,Holt-Winters,273.5162230814001,262.94188560487413
2013-12-21 04:30:00+01:00,5059,Holt-Winters,287.65330372374115,264.30700862319844
2013-12-21 04:40:00+01:00,5059,Holt-Winters,283.76548092099694,270.28684582268994
2013-12-21 04:50:00+01:00,5059,Holt-Winters,275.0704351487774,280.3051649534519
2013-12-21 05:00:00+01:00,5059,Holt-Winters,292.8203879967106,275.7435669211177
2013-12-21 05:10:00+01:00,5059,Holt-Winters,332.54619124623844,279.35748685134286
2013-12-21 05:20:00+01:00,5059,Holt-Winters,310.369818092148,314.52749346443807
2013-12-21 05:30:00+01:00,5059,Holt-Winters,288.3950255913151,297.5479313245267
2013-12-21 05:40:00+01:00,5059,Holt-Winters,300.3631437786233,294.11552245378317
2013-12-21 05:50:00+01:00,5059,Holt-Winters,302.14235877027255,306.4796523098426
2013-12-21 06:00:00+01:00,5059,Holt-Winters,321.63304877541,307.1511556815439
2013-12-21 06:10:00+01:00,5059,Holt-Winters,279.6580430774795,318.43061870209897
2013-12-21 06:20:00+01:00,5059,Holt-Winters,313.6888987958482,309.79285103484585
2013-12-21 06:30:00+01:00,5059,Holt-Winters,313.98742913939645,321.54388954857967
2013-12-21 06:40:00+01:00,5059,Holt-Winters,310.8487630841893,330.5728963869016
2013-12-21 06:50:00+01:00,5059,Holt-Winters,316.012619031496,336.3400463811274
2013-12-21 07:00:00+01:00,5059,Holt-Winters,323.7438542590177,354.60373018311276
2013-12-21 07:10:00+01:00,5059,Holt-Winters,301.79507497796254,372.7526416624536
2013-12-21 07:20:00+01:00,5059,Holt-Winters,326.47912217084314,355.759232868803
2013-12-21 07:30:00+01:00,5059,Holt-Winters,342.9215768879711,397.0879712403179
2013-12-21 07:40:00+01:00,5059,Holt-Winters,296.918470004137,460.7256822948664
2013-12-21 07:50:00+01:00,5059,Holt-Winters,335.83933339024156,467.51866711200387
2013-12-21 08:00:00+01:00,5059,Holt-Winters,374.4425241337799,507.23819521253546
2013-12-21 08:10:00+01:00,5059,Holt-Winters,345.98759236029895,544.5648542248533
2013-12-21 08:20:00+01:00,5059,Holt-Winters,423.2761378946721,516.212415934978
2013-12-21 08:30:00+01:00,5059,Holt-Winters,409.35818693374944,556.6407289544309
2013-12-21 08:40:00+01:00,5059,Holt-Winters,468.2277099289084,608.0004554721371
2013-12-21 08:50:00+01:00,5059,Holt-Winters,520.4716139397609,667.6215583865967
2013-12-21 09:00:00+01:00,5059,Holt-Winters,583.5124224347431,685.3560000100912
2013-12-21 09:10:00+01:00,5059,Holt-Winters,506.61740576856255,714.1222777309588
2013-12-21 09:20:00+01:00,5059,Holt-Winters,730.4026707019392,686.2970065104607
2013-12-21 09:30:00+01:00,5059,Holt-Winters,708.8068203368907,729.4943731238873
2013-12-21 09:40:00+01:00,5059,Holt-Winters,748.758763941742,820.646698319261
2013-12-21 09:50:00+01:00,5059,Holt-Winters,776.958457059839,829.133304610234
2013-12-21 10:00:00+01:00,5059,Holt-Winters,834.7816330459577,881.3488564702456
2013-12-21 10:10:00+01:00,5059,Holt-Winters,927.0139428925677,974.9095553940161
2013-12-21 10:20:00+01:00,5059,Holt-Winters,1075.7582676411378,1077.5904242473055
2013-12-21 10:30:00+01:00,5059,Holt-Winters,1118.0957235366945,1100.062898676864
2013-12-21 10:40:00+01:00,5059,Holt-Winters,1275.78283072255,1140.2278931268597
2013-12-21 10:50:00+01:00,5059,Holt-Winters,1225.114013786912,1300.4963718289773
2013-12-21 11:00:00+01:00,5059,Holt-Winters,1428.2644801986223,1339.477614224116
2013-12-21 11:10:00+01:00,5059,Holt-Winters,1449.5227988055815,1374.1645748224075
2013-12-21 11:20:00+01:00,5059,Holt-Winters,1457.4512375312793,1464.9700264402966
2013-12-21 11:30:00+01:00,5059,Holt-Winters,1642.2818841160702,1529.3222546904042
2013-12-21 11:40:00+01:00,5059,Holt-Winters,1650.5839843215379,1630.4984233004257
2013-12-21 11:50:00+01:00,5059,Holt-Winters,1815.624090490248,1694.279681989546
2013-12-21 12:00:00+01:00,5059,Holt-Winters,1969.3022113096697,1775.7814535361483
2013-12-21 12:10:00+01:00,5059,Holt-Winters,1965.2987969933542,1954.9270610250762
2013-12-21 12:20:00+01:00,5059,Holt-Winters,2041.4290527566482,1975.3086506163982
2013-12-21 12:30:00+01:00,5059,Holt-Winters,2129.975100508553,2042.4616028896053
2013-12-21 12:40:00+01:00,5059,Holt-Winters,2113.195746146977,2087.994913241305
2013-12-21 12:50:00+01:00,5059,Holt-Winters,2121.88208903975,2150.9775113249198
2013-12-21 13:00:00+01:00,5059,Holt-Winters,2164.920437372808,2230.770682761229
2013-12-21 13:10:00+01:00,5059,Holt-Winters,2325.1904733925903,2244.146779356029
2013-12-21 13:20:00+01:00,5059,Holt-Winters,2355.1354274656605,2325.4507082345167
2013-12-21 13:30:00+01:00,5059,Holt-Winters,2386.169719685619,2366.878578723357
2013-12-21 13:40:00+01:00,5059,Holt-Winters,2157.8718248859927,2445.354459617153
2013-12-21 13:50:00+01:00,5059,Holt-Winters,2452.4161408036844,2289.62015954971
2013-12-21 14:00:00+01:00,5059,Holt-Winters,2294.8981232228152,2370.028456620335
2013-12-21 14:10:00+01:00,5059,Holt-Winters,2495.4826855496854,2371.2346807323825
2013-12-21 14:20:00+01:00,5059,Holt-Winters,2569.293698796655,2412.759812086428
2013-12-21 14:30:00+01:00,5059,Holt-Winters,2397.1415955866864,2411.4954458419793
2013-12-21 14:40:00+01:00,5059,Holt-Winters,2213.513618410191,2372.3191524656095
2013-12-21 14:50:00+01:00,5059,Holt-Winters,2490.4224224505124,2246.4417888965686
2013-12-21 15:00:00+01:00,5059,Holt-Winters,2579.465554229899,2324.437290206057
2013-12-21 15:10:00+01:00,5059,Holt-Winters,2429.4550315029883,2416.2992690157116
2013-12-21 15:20:00+01:00,5059,Holt-Winters,2475.5438197314447,2466.865310899418
2013-12-21 15:30:00+01:00,5059,Holt-Winters,2627.731778682969,2393.7486526815183
2013-12-21 15:40:00+01:00,5059,Holt-Winters,2615.487556466842,2484.0767416502717
2013-12-21 15:50:00+01:00,5059,Holt-Winters,2511.203744927034,2536.013598242358
2013-12-21 16:00:00+01:00,5059,Holt-Winters,2755.580728222209,2570.1748576519003
2013-12-21 16:10:00+01:00,5059,Holt-Winters,2681.335273491005,2609.6999225678646
2013-12-21 16:20:00+01:00,5059,Holt-Winters,2624.820788477209,2651.6204078490646
2013-12-21 16:30:00+01:00,5059,Holt-Winters,2838.9737218283976,2589.128631995049
2013-12-21 16:40:00+01:00,5059,Holt-Winters,2782.5342073262636,2698.978527377927
2013-12-21 16:50:00+01:00,5059,Holt-Winters,2546.9558334697927,2733.6306876236317
2013-12-21 17:00:00+01:00,5059,Holt-Winters,2749.619216672935,2585.50866542922
2013-12-21 17:10:00+01:00,5059,Holt-Winters,2715.9995497311984,2671.8087382199615
2013-12-21 17:20:00+01:00,5059,Holt-Winters,2544.2126492898838,2707.18656892684
2013-12-21 17:30:00+01:00,5059,Holt-Winters,2755.3922892107466,2616.6936494691877
2013-12-21 17:40:00+01:00,5059,Holt-Winters,2733.138698649621,2626.269732577438
2013-12-21 17:50:00+01:00,5059,Holt-Winters,2625.954980778301,2552.8137557163013
2013-12-21 18:00:00+01:00,5059,Holt-Winters,2288.752105761026,2636.333926741157
2013-12-21 18:10:00+01:00,5059,Holt-Winters,2231.908150630958,2430.960987158317
2013-12-21 18:20:00+01:00,5059,Holt-Winters,2133.0560700171113,2344.290639790041
2013-12-21 18:30:00+01:00,5059,Holt-Winters,2152.113357818747,2200.074136395639
2013-12-21 18:40:00+01:00,5059,Holt-Winters,1993.8709692559967,2090.635133372625
2013-12-21 18:50:00+01:00,5059,Holt-Winters,1951.8522228049544,1962.7165756343686
2013-12-21 19:00:00+01:00,5059,Holt-Winters,1813.9456247719977,1915.88668261248
2013-12-21 19:10:00+01:00,5059,Holt-Winters,1655.6824577701839,1804.6010819924427
2013-12-21 19:20:00+01:00,5059,Holt-Winters,1597.5038821789985,1698.4372493819617
2013-12-21 19:30:00+01:00,5059,Holt-Winters,1325.4285722460813,1555.5708767975757
2013-12-21 19:40:00+01:00,5059,Holt-Winters,1457.4199301408544,1327.8901704685984
2013-12-21 19:50:00+01:00,5059,Holt-Winters,1450.1373393755623,1368.8548480664963
2013-12-21 20:00:00+01:00,5059,Holt-Winters,1219.9036467766934,1301.8655862835978
2013-12-21 20:10:00+01:00,5059,Holt-Winters,1292.191702801296,1160.2900175241602
2013-12-21 20:20:00+01:00,5059,Holt-Winters,1162.7395183121155,1148.9388412369647
2013-12-21 20:30:00+01:00,5059,Holt-Winters,1148.6571509839123,1040.354949579002
2013-12-21 20:40:00+01:00,5059,Holt-Winters,1033.7630369467995,1001.337078711499
2013-12-21 20:50:00+01:00,5059,Holt-Winters,946.2925631434156,989.7933319654624
2013-12-21 21:00:00+01:00,5059,Holt-Winters,943.5212992022794,883.2857250177516
2013-12-21 21:10:00+01:00,5059,Holt-Winters,952.7126237258566,854.694993590317
2013-12-21 21:20:00+01:00,5059,Holt-Winters,890.1042880755691,865.888640497629
2013-12-21 21:30:00+01:00,5059,Holt-Winters,913.2415029214424,815.0835438781376
2013-12-21 21:40:00+01:00,5059,Holt-Winters,859.0974896130027,872.2740439334699
2013-12-21 21:50:00+01:00,5059,Holt-Winters,780.5531538602319,865.3557857633414
2013-12-21 22:00:00+01:00,5059,Holt-Winters,788.2426380564108,755.1052666673
2013-12-21 22:10:00+01:00,5059,Holt-Winters,706.0111943347817,756.9060712022973
2013-12-21 22:20:00+01:00,5059,Holt-Winters,683.720385125667,702.0549495379602
2013-12-21 22:30:00+01:00,5059,Holt-Winters,653.2257902519702,648.1931136465014
2013-12-21 22:40:00+01:00,5059,Holt-Winters,590.1951788206926,605.988378686341
2013-12-21 22:50:00+01:00,5059,Holt-Winters,508.7833081277942,580.6915165560632
2013-12-21 23:00:00+01:00,5059,Holt-Winters,559.7362623338194,535.6320115225838
2013-12-21 23:10:00+01:00,5059,Holt-Winters,489.1153815959461,522.1107924473322
2013-12-21 23:20:00+01:00,5059,Holt-Winters,517.4391731768401,517.5094785043135
2013-12-21 23:30:00+01:00,5059,Holt-Winters,570.5881804581738,460.158549970726
2013-12-21 23:40:00+01:00,5059,Holt-Winters,525.5759387678265,461.0923619971446
2013-12-21 23:50:00+01:00,5059,Holt-Winters,463.43187689758764,461.1598636178344
2013-12-22 00:00:00+01:00,5059,Holt-Winters,485.2741227358194,444.224236084409
2013-12-22 00:10:00+01:00,5059,Holt-Winters,469.7986701249669,441.28933676485633
2013-12-22 00:20:00+01:00,5059,Holt-Winters,406.76753523347077,449.5585436673848
2013-12-22 00:30:00+01:00,5059,Holt-Winters,498.5281362522783,361.919621359581
2013-12-22 00:40:00+01:00,5059,Holt-Winters,419.4829737261513,396.34472133646534
2013-12-22 00:50:00+01:00,5059,Holt-Winters,313.36543535485157,362.2504703467188
2013-12-22 01:00:00+01:00,5059,Holt-Winters,311.2208008242395,314.5043006518346
2013-12-22 01:10:00+01:00,5059,Holt-Winters,285.2769293759354,293.7974885273424
2013-12-22 01:20:00+01:00,5059,Holt-Winters,287.1130974363921,297.24760137387403
2013-12-22 01:30:00+01:00,5059,Holt-Winters,288.1645881347529,270.88479749224393
2013-12-22 01:40:00+01:00,5059,Holt-Winters,265.65384787143427,267.8681618441842
2013-12-22 01:50:00+01:00,5059,Holt-Winters,327.46785882066564,256.8951293610711
2013-12-22 02:00:00+01:00,5059,Holt-Winters,274.2746457073946,287.33721756940986
2013-12-22 02:10:00+01:00,5059,Holt-Winters,263.7229004501788,257.60783439169893
2013-12-22 02:20:00+01:00,5059,Holt-Winters,257.93139545250136,264.0881759039677
2013-12-22 02:30:00+01:00,5059,Holt-Winters,210.99528951371906,257.4073696842888
2013-12-22 02:40:00+01:00,5059,Holt-Winters,235.3851861644892,232.20078993709552
2013-12-22 02:50:00+01:00,5059,Holt-Winters,244.28406511376465,228.14588722176268
2013-12-22 03:00:00+01:00,5059,Holt-Winters,207.78161969311412,229.0128022856587
2013-12-22 03:10:00+01:00,5059,Holt-Winters,191.04721561606692,216.66988537464474
2013-12-22 03:20:00+01:00,5059,Holt-Winters,239.08790421682912,213.3021240597257
2013-12-22 03:30:00+01:00,5059,Holt-Winters,235.65778299775752,217.69226842579738
2013-12-22 03:40:00+01:00,5059,Holt-Winters,192.7590164378298,236.55290659682737
2013-12-22 03:50:00+01:00,5059,Holt-Winters,211.66522254048812,207.42161384125967
2013-12-22 04:00:00+01:00,5059,Holt-Winters,198.14498083578226,206.04367644132046
2013-12-22 04:10:00+01:00,5059,Holt-Winters,188.68126472202889,202.14730264357172
2013-12-22 04:20:00+01:00,5059,Holt-Winters,197.03189458565475,194.31905699238644
2013-12-22 04:30:00+01:00,5059,Holt-Winters,207.60875226614704,192.83960898237888
2013-12-22 04:40:00+01:00,5059,Holt-Winters,194.52624481075372,195.71592676116012
2013-12-22 04:50:00+01:00,5059,Holt-Winters,199.42442852212247,200.42672565650005
2013-12-22 05:00:00+01:00,5059,Holt-Winters,191.96487118811712,197.3965727087015
2013-12-22 05:10:00+01:00,5059,Holt-Winters,184.78975548405063,192.8661064252986
2013-12-22 05:20:00+01:00,5059,Holt-Winters,202.4455631068451,205.86823107613668
2013-12-22 05:30:00+01:00,5059,Holt-Winters,188.96750227212567,189.15462082775076
2013-12-22 05:40:00+01:00,5059,Holt-Winters,196.66335017015635,188.96635351145386
2013-12-22 05:50:00+01:00,5059,Holt-Winters,218.43880114155652,201.85491905346478
2013-12-22 06:00:00+01:00,5059,Holt-Winters,204.2862255757433,210.09644989483925
2013-12-22 06:10:00+01:00,5059,Holt-Winters,204.22127119083729,214.0335011423745
2013-12-22 06:20:00+01:00,5059,Holt-Winters,212.75473150049305,215.87461937418158
2013-12-22 06:30:00+01:00,5059,Holt-Winters,201.71213416432454,225.08704216070703
2013-12-22 06:40:00+01:00,5059,Holt-Winters,182.2608393858939,228.3923705168143
2013-12-22 06:50:00+01:00,5059,Holt-Winters,215.85309176023844,224.60438218995017
2013-12-22 07:00:00+01:00,5059,Holt-Winters,209.48022861129783,247.05672517801975
2013-12-22 07:10:00+01:00,5059,Holt-Winters,202.72679324680985,262.7753237689763
2013-12-22 07:20:00+01:00,5059,Holt-Winters,241.69568393787728,249.72919331599752
2013-12-22 07:30:00+01:00,5059,Holt-Winters,212.70930709149425,298.74570977851624
2013-12-22 07:40:00+01:00,5059,Holt-Winters,195.1311476488756,350.8517152135574
2013-12-22 07:50:00+01:00,5059,Holt-Winters,250.3366115453922,360.5707364926578
2013-12-22 08:00:00+01:00,5059,Holt-Winters,234.88384368845,408.0499059443746
2013-12-22 08:10:00+01:00,5059,Holt-Winters,237.84228777449152,430.7691176692394
2013-12-22 08:20:00+01:00,5059,Holt-Winters,284.89967062812855,404.4612071816353
2013-12-22 08:30:00+01:00,5059,Holt-Winters,271.1842710479676,435.25555211443873
2013-12-22 08:40:00+01:00,5059,Holt-Winters,261.9084632819213,480.54051409597986
2013-12-22 08:50:00+01:00,5059,Holt-Winters,294.08462966525536,511.6275079448754
2013-12-22 09:00:00+01:00,5059,Holt-Winters,349.03415157397745,503.89127563164806
2013-12-22 09:10:00+01:00,5059,Holt-Winters,349.0551269253957,513.4753615733231
2013-12-22 09:20:00+01:00,5059,Holt-Winters,378.07850754199796,501.23964869294986
2013-12-22 09:30:00+01:00,5059,Holt-Winters,424.978015977355,483.9139197718933
2013-12-22 09:40:00+01:00,5059,Holt-Winters,469.05362333895664,561.2266274930959
2013-12-22 09:50:00+01:00,5059,Holt-Winters,553.5082173000166,562.3733720972228
2013-12-22 10:00:00+01:00,5059,Holt-Winters,689.4640303827067,630.2599153814093
2013-12-22 10:10:00+01:00,5059,Holt-Winters,631.2228099903323,762.092456750167
2013-12-22 10:20:00+01:00,5059,Holt-Winters,707.7872588440464,834.7503608435268
2013-12-22 10:30:00+01:00,5059,Holt-Winters,766.1703882051784,811.9459965909842
2013-12-22 10:40:00+01:00,5059,Holt-Winters,803.8872406256111,829.0228242446735
2013-12-22 10:50:00+01:00,5059,Holt-Winters,971.2717553509528,931.1477415446572
2013-12-22 11:00:00+01:00,5059,Holt-Winters,1046.3397378106597,1011.923308664945
2013-12-22 11:10:00+01:00,5059,Holt-Winters,1230.1508783385493,1026.937106164893
2013-12-22 11:20:00+01:00,5059,Holt-Winters,1127.9285123618542,1164.0052549264528
2013-12-22 11:30:00+01:00,5059,Holt-Winters,1449.8252432075024,1218.0241970602412
2013-12-22 11:40:00+01:00,5059,Holt-Winters,1383.4528775203491,1362.2014285707558
2013-12-22 11:50:00+01:00,5059,Holt-Winters,1643.2719876138165,1426.4045470923365
2013-12-22 12:00:00+01:00,5059,Holt-Winters,1733.9001619720027,1542.4699583336253
2013-12-22 12:10:00+01:00,5059,Holt-Winters,1675.901197522778,1720.8591287794575
2013-12-22 12:20:00+01:00,5059,Holt-Winters,1833.24241029612,1721.2204715053497
2013-12-22 12:30:00+01:00,5059,Holt-Winters,1764.016121224312,1804.98223675966
2013-12-22 12:40:00+01:00,5059,Holt-Winters,2001.0840532715695,1804.0270410072835
2013-12-22 12:50:00+01:00,5059,Holt-Winters,1983.3840196166277,1929.1933338187257
2013-12-22 13:00:00+01:00,5059,Holt-Winters,2070.590497311268,2039.122389454459
2013-12-22 13:10:00+01:00,5059,Holt-Winters,2207.3521651652018,2087.7117369908397
2013-12-22 13:20:00+01:00,5059,Holt-Winters,2090.542334964311,2182.9813407846755
2013-12-22 13:30:00+01:00,5059,Holt-Winters,1998.6562319946638,2180.220492159835
2013-12-22 13:40:00+01:00,5059,Holt-Winters,2118.2162342092574,2186.019725668839
2013-12-22 13:50:00+01:00,5059,Holt-Winters,2046.2310710816632,2109.773174219181
2013-12-22 14:00:00+01:00,5059,Holt-Winters,2005.1089368734376,2108.284280292022
2013-12-22 14:10:00+01:00,5059,Holt-Winters,2134.599187877855,2099.3428195882116
2013-12-22 14:20:00+01:00,5059,Holt-Winters,2146.133726180325,2108.6676030710396
2013-12-22 14:30:00+01:00,5059,Holt-Winters,2083.603607826776,2064.3202735527716
2013-12-22 14:40:00+01:00,5059,Holt-Winters,2265.521280624695,2037.315113167254
2013-12-22 14:50:00+01:00,5059,Holt-Winters,2261.104094533786,2051.4723854942804
2013-12-22 15:00:00+01:00,5059,Holt-Winters,2310.0314756094363,2117.039220902975
2013-12-22 15:10:00+01:00,5059,Holt-Winters,2401.240861408792,2186.454359104851
2013-12-22 15:20:00+01:00,5059,Holt-Winters,2304.6191588951147,2309.977593562599
2013-12-22 15:30:00+01:00,5059,Holt-Winters,2281.7643829912877,2231.781868576527
2013-12-22 15:40:00+01:00,5059,Holt-Winters,2348.8731711906944,2255.5319741213357
2013-12-22 15:50:00+01:00,5059,Holt-Winters,2395.825975823637,2293.6938853071365
2013-12-22 16:00:00+01:00,5059,Holt-Winters,2172.3371864192545,2373.78726722083
2013-12-22 16:10:00+01:00,5059,Holt-Winters,2329.111973580378,2273.334052196366
2013-12-22 16:20:00+01:00,5059,Holt-Winters,2651.8509155766255,2309.516753934901
2013-12-22 16:30:00+01:00,5059,Holt-Winters,2556.071906126393,2380.5907447466193
2013-12-22 16:40:00+01:00,5059,Holt-Winters,2471.2009086606076,2463.5331187184124
2013-12-22 16:50:00+01:00,5059,Holt-Winters,2486.2011773419395,2470.72633391313
2013-12-22 17:00:00+01:00,5059,Holt-Winters,2402.3154583594815,2395.7492817204734
2013-12-22 17:10:00+01:00,5059,Holt-Winters,2440.9217081260927,2425.0441811559826
2013-12-22 17:20:00+01:00,5059,Holt-Winters,2260.968178587986,2450.1772557579693
2013-12-22 17:30:00+01:00,5059,Holt-Winters,2325.2428465410244,2350.191520660758
2013-12-22 17:40:00+01:00,5059,Holt-Winters,2008.163276809019,2300.5541693370424
2013-12-22 17:50:00+01:00,5059,Holt-Winters,2312.854559050513,2082.631736530419
2013-12-22 18:00:00+01:00,5059,Holt-Winters,1884.452834826,2222.989631634494
2013-12-22 18:10:00+01:00,5059,Holt-Winters,2071.2512369688743,2020.889504376436
2013-12-22 18:20:00+01:00,5059,Holt-Winters,1986.6574873268737,2024.466243174636
2013-12-22 18:30:00+01:00,5059,Holt-Winters,1833.1049849331396,1943.0013842732956
2013-12-22 18:40:00+01:00,5059,Holt-Winters,1691.1321556824853,1811.1518648016147
2013-12-22 18:50:00+01:00,5059,Holt-Winters,1681.0177891329374,1674.8186215015014
2013-12-22 19:00:00+01:00,5059,Holt-Winters,1457.5157131782094,1634.1629187314827
2013-12-22 19:10:00+01:00,5059,Holt-Winters,1255.7268027408024,1495.8459695675542
2013-12-22 19:20:00+01:00,5059,Holt-Winters,1255.9373055745234,1356.6825280893825
2013-12-22 19:30:00+01:00,5059,Holt-Winters,1104.201731118355,1213.8842329630975
2013-12-22 19:40:00+01:00,5059,Holt-Winters,929.8861179876607,1029.790179301757
2013-12-22 19:50:00+01:00,5059,Holt-Winters,896.4365406331452,987.7375179962738
2013-12-22 20:00:00+01:00,5059,Holt-Winters,807.0841135528798,858.3014022740297
2013-12-22 20:10:00+01:00,5059,Holt-Winters,1002.887214703369,727.8503446384291
2013-12-22 20:20:00+01:00,5059,Holt-Winters,794.0688955845468,768.290582944961
2013-12-22 20:30:00+01:00,5059,Holt-Winters,773.2915473142456,664.040627001616
2013-12-22 20:40:00+01:00,5059,Holt-Winters,666.1854757902189,625.3660364698
2013-12-22 20:50:00+01:00,5059,Holt-Winters,663.6101968280295,616.8593505233733
2013-12-22 21:00:00+01:00,5059,Holt-Winters,622.5816799868818,543.0079966395767
2013-12-22 21:10:00+01:00,5059,Holt-Winters,596.7989406741705,521.4144827767328
2013-12-22 21:20:00+01:00,5059,Holt-Winters,650.9452692968117,524.4186407844946
2013-12-22 21:30:00+01:00,5059,Holt-Winters,500.1367460087596,510.63330586034556
2013-12-22 21:40:00+01:00,5059,Holt-Winters,519.0877109988569,528.5087259518674
2013-12-22 21:50:00+01:00,5059,Holt-Winters,522.9897592793978,522.9493558615029
2013-12-22 22:00:00+01:00,5059,Holt-Winters,535.3906570664624,443.39807276543377
2013-12-22 22:10:00+01:00,5059,Holt-Winters,484.1563505064594,466.49479232958436
2013-12-22 22:20:00+01:00,5059,Holt-Winters,455.8810415951838,436.4498338438937
2013-12-22 22:30:00+01:00,5059,Holt-Winters,444.8541354743016,396.25300119029055
2013-12-22 22:40:00+01:00,5059,Holt-Winters,423.22686580721177,369.8128880328257
2013-12-22 22:50:00+01:00,5059,Holt-Winters,406.41707764769137,369.55765096021975
2013-12-22 23:00:00+01:00,5059,Holt-Winters,471.2686510180205,363.854155373403
2013-12-22 23:10:00+01:00,5059,Holt-Winters,413.95030360247836,380.4775540346444
2013-12-22 23:20:00+01:00,5059,Holt-Winters,342.5726055687035,399.92679103518066
2013-12-22 23:30:00+01:00,5059,Holt-Winters,381.97703566658197,321.8485117092997
2013-12-22 23:40:00+01:00,5059,Holt-Winters,298.5262865761017,304.58158946699734
2013-12-22 23:50:00+01:00,5059,Holt-Winters,353.7261024058185,279.1256087451326
2013-12-16 00:00:00+01:00,5259,Holt-Winters,232.1898766899327,272.2058678328706
2013-12-16 00:10:00+01:00,5259,Holt-Winters,246.45064270918334,272.74953862587256
2013-12-16 00:20:00+01:00,5259,Holt-Winters,214.63657689294482,269.4603815737491
2013-12-16 00:30:00+01:00,5259,Holt-Winters,219.90701685964387,245.62117972843185
2013-12-16 00:40:00+01:00,5259,Holt-Winters,268.1308842448762,268.2874144393872
2013-12-16 00:50:00+01:00,5259,Holt-Winters,221.68804086152016,264.9328988710599
2013-12-16 01:00:00+01:00,5259,Holt-Winters,222.3082533659559,258.0023060483135
2013-12-16 01:10:00+01:00,5259,Holt-Winters,211.72433867681738,249.65857996860066
2013-12-16 01:20:00+01:00,5259,Holt-Winters,228.36709022949762,206.0959982789397
2013-12-16 01:30:00+01:00,5259,Holt-Winters,209.08351677289602,217.489247270709
2013-12-16 01:40:00+01:00,5259,Holt-Winters,192.91373510366645,220.61811894829492
2013-12-16 01:50:00+01:00,5259,Holt-Winters,192.7650026681405,185.7042107534521
2013-12-16 02:00:00+01:00,5259,Holt-Winters,206.97307095675816,150.9561509570862
2013-12-16 02:10:00+01:00,5259,Holt-Winters,234.1046599547227,189.86799790075622
2013-12-16 02:20:00+01:00,5259,Holt-Winters,206.42862575468757,196.06487306734604
2013-12-16 02:30:00+01:00,5259,Holt-Winters,206.32528911496988,176.81097921386063
2013-12-16 02:40:00+01:00,5259,Holt-Winters,195.28281835742075,204.4676134284475
2013-12-16 02:50:00+01:00,5259,Holt-Winters,187.5159097104894,156.31531984912493
2013-12-16 03:00:00+01:00,5259,Holt-Winters,169.92991641404285,169.01531176185273
2013-12-16 03:10:00+01:00,5259,Holt-Winters,193.78353148119984,134.0184634456028
2013-12-16 03:20:00+01:00,5259,Holt-Winters,169.87399148214186,129.6091850792217
2013-12-16 03:30:00+01:00,5259,Holt-Winters,167.73363047572687,147.86334073239655
2013-12-16 03:40:00+01:00,5259,Holt-Winters,196.84103204670907,155.14790810922486
2013-12-16 03:50:00+01:00,5259,Holt-Winters,163.3166196460585,166.16165930032068
2013-12-16 04:00:00+01:00,5259,Holt-Winters,164.8898817361429,136.8795032518663
2013-12-16 04:10:00+01:00,5259,Holt-Winters,213.83914269147948,150.10694739513195
2013-12-16 04:20:00+01:00,5259,Holt-Winters,168.6627156809515,148.00555444868388
2013-12-16 04:30:00+01:00,5259,Holt-Winters,166.91851495015797,138.27696737529055
2013-12-16 04:40:00+01:00,5259,Holt-Winters,187.45837269291812,139.57872426882062
2013-12-16 04:50:00+01:00,5259,Holt-Winters,171.63751616185593,146.24783462604242
2013-12-16 05:00:00+01:00,5259,Holt-Winters,169.25965308148363,151.45120186149833
2013-12-16 05:10:00+01:00,5259,Holt-Winters,178.00411355436933,148.29459610388196
2013-12-16 05:20:00+01:00,5259,Holt-Winters,168.92126507089893,161.19855922442568
2013-12-16 05:30:00+01:00,5259,Holt-Winters,171.16241950107786,186.213597904942
2013-12-16 05:40:00+01:00,5259,Holt-Winters,205.2234314816404,194.624695996156
2013-12-16 05:50:00+01:00,5259,Holt-Winters,189.87571240877625,205.52131874900505
2013-12-16 06:00:00+01:00,5259,Holt-Winters,199.52766755495017,209.42432998871118
2013-12-16 06:10:00+01:00,5259,Holt-Winters,182.89712685375787,210.8475776064609
2013-12-16 06:20:00+01:00,5259,Holt-Winters,229.8823120720419,191.9078483475028
2013-12-16 06:30:00+01:00,5259,Holt-Winters,194.64495741514983,233.55317741649387
2013-12-16 06:40:00+01:00,5259,Holt-Winters,224.58916577687495,228.59051110401728
2013-12-16 06:50:00+01:00,5259,Holt-Winters,237.17328332060544,239.17805326246503
2013-12-16 07:00:00+01:00,5259,Holt-Winters,303.3206858845811,279.8856591480466
2013-12-16 07:10:00+01:00,5259,Holt-Winters,308.52096198471156,316.11305441125427
2013-12-16 07:20:00+01:00,5259,Holt-Winters,344.4099959516533,321.9585807973543
2013-12-16 07:30:00+01:00,5259,Holt-Winters,428.88050232484073,370.14803840446075
2013-12-16 07:40:00+01:00,5259,Holt-Winters,472.67006386848493,514.1301347626024
2013-12-16 07:50:00+01:00,5259,Holt-Winters,609.255805636527,517.6694435152616
2013-12-16 08:00:00+01:00,5259,Holt-Winters,728.317303952794,644.1686520119654
2013-12-16 08:10:00+01:00,5259,Holt-Winters,860.0230445389815,787.9057000460984
2013-12-16 08:20:00+01:00,5259,Holt-Winters,1125.8513984364304,951.0158161489667
2013-12-16 08:30:00+01:00,5259,Holt-Winters,1168.1613184302253,1231.160029342949
2013-12-16 08:40:00+01:00,5259,Holt-Winters,1387.1550088788963,1342.8589570070747
2013-12-16 08:50:00+01:00,5259,Holt-Winters,1756.506362473516,1564.8113481184855
2013-12-16 09:00:00+01:00,5259,Holt-Winters,2052.4333607953986,1865.301982477217
2013-12-16 09:10:00+01:00,5259,Holt-Winters,2183.596149598601,2126.369648033036
2013-12-16 09:20:00+01:00,5259,Holt-Winters,2043.354206730856,2288.8085741512264
2013-12-16 09:30:00+01:00,5259,Holt-Winters,2211.9809851344016,2274.300350442802
2013-12-16 09:40:00+01:00,5259,Holt-Winters,2340.459539797622,2340.142367584756
2013-12-16 09:50:00+01:00,5259,Holt-Winters,2499.440104552217,2382.5169559969995
2013-12-16 10:00:00+01:00,5259,Holt-Winters,2422.3499451419243,2558.555406705223
2013-12-16 10:10:00+01:00,5259,Holt-Winters,2569.7797810912753,2500.7399408138895
2013-12-16 10:20:00+01:00,5259,Holt-Winters,2579.761359507784,2561.9538610684413
2013-12-16 10:30:00+01:00,5259,Holt-Winters,2654.0538223338262,2693.4154092207123
2013-12-16 10:40:00+01:00,5259,Holt-Winters,2848.7235634199683,2725.2864107747178
2013-12-16 10:50:00+01:00,5259,Holt-Winters,2786.207240346757,2806.440344559473
2013-12-16 11:00:00+01:00,5259,Holt-Winters,2861.6458402638873,2827.7767485379227
2013-12-16 11:10:00+01:00,5259,Holt-Winters,2811.4269506459545,2886.052539818268
2013-12-16 11:20:00+01:00,5259,Holt-Winters,2873.902927843222,2859.634706678943
2013-12-16 11:30:00+01:00,5259,Holt-Winters,2930.762981621897,2902.9077247484292
2013-12-16 11:40:00+01:00,5259,Holt-Winters,3040.1118425684667,2922.604861001693
2013-12-16 11:50:00+01:00,5259,Holt-Winters,3118.577086113159,2987.705170195945
2013-12-16 12:00:00+01:00,5259,Holt-Winters,2854.6622378680117,3117.0057394051746
2013-12-16 12:10:00+01:00,5259,Holt-Winters,2981.666579832694,3009.618245331911
2013-12-16 12:20:00+01:00,5259,Holt-Winters,3125.8438192035446,3027.6057545793315
2013-12-16 12:30:00+01:00,5259,Holt-Winters,3391.408784226711,3190.685645258871
2013-12-16 12:40:00+01:00,5259,Holt-Winters,3522.350129221956,3414.956437097545
2013-12-16 12:50:00+01:00,5259,Holt-Winters,3438.2262069090484,3538.2788981380695
2013-12-16 13:00:00+01:00,5259,Holt-Winters,3530.8870394481014,3559.6281873277485
2013-12-16 13:10:00+01:00,5259,Holt-Winters,3249.5358285368206,3564.745325336593
2013-12-16 13:20:00+01:00,5259,Holt-Winters,3270.111501785123,3352.1878512366015
2013-12-16 13:30:00+01:00,5259,Holt-Winters,3355.132464557213,3303.063041010766
2013-12-16 13:40:00+01:00,5259,Holt-Winters,3163.8599984877746,3341.952141193286
2013-12-16 13:50:00+01:00,5259,Holt-Winters,3426.3613388472177,3169.1568251551744
2013-12-16 14:00:00+01:00,5259,Holt-Winters,3390.7327740282776,3308.350530236684
2013-12-16 14:10:00+01:00,5259,Holt-Winters,3217.67477696165,3308.705627560147
2013-12-16 14:20:00+01:00,5259,Holt-Winters,3293.2998465105748,3265.3695517154842
2013-12-16 14:30:00+01:00,5259,Holt-Winters,3250.974829296687,3173.494054632095
2013-12-16 14:40:00+01:00,5259,Holt-Winters,2988.675552829502,3178.490271845932
2013-12-16 14:50:00+01:00,5259,Holt-Winters,2891.024586581531,3011.451413289967
2013-12-16 15:00:00+01:00,5259,Holt-Winters,2885.9451947460952,2986.6849280006236
2013-12-16 15:10:00+01:00,5259,Holt-Winters,3058.134359507787,2892.1321094882246
2013-12-16 15:20:00+01:00,5259,Holt-Winters,2785.3393474523446,2926.0083471266976
2013-12-16 15:30:00+01:00,5259,Holt-Winters,3014.155516017743,2828.603837659863
2013-12-16 15:40:00+01:00,5259,Holt-Winters,2961.3494035523768,2929.4796348973423
2013-12-16 15:50:00+01:00,5259,Holt-Winters,2770.2828547195795,2972.583872531363
2013-12-16 16:00:00+01:00,5259,Holt-Winters,2893.541455722238,2865.648270102604
2013-12-16 16:10:00+01:00,5259,Holt-Winters,3021.910283789267,2865.0726522248933
2013-12-16 16:20:00+01:00,5259,Holt-Winters,3028.2186093273453,2989.3093596140125
2013-12-16 16:30:00+01:00,5259,Holt-Winters,3020.5500419830805,2962.077078851448
2013-12-16 16:40:00+01:00,5259,Holt-Winters,2886.455659477084,2988.090932291819
2013-12-16 16:50:00+01:00,5259,Holt-Winters,2971.204943893771,2937.5429527642236
2013-12-16 17:00:00+01:00,5259,Holt-Winters,2918.5884743677407,2926.1825705253473
2013-12-16 17:10:00+01:00,5259,Holt-Winters,2771.498766262565,2896.054350291608
2013-12-16 17:20:00+01:00,5259,Holt-Winters,2934.119722242314,2823.2932694953133
2013-12-16 17:30:00+01:00,5259,Holt-Winters,2954.7514697847732,2798.00792185843
2013-12-16 17:40:00+01:00,5259,Holt-Winters,2941.6684416222006,2864.004923792242
2013-12-16 17:50:00+01:00,5259,Holt-Winters,2747.2111219267767,2864.0345011931167
2013-12-16 18:00:00+01:00,5259,Holt-Winters,2658.7868297078226,2748.659335701736
2013-12-16 18:10:00+01:00,5259,Holt-Winters,2650.058586218643,2661.7046659725497
2013-12-16 18:20:00+01:00,5259,Holt-Winters,2317.725007155487,2545.610211454815
2013-12-16 18:30:00+01:00,5259,Holt-Winters,2560.468324335149,2357.9675826413213
2013-12-16 18:40:00+01:00,5259,Holt-Winters,2174.4464414563727,2386.29588238414
2013-12-16 18:50:00+01:00,5259,Holt-Winters,2060.1047957708984,2173.6570135734505
2013-12-16 19:00:00+01:00,5259,Holt-Winters,2025.3452601503839,2052.968432997459
2013-12-16 19:10:00+01:00,5259,Holt-Winters,1840.8710248379998,1940.1017761353992
2013-12-16 19:20:00+01:00,5259,Holt-Winters,1864.1748189448856,1764.1958249397057
2013-12-16 19:30:00+01:00,5259,Holt-Winters,1815.919576026279,1726.8529667401303
2013-12-16 19:40:00+01:00,5259,Holt-Winters,1556.1769534235257,1697.6383461983114
2013-12-16 19:50:00+01:00,5259,Holt-Winters,1483.8280027889798,1550.8187962921354
2013-12-16 20:00:00+01:00,5259,Holt-Winters,1350.4185893230958,1456.3648665029561
2013-12-16 20:10:00+01:00,5259,Holt-Winters,1286.6215678230387,1325.1478720102582
2013-12-16 20:20:00+01:00,5259,Holt-Winters,1215.8221219491643,1224.4883819713893
2013-12-16 20:30:00+01:00,5259,Holt-Winters,1162.746253035903,1151.5842732913018
2013-12-16 20:40:00+01:00,5259,Holt-Winters,1167.4231488764963,1135.8730828490259
2013-12-16 20:50:00+01:00,5259,Holt-Winters,962.3013952792026,1120.380126633897
2013-12-16 21:00:00+01:00,5259,Holt-Winters,951.8954550191452,990.316854404305
2013-12-16 21:10:00+01:00,5259,Holt-Winters,927.2463121432531,894.0083898695053
2013-12-16 21:20:00+01:00,5259,Holt-Winters,875.9510409007667,870.8157579249184
2013-12-16 21:30:00+01:00,5259,Holt-Winters,853.0675487997621,861.55815509238
2013-12-16 21:40:00+01:00,5259,Holt-Winters,817.6552269628801,840.7935397096564
2013-12-16 21:50:00+01:00,5259,Holt-Winters,764.6573964769121,752.6646269799922
2013-12-16 22:00:00+01:00,5259,Holt-Winters,819.1555457572014,748.6094236466595
2013-12-16 22:10:00+01:00,5259,Holt-Winters,746.0706382294346,764.618805292409
2013-12-16 22:20:00+01:00,5259,Holt-Winters,672.637745486664,715.8009532233337
2013-12-16 22:30:00+01:00,5259,Holt-Winters,686.4748731049707,681.0079326348686
2013-12-16 22:40:00+01:00,5259,Holt-Winters,691.5768979191633,655.77816156762
2013-12-16 22:50:00+01:00,5259,Holt-Winters,721.835402793747,635.2245432593296
2013-12-16 23:00:00+01:00,5259,Holt-Winters,670.4378984320219,668.0897383608639
2013-12-16 23:10:00+01:00,5259,Holt-Winters,651.5783809786882,643.7428060474721
2013-12-16 23:20:00+01:00,5259,Holt-Winters,609.9293871411836,644.5044030336614
2013-12-16 23:30:00+01:00,5259,Holt-Winters,588.9925199882217,610.109063343593
2013-12-16 23:40:00+01:00,5259,Holt-Winters,525.4099245161871,557.1936844287338
2013-12-16 23:50:00+01:00,5259,Holt-Winters,516.7734600937091,530.2348213536402
2013-12-17 00:00:00+01:00,5259,Holt-Winters,467.06071091054497,522.1942022117055
2013-12-17 00:10:00+01:00,5259,Holt-Winters,495.03102907536714,506.9023615962681
2013-12-17 00:20:00+01:00,5259,Holt-Winters,440.19059733799304,505.1340470647186
2013-12-17 00:30:00+01:00,5259,Holt-Winters,458.8445223763198,469.6517072452029
2013-12-17 00:40:00+01:00,5259,Holt-Winters,489.79425554868016,495.51420352087626
2013-12-17 00:50:00+01:00,5259,Holt-Winters,408.49871876603765,484.5224527489233
2013-12-17 01:00:00+01:00,5259,Holt-Winters,388.2889551227609,453.8156164059482
2013-12-17 01:10:00+01:00,5259,Holt-Winters,415.6460258850313,421.9692392200843
2013-12-17 01:20:00+01:00,5259,Holt-Winters,387.5083917436968,390.3263089839536
2013-12-17 01:30:00+01:00,5259,Holt-Winters,314.9284734537841,382.2844649542892
2013-12-17 01:40:00+01:00,5259,Holt-Winters,360.45959008297524,344.7843921886803
2013-12-17 01:50:00+01:00,5259,Holt-Winters,302.2349546736518,327.34373256360306
2013-12-17 02:00:00+01:00,5259,Holt-Winters,288.7283914023612,268.286592163973
2013-12-17 02:10:00+01:00,5259,Holt-Winters,350.71538687571643,279.49459711553925
2013-12-17 02:20:00+01:00,5259,Holt-Winters,315.43919304670925,293.8181992992827
2013-12-17 02:30:00+01:00,5259,Holt-Winters,325.1870019608894,275.5746556664914
2013-12-17 02:40:00+01:00,5259,Holt-Winters,376.631611345918,310.6625030830445
2013-12-17 02:50:00+01:00,5259,Holt-Winters,344.88117039245583,304.2918786940774
2013-12-17 03:00:00+01:00,5259,Holt-Winters,306.3181042019934,324.1419739288481
2013-12-17 03:10:00+01:00,5259,Holt-Winters,379.130470973628,279.93328306149385
2013-12-17 03:20:00+01:00,5259,Holt-Winters,325.178730480181,299.7228231206643
2013-12-17 03:30:00+01:00,5259,Holt-Winters,319.28712012589995,312.0434181043434
2013-12-17 03:40:00+01:00,5259,Holt-Winters,333.0001483713104,313.5913440593479
2013-12-17 03:50:00+01:00,5259,Holt-Winters,284.91958425725534,312.23582878290176
2013-12-17 04:00:00+01:00,5259,Holt-Winters,282.0920704138845,267.9321092789709
2013-12-17 04:10:00+01:00,5259,Holt-Winters,316.856937076561,271.11267582726475
2013-12-17 04:20:00+01:00,5259,Holt-Winters,279.538666129982,255.87368238743156
2013-12-17 04:30:00+01:00,5259,Holt-Winters,316.08958227172894,244.709970658618
2013-12-17 04:40:00+01:00,5259,Holt-Winters,313.3697120239398,268.70652776727
2013-12-17 04:50:00+01:00,5259,Holt-Winters,296.6811874812207,273.37584857793865
2013-12-17 05:00:00+01:00,5259,Holt-Winters,290.3907096940581,277.0783972450091
2013-12-17 05:10:00+01:00,5259,Holt-Winters,339.1140189265654,270.8890380436175
2013-12-17 05:20:00+01:00,5259,Holt-Winters,308.0924840263518,306.15882617178687
2013-12-17 05:30:00+01:00,5259,Holt-Winters,294.46112916705914,329.39053273441743
2013-12-17 05:40:00+01:00,5259,Holt-Winters,315.03189379512054,327.14564869828536
2013-12-17 05:50:00+01:00,5259,Holt-Winters,331.9913322207382,324.45997715491677
2013-12-17 06:00:00+01:00,5259,Holt-Winters,317.0409959618591,340.82998250944786
2013-12-17 06:10:00+01:00,5259,Holt-Winters,330.7334016329294,334.07719848829635
2013-12-17 06:20:00+01:00,5259,Holt-Winters,338.52611334543707,329.09625049620456
2013-12-17 06:30:00+01:00,5259,Holt-Winters,311.9849558262465,354.50074826200427
2013-12-17 06:40:00+01:00,5259,Holt-Winters,377.2446097481642,346.45958428176147
2013-12-17 06:50:00+01:00,5259,Holt-Winters,364.6079825014748,376.71886040855753
2013-12-17 07:00:00+01:00,5259,Holt-Winters,463.999797952032,412.4292637092414
2013-12-17 07:10:00+01:00,5259,Holt-Winters,515.5595683177615,465.77306587453546
2013-12-17 07:20:00+01:00,5259,Holt-Winters,516.2354324627687,507.72401014540463
2013-12-17 07:30:00+01:00,5259,Holt-Winters,538.0558962925077,552.6246027894194
2013-12-17 07:40:00+01:00,5259,Holt-Winters,723.5852083918212,656.7102605151831
2013-12-17 07:50:00+01:00,5259,Holt-Winters,763.5819170188058,724.045019853226
2013-12-17 08:00:00+01:00,5259,Holt-Winters,728.2444448741306,825.0275625525419
2013-12-17 08:10:00+01:00,5259,Holt-Winters,929.1892966376155,863.0150040010319
2013-12-17 08:20:00+01:00,5259,Holt-Winters,1197.8624855872697,1014.1406101940385
2013-12-17 08:30:00+01:00,5259,Holt-Winters,1237.7401196758376,1291.5579845440243
2013-12-17 08:40:00+01:00,5259,Holt-Winters,1657.8983773660666,1401.9347059910071
2013-12-17 08:50:00+01:00,5259,Holt-Winters,1860.2917224080766,1744.3231724576601
2013-12-17 09:00:00+01:00,5259,Holt-Winters,2083.8604871376288,2006.5994158712208
2013-12-17 09:10:00+01:00,5259,Holt-Winters,2054.594297944668,2204.182332559761
2013-12-17 09:20:00+01:00,5259,Holt-Winters,2340.44887484216,2238.9576315601225
2013-12-17 09:30:00+01:00,5259,Holt-Winters,2494.3693956195325,2415.3019696744395
2013-12-17 09:40:00+01:00,5259,Holt-Winters,2697.0933799821023,2570.7100814849764
2013-12-17 09:50:00+01:00,5259,Holt-Winters,2653.8050612841075,2701.086300593007
2013-12-17 10:00:00+01:00,5259,Holt-Winters,2913.4266526730726,2798.217845396128
2013-12-17 10:10:00+01:00,5259,Holt-Winters,2943.049202879115,2898.035042946951
2013-12-17 10:20:00+01:00,5259,Holt-Winters,2912.6916604257776,2966.3940178556336
2013-12-17 10:30:00+01:00,5259,Holt-Winters,2882.7919290560703,3073.411109327107
2013-12-17 10:40:00+01:00,5259,Holt-Winters,2897.9876864936605,3027.6248540645283
2013-12-17 10:50:00+01:00,5259,Holt-Winters,3178.6437390347182,2960.739695457017
2013-12-17 11:00:00+01:00,5259,Holt-Winters,2957.5390345859732,3112.0125389970012
2013-12-17 11:10:00+01:00,5259,Holt-Winters,3091.1827548452734,3060.791099625385
2013-12-17 11:20:00+01:00,5259,Holt-Winters,2935.685527561912,3088.6740979901224
2013-12-17 11:30:00+01:00,5259,Holt-Winters,3038.8824517189196,3030.7716997154994
2013-12-17 11:40:00+01:00,5259,Holt-Winters,3033.9994816331905,3027.7908404830305
2013-12-17 11:50:00+01:00,5259,Holt-Winters,3046.004930756597,3015.535163831287
2013-12-17 12:00:00+01:00,5259,Holt-Winters,3170.335272323165,3068.635847114385
2013-12-17 12:10:00+01:00,5259,Holt-Winters,3287.054596942698,3157.489073207151
2013-12-17 12:20:00+01:00,5259,Holt-Winters,3273.3979909457234,3271.2603265060156
2013-12-17 12:30:00+01:00,5259,Holt-Winters,3428.1892037308894,3387.8274877385056
2013-12-17 12:40:00+01:00,5259,Holt-Winters,3300.243568170413,3520.868648861611
2013-12-17 12:50:00+01:00,5259,Holt-Winters,3524.259851382224,3443.5750193525273
2013-12-17 13:00:00+01:00,5259,Holt-Winters,3532.3970811520794,3549.187095152231
2013-12-17 13:10:00+01:00,5259,Holt-Winters,3420.4385062093897,3550.4137097442267
2013-12-17 13:20:00+01:00,5259,Holt-Winters,3283.058959090147,3438.865334709708
2013-12-17 13:30:00+01:00,5259,Holt-Winters,3427.2716054475954,3347.8631787651225
2013-12-17 13:40:00+01:00,5259,Holt-Winters,3333.622922919274,3400.703482771474
2013-12-17 13:50:00+01:00,5259,Holt-Winters,3423.7215534665356,3293.4699700118936
2013-12-17 14:00:00+01:00,5259,Holt-Winters,3479.5239715708476,3362.8349895266333
2013-12-17 14:10:00+01:00,5259,Holt-Winters,3253.9462636361404,3381.679343065096
2013-12-17 14:20:00+01:00,5259,Holt-Winters,3157.221299838798,3316.6593675401227
2013-12-17 14:30:00+01:00,5259,Holt-Winters,3336.7227848194216,3111.242393798305
2013-12-17 14:40:00+01:00,5259,Holt-Winters,3390.9921450563656,3191.9924839937094
2013-12-17 14:50:00+01:00,5259,Holt-Winters,3404.9240883487787,3253.703020530595
2013-12-17 15:00:00+01:00,5259,Holt-Winters,3288.2461604218634,3410.268876764207
2013-12-17 15:10:00+01:00,5259,Holt-Winters,3316.8000187207413,3336.2417439870806
2013-12-17 15:20:00+01:00,5259,Holt-Winters,3067.677679739923,3288.644966855864
2013-12-17 15:30:00+01:00,5259,Holt-Winters,3504.392489700039,3159.2369997157593
2013-12-17 15:40:00+01:00,5259,Holt-Winters,3546.8487104473024,3365.024542851864
2013-12-17 15:50:00+01:00,5259,Holt-Winters,3474.941969915728,3515.4855114397965
2013-12-17 16:00:00+01:00,5259,Holt-Winters,3474.567417961731,3529.8429065615205
2013-12-17 16:10:00+01:00,5259,Holt-Winters,3764.5302001921286,3511.6091295691053
2013-12-17 16:20:00+01:00,5259,Holt-Winters,3574.8710152306157,3717.361349085966
2013-12-17 16:30:00+01:00,5259,Holt-Winters,3395.2378571854833,3609.621631144064
2013-12-17 16:40:00+01:00,5259,Holt-Winters,3378.862800094695,3487.839814625071
2013-12-17 16:50:00+01:00,5259,Holt-Winters,3221.694859037559,3430.811578598999
2013-12-17 17:00:00+01:00,5259,Holt-Winters,3290.867951002578,3272.491315147608
2013-12-17 17:10:00+01:00,5259,Holt-Winters,3329.692795518831,3241.8977658238646
2013-12-17 17:20:00+01:00,5259,Holt-Winters,3222.857197135554,3282.614894487466
2013-12-17 17:30:00+01:00,5259,Holt-Winters,3108.7493790017297,3155.9461075966037
2013-12-17 17:40:00+01:00,5259,Holt-Winters,2915.6515750588233,3090.962735397219
2013-12-17 17:50:00+01:00,5259,Holt-Winters,2874.3007110874078,2920.055047589987
2013-12-17 18:00:00+01:00,5259,Holt-Winters,2772.0290993740923,2814.211615828958
2013-12-17 18:10:00+01:00,5259,Holt-Winters,2927.0052200856608,2729.8645153400203
2013-12-17 18:20:00+01:00,5259,Holt-Winters,2516.4592713618176,2717.385528848482
2013-12-17 18:30:00+01:00,5259,Holt-Winters,2449.765440758487,2538.79348473581
2013-12-17 18:40:00+01:00,5259,Holt-Winters,2397.9623867436294,2388.612410898085
2013-12-17 18:50:00+01:00,5259,Holt-Winters,2353.1258897538055,2286.751881833431
2013-12-17 19:00:00+01:00,5259,Holt-Winters,2134.7422032875875,2266.7335475131495
2013-12-17 19:10:00+01:00,5259,Holt-Winters,2112.6351995853215,2096.0046299848063
2013-12-17 19:20:00+01:00,5259,Holt-Winters,1947.9389685539209,1987.1023638906092
2013-12-17 19:30:00+01:00,5259,Holt-Winters,1829.2687651115532,1871.6287725060095
2013-12-17 19:40:00+01:00,5259,Holt-Winters,1907.563389200868,1760.5342195511498
2013-12-17 19:50:00+01:00,5259,Holt-Winters,1698.4341146230265,1774.8296398992368
2013-12-17 20:00:00+01:00,5259,Holt-Winters,1633.7744316143592,1681.4140687659349
2013-12-17 20:10:00+01:00,5259,Holt-Winters,1544.136156666947,1590.4375334047945
2013-12-17 20:20:00+01:00,5259,Holt-Winters,1431.9976841009927,1493.4734970023749
2013-12-17 20:30:00+01:00,5259,Holt-Winters,1385.2742368937363,1396.2437753190873
2013-12-17 20:40:00+01:00,5259,Holt-Winters,1527.5689097045592,1370.8340586598629
2013-12-17 20:50:00+01:00,5259,Holt-Winters,1436.932684935418,1431.8266741221444
2013-12-17 21:00:00+01:00,5259,Holt-Winters,1300.8354000717616,1407.8356488138638
2013-12-17 21:10:00+01:00,5259,Holt-Winters,1182.803925806113,1288.0204241144381
2013-12-17 21:20:00+01:00,5259,Holt-Winters,1130.9696815796033,1194.2288547296941
2013-12-17 21:30:00+01:00,5259,Holt-Winters,1155.969379668684,1147.1587423821625
2013-12-17 21:40:00+01:00,5259,Holt-Winters,1180.3083290307432,1135.4757244011473
2013-12-17 21:50:00+01:00,5259,Holt-Winters,978.6411905452215,1087.7076455203562
2013-12-17 22:00:00+01:00,5259,Holt-Winters,988.7112715471737,1015.2851191069125
2013-12-17 22:10:00+01:00,5259,Holt-Winters,1085.0679739272612,969.9622967036802
2013-12-17 22:20:00+01:00,5259,Holt-Winters,1033.1766738634904,992.0745086326949
2013-12-17 22:30:00+01:00,5259,Holt-Winters,944.3495399442436,1007.1783282709737
2013-12-17 22:40:00+01:00,5259,Holt-Winters,942.019390525435,945.784643526659
2013-12-17 22:50:00+01:00,5259,Holt-Winters,967.8114073882998,901.8894486779122
2013-12-17 23:00:00+01:00,5259,Holt-Winters,1005.8289581153507,920.3857050777967
2013-12-17 23:10:00+01:00,5259,Holt-Winters,907.1660338055203,942.5022924912658
2013-12-17 23:20:00+01:00,5259,Holt-Winters,756.8508235765927,919.5106095133627
2013-12-17 23:30:00+01:00,5259,Holt-Winters,723.3757899064345,808.14511835383
2013-12-17 23:40:00+01:00,5259,Holt-Winters,765.8621444140807,709.4154429922434
2013-12-17 23:50:00+01:00,5259,Holt-Winters,716.9842387095558,724.2114355453888
2013-12-18 00:00:00+01:00,5259,Holt-Winters,661.3384902655516,715.0742659192252
2013-12-18 00:10:00+01:00,5259,Holt-Winters,632.7722086861381,696.593416772394
2013-12-18 00:20:00+01:00,5259,Holt-Winters,580.1304723754099,660.2987829658746
2013-12-18 00:30:00+01:00,5259,Holt-Winters,556.2924929105255,609.5348501046137
2013-12-18 00:40:00+01:00,5259,Holt-Winters,602.693229810565,603.6005519909044
2013-12-18 00:50:00+01:00,5259,Holt-Winters,549.7469944477903,587.1316821992641
2013-12-18 01:00:00+01:00,5259,Holt-Winters,485.1284715073028,572.125028917869
2013-12-18 01:10:00+01:00,5259,Holt-Winters,531.8049002801198,523.0298636095511
2013-12-18 01:20:00+01:00,5259,Holt-Winters,523.7163558117866,495.10290547621616
2013-12-18 01:30:00+01:00,5259,Holt-Winters,457.6911716842491,501.8420061144966
2013-12-18 01:40:00+01:00,5259,Holt-Winters,520.6367067751955,476.36642555392916
2013-12-18 01:50:00+01:00,5259,Holt-Winters,493.67102441828706,475.64362011822374
2013-12-18 02:00:00+01:00,5259,Holt-Winters,406.31779954224396,443.6220365847648
2013-12-18 02:10:00+01:00,5259,Holt-Winters,450.19852019810605,424.10250685609657
2013-12-18 02:20:00+01:00,5259,Holt-Winters,436.35380375776873,411.6004806358113
2013-12-18 02:30:00+01:00,5259,Holt-Winters,380.0415071504931,392.7061799159477
2013-12-18 02:40:00+01:00,5259,Holt-Winters,439.2201185628973,388.5835763094534
2013-12-18 02:50:00+01:00,5259,Holt-Winters,414.04528487155903,367.6150661807438
2013-12-18 03:00:00+01:00,5259,Holt-Winters,377.9306487431058,385.1011571644019
2013-12-18 03:10:00+01:00,5259,Holt-Winters,423.2731000130383,342.25477337563825
2013-12-18 03:20:00+01:00,5259,Holt-Winters,431.6105030704312,347.286752527639
2013-12-18 03:30:00+01:00,5259,Holt-Winters,381.56799241128715,390.06735811032905
2013-12-18 03:40:00+01:00,5259,Holt-Winters,433.53830482435853,381.39382675767774
2013-12-18 03:50:00+01:00,5259,Holt-Winters,402.70054719208156,397.87647732152675
2013-12-18 04:00:00+01:00,5259,Holt-Winters,372.73590281604925,373.0687293125615
2013-12-18 04:10:00+01:00,5259,Holt-Winters,415.7556470193871,369.76252974594564
2013-12-18 04:20:00+01:00,5259,Holt-Winters,406.34727345177555,355.8002830007433
2013-12-18 04:30:00+01:00,5259,Holt-Winters,371.60526225520124,361.69128065198197
2013-12-18 04:40:00+01:00,5259,Holt-Winters,420.7161973719539,351.54855417584884
2013-12-18 04:50:00+01:00,5259,Holt-Winters,392.86649422841344,369.5713508448684
2013-12-18 05:00:00+01:00,5259,Holt-Winters,370.86359355995546,373.5301542424404
2013-12-18 05:10:00+01:00,5259,Holt-Winters,419.2739956791281,358.0601135061319
2013-12-18 05:20:00+01:00,5259,Holt-Winters,399.4987065553128,388.4608297312743
2013-12-18 05:30:00+01:00,5259,Holt-Winters,368.65483089660427,416.0870966031508
2013-12-18 05:40:00+01:00,5259,Holt-Winters,424.99372061281247,405.9760327264392
2013-12-18 05:50:00+01:00,5259,Holt-Winters,428.424024711219,420.7439283481252
2013-12-18 06:00:00+01:00,5259,Holt-Winters,389.513944866211,437.98049451694993
2013-12-18 06:10:00+01:00,5259,Holt-Winters,434.3549029721847,417.2432884053239
2013-12-18 06:20:00+01:00,5259,Holt-Winters,427.3217970380225,423.6954349509647
2013-12-18 06:30:00+01:00,5259,Holt-Winters,394.56573791677044,446.12201247191075
2013-12-18 06:40:00+01:00,5259,Holt-Winters,496.37942306454016,432.80120611100705
2013-12-18 06:50:00+01:00,5259,Holt-Winters,473.81972859739096,482.177650773615
2013-12-18 07:00:00+01:00,5259,Holt-Winters,486.7012359812683,521.6091261070071
2013-12-18 07:10:00+01:00,5259,Holt-Winters,599.9542211229675,525.0018393756949
2013-12-18 07:20:00+01:00,5259,Holt-Winters,525.7067140687788,578.4479802790472
2013-12-18 07:30:00+01:00,5259,Holt-Winters,586.3791451745045,585.1106399812248
2013-12-18 07:40:00+01:00,5259,Holt-Winters,784.0884134091095,693.5544435872555
2013-12-18 07:50:00+01:00,5259,Holt-Winters,714.1670368382408,771.2658778051356
2013-12-18 08:00:00+01:00,5259,Holt-Winters,779.4248462251562,812.6457994504111
2013-12-18 08:10:00+01:00,5259,Holt-Winters,981.3813509148514,881.1476971019601
2013-12-18 08:20:00+01:00,5259,Holt-Winters,1149.2911039613014,1049.4920651835102
2013-12-18 08:30:00+01:00,5259,Holt-Winters,1348.960525534311,1276.059907854414
2013-12-18 08:40:00+01:00,5259,Holt-Winters,1568.052884045338,1456.3706233265448
2013-12-18 08:50:00+01:00,5259,Holt-Winters,1768.0125966580797,1714.9664318266148
2013-12-18 09:00:00+01:00,5259,Holt-Winters,2023.6374580881188,1933.5130264196491
2013-12-18 09:10:00+01:00,5259,Holt-Winters,2272.9026557932207,2129.4961956865945
2013-12-18 09:20:00+01:00,5259,Holt-Winters,2444.1502727315096,2331.11595813107
2013-12-18 09:30:00+01:00,5259,Holt-Winters,2440.644793612992,2524.005315395251
2013-12-18 09:40:00+01:00,5259,Holt-Winters,2575.36368168322,2592.1067343412765
2013-12-18 09:50:00+01:00,5259,Holt-Winters,2680.140651137405,2636.580427747269
2013-12-18 10:00:00+01:00,5259,Holt-Winters,2715.621549803129,2779.1010684593725
2013-12-18 10:10:00+01:00,5259,Holt-Winters,2921.3970014600905,2769.7015145115665
2013-12-18 10:20:00+01:00,5259,Holt-Winters,2777.6829445984777,2888.9247892388403
2013-12-18 10:30:00+01:00,5259,Holt-Winters,2773.9455734073035,2956.1923860233446
2013-12-18 10:40:00+01:00,5259,Holt-Winters,2989.9443346154853,2907.1410377449492
2013-12-18 10:50:00+01:00,5259,Holt-Winters,2846.9409162799802,2959.7769117347502
2013-12-18 11:00:00+01:00,5259,Holt-Winters,2811.032088831203,2919.7140349078127
2013-12-18 11:10:00+01:00,5259,Holt-Winters,3279.428602902029,2882.129943730833
2013-12-18 11:20:00+01:00,5259,Holt-Winters,3163.4816065820332,3118.777665811859
2013-12-18 11:30:00+01:00,5259,Holt-Winters,3015.9002332968525,3190.5966561974205
2013-12-18 11:40:00+01:00,5259,Holt-Winters,3284.273872862363,3100.8389792055227
2013-12-18 11:50:00+01:00,5259,Holt-Winters,3299.7687186012427,3203.885260834436
2013-12-18 12:00:00+01:00,5259,Holt-Winters,2981.03916277119,3314.8856683155796
2013-12-18 12:10:00+01:00,5259,Holt-Winters,3214.5310333329453,3165.225930013181
2013-12-18 12:20:00+01:00,5259,Holt-Winters,3171.614395353887,3225.4615818842494
2013-12-18 12:30:00+01:00,5259,Holt-Winters,3339.4691335045686,3298.904390802746
2013-12-18 12:40:00+01:00,5259,Holt-Winters,3410.1052018374426,3419.9894106434926
2013-12-18 12:50:00+01:00,5259,Holt-Winters,3605.2385918758273,3457.2601078793305
2013-12-18 13:00:00+01:00,5259,Holt-Winters,3426.002249907413,3604.9637308310616
2013-12-18 13:10:00+01:00,5259,Holt-Winters,3416.0273270650027,3515.2351724615064
2013-12-18 13:20:00+01:00,5259,Holt-Winters,3399.940383424251,3417.9306350239385
2013-12-18 13:30:00+01:00,5259,Holt-Winters,3227.800127735796,3407.0612304325364
2013-12-18 13:40:00+01:00,5259,Holt-Winters,3338.310796593488,3311.862305117401
2013-12-18 13:50:00+01:00,5259,Holt-Winters,3355.9116624220464,3251.134800788351
2013-12-18 14:00:00+01:00,5259,Holt-Winters,3166.157030676413,3302.2663086335992
2013-12-18 14:10:00+01:00,5259,Holt-Winters,3369.8702780745884,3166.284940503151
2013-12-18 14:20:00+01:00,5259,Holt-Winters,3113.4396108136393,3280.4020880326307
2013-12-18 14:30:00+01:00,5259,Holt-Winters,3275.3540306663726,3072.765239926739
2013-12-18 14:40:00+01:00,5259,Holt-Winters,3055.2413088613002,3141.5088693540542
2013-12-18 14:50:00+01:00,5259,Holt-Winters,2968.3508034779225,3033.463882685219
2013-12-18 15:00:00+01:00,5259,Holt-Winters,2976.4426110586633,3045.0920601175085
2013-12-18 15:10:00+01:00,5259,Holt-Winters,2978.914909635605,2975.93578953163
2013-12-18 15:20:00+01:00,5259,Holt-Winters,2843.1063698070097,2920.236864820971
2013-12-18 15:30:00+01:00,5259,Holt-Winters,2873.2675467740037,2858.2668962341527
2013-12-18 15:40:00+01:00,5259,Holt-Winters,3034.583119758472,2858.9608290438855
2013-12-18 15:50:00+01:00,5259,Holt-Winters,2952.283996714762,2979.285625909214
2013-12-18 16:00:00+01:00,5259,Holt-Winters,2992.3244802749914,2977.3010671527195
2013-12-18 16:10:00+01:00,5259,Holt-Winters,3030.4352020142283,2979.508576968715
2013-12-18 16:20:00+01:00,5259,Holt-Winters,2983.157401935984,3049.427920679718
2013-12-18 16:30:00+01:00,5259,Holt-Winters,2836.973523462241,2961.4965660205967
2013-12-18 16:40:00+01:00,5259,Holt-Winters,2978.4666619027757,2874.2948208047483
2013-12-18 16:50:00+01:00,5259,Holt-Winters,3022.2868043884923,2932.11274750434
2013-12-18 17:00:00+01:00,5259,Holt-Winters,2991.586565871606,2953.1752363637056
2013-12-18 17:10:00+01:00,5259,Holt-Winters,2801.420325558388,2952.5382069638845
2013-12-18 17:20:00+01:00,5259,Holt-Winters,2843.474053040683,2868.468336807195
2013-12-18 17:30:00+01:00,5259,Holt-Winters,2739.061762550002,2764.869406207571
2013-12-18 17:40:00+01:00,5259,Holt-Winters,2828.4386146343527,2716.7534974968003
2013-12-18 17:50:00+01:00,5259,Holt-Winters,2639.465202447072,2721.7826295847426
2013-12-18 18:00:00+01:00,5259,Holt-Winters,2697.9636373369963,2615.0085611619675
2013-12-18 18:10:00+01:00,5259,Holt-Winters,2509.2981044416015,2622.0961411854405
2013-12-18 18:20:00+01:00,5259,Holt-Winters,2373.925737487832,2447.4686745113613
2013-12-18 18:30:00+01:00,5259,Holt-Winters,2274.8687484277316,2347.5828545553018
2013-12-18 18:40:00+01:00,5259,Holt-Winters,2122.9449339654543,2216.935587928313
2013-12-18 18:50:00+01:00,5259,Holt-Winters,2104.6554793735586,2063.372162469397
2013-12-18 19:00:00+01:00,5259,Holt-Winters,1954.2173694824405,2031.4963394774966
2013-12-18 19:10:00+01:00,5259,Holt-Winters,1900.6039159358509,1894.7431503409523
2013-12-18 19:20:00+01:00,5259,Holt-Winters,1830.8048117732624,1783.7962855102949
2013-12-18 19:30:00+01:00,5259,Holt-Winters,1645.0162963603916,1723.0200986853467
2013-12-18 19:40:00+01:00,5259,Holt-Winters,1657.572856850748,1598.6553470356882
2013-12-18 19:50:00+01:00,5259,Holt-Winters,1499.5960212466816,1565.6786491748417
2013-12-18 20:00:00+01:00,5259,Holt-Winters,1415.3047921046043,1478.1397321235545
2013-12-18 20:10:00+01:00,5259,Holt-Winters,1484.5228135438288,1378.4551915283414
2013-12-18 20:20:00+01:00,5259,Holt-Winters,1344.598166485185,1371.7072099432128
2013-12-18 20:30:00+01:00,5259,Holt-Winters,1296.4247390317278,1303.11712150317
2013-12-18 20:40:00+01:00,5259,Holt-Winters,1235.2767828747697,1289.640818418681
2013-12-18 20:50:00+01:00,5259,Holt-Winters,1203.808097333722,1233.661946046324
2013-12-18 21:00:00+01:00,5259,Holt-Winters,1060.9435222880215,1184.824584495892
2013-12-18 21:10:00+01:00,5259,Holt-Winters,1170.2113863193233,1049.3065960137296
2013-12-18 21:20:00+01:00,5259,Holt-Winters,993.6036285975525,1084.1198922860092
2013-12-18 21:30:00+01:00,5259,Holt-Winters,968.9386683838178,1028.129795237781
2013-12-18 21:40:00+01:00,5259,Holt-Winters,1047.5736695621188,981.0439026132149
2013-12-18 21:50:00+01:00,5259,Holt-Winters,1083.4266078134342,946.9778698540828
2013-12-18 22:00:00+01:00,5259,Holt-Winters,916.0882301560991,1022.7522159114629
2013-12-18 22:10:00+01:00,5259,Holt-Winters,1061.1026115235982,945.4532915751747
2013-12-18 22:20:00+01:00,5259,Holt-Winters,863.0285701350974,977.6475502261512
2013-12-18 22:30:00+01:00,5259,Holt-Winters,815.0374837151279,908.8955987557588
2013-12-18 22:40:00+01:00,5259,Holt-Winters,800.1888159429731,828.2629319266547
2013-12-18 22:50:00+01:00,5259,Holt-Winters,839.2511539023955,767.4348950160911
2013-12-18 23:00:00+01:00,5259,Holt-Winters,747.4280151576586,785.8287905698045
2013-12-18 23:10:00+01:00,5259,Holt-Winters,753.5594707217181,731.2180542540945
2013-12-18 23:20:00+01:00,5259,Holt-Winters,731.6779359363601,732.8536119942363
2013-12-18 23:30:00+01:00,5259,Holt-Winters,626.6589711925102,712.1133056486682
2013-12-18 23:40:00+01:00,5259,Holt-Winters,700.3663006533034,617.0933294836126
2013-12-18 23:50:00+01:00,5259,Holt-Winters,573.6437325894447,651.5772756696948
2013-12-19 00:00:00+01:00,5259,Holt-Winters,551.9770559229543,605.2187572665331
2013-12-19 00:10:00+01:00,5259,Holt-Winters,509.2811934070718,587.4665794119786
2013-12-19 00:20:00+01:00,5259,Holt-Winters,505.89673548443943,543.038342024069
2013-12-19 00:30:00+01:00,5259,Holt-Winters,428.3467480005223,517.4736687053734
2013-12-19 00:40:00+01:00,5259,Holt-Winters,451.1895649977121,492.2173923368779
2013-12-19 00:50:00+01:00,5259,Holt-Winters,433.8096077625656,451.67616937726814
2013-12-19 01:00:00+01:00,5259,Holt-Winters,382.50234180925565,445.85737933906717
2013-12-19 01:10:00+01:00,5259,Holt-Winters,425.51998726958266,409.73694529926166
2013-12-19 01:20:00+01:00,5259,Holt-Winters,422.12451029499056,386.32106176451236
2013-12-19 01:30:00+01:00,5259,Holt-Winters,365.89777222517773,398.04801949866805
2013-12-19 01:40:00+01:00,5259,Holt-Winters,390.9812603346936,380.7714971355044
2013-12-19 01:50:00+01:00,5259,Holt-Winters,364.1540705167869,361.39673356300875
2013-12-19 02:00:00+01:00,5259,Holt-Winters,346.4092027590757,319.83121243086464
2013-12-19 02:10:00+01:00,5259,Holt-Winters,363.6704223918049,337.09109590211364
2013-12-19 02:20:00+01:00,5259,Holt-Winters,336.38780716157413,327.35076099313886
2013-12-19 02:30:00+01:00,5259,Holt-Winters,334.3681498544232,301.37222417191276
2013-12-19 02:40:00+01:00,5259,Holt-Winters,341.22463389173106,325.62847672223023
2013-12-19 02:50:00+01:00,5259,Holt-Winters,362.4994430155958,287.4559853627379
2013-12-19 03:00:00+01:00,5259,Holt-Winters,318.250212850547,323.33248152797296
2013-12-19 03:10:00+01:00,5259,Holt-Winters,352.7724635687015,284.5818645236508
2013-12-19 03:20:00+01:00,5259,Holt-Winters,335.2573194848698,284.6855564670221
2013-12-19 03:30:00+01:00,5259,Holt-Winters,325.4012259742698,309.0984929500399
2013-12-19 03:40:00+01:00,5259,Holt-Winters,332.8095599461154,314.86136702888314
2013-12-19 03:50:00+01:00,5259,Holt-Winters,322.7039095860215,312.0761546556985
2013-12-19 04:00:00+01:00,5259,Holt-Winters,294.5767750298542,289.78381662452415
2013-12-19 04:10:00+01:00,5259,Holt-Winters,348.2298323880014,289.00436493512797
2013-12-19 04:20:00+01:00,5259,Holt-Winters,315.6487409242051,282.7371676781707
2013-12-19 04:30:00+01:00,5259,Holt-Winters,298.3268321673477,278.7047603499471
2013-12-19 04:40:00+01:00,5259,Holt-Winters,366.7232794673901,273.8715428275623
2013-12-19 04:50:00+01:00,5259,Holt-Winters,309.50781946018174,306.1245481029666
2013-12-19 05:00:00+01:00,5259,Holt-Winters,294.1190343560365,299.67956494269686
2013-12-19 05:10:00+01:00,5259,Holt-Winters,335.91270943234395,282.6790707874123
2013-12-19 05:20:00+01:00,5259,Holt-Winters,328.009035628692,308.33728626842424
2013-12-19 05:30:00+01:00,5259,Holt-Winters,307.7118707984752,340.66318091359886
2013-12-19 05:40:00+01:00,5259,Holt-Winters,398.04947313061245,339.26614481871303
2013-12-19 05:50:00+01:00,5259,Holt-Winters,327.9838184839515,378.6263633195978
2013-12-19 06:00:00+01:00,5259,Holt-Winters,329.0496514742861,364.20405045099545
2013-12-19 06:10:00+01:00,5259,Holt-Winters,384.1741954102794,350.8850103714521
2013-12-19 06:20:00+01:00,5259,Holt-Winters,277.479369678744,367.265850034425
2013-12-19 06:30:00+01:00,5259,Holt-Winters,274.7256746718966,335.2311921327324
2013-12-19 06:40:00+01:00,5259,Holt-Winters,325.95720492580034,312.34332816030104
2013-12-19 06:50:00+01:00,5259,Holt-Winters,334.89872865750215,327.592639504447
2013-12-19 07:00:00+01:00,5259,Holt-Winters,386.31302620796504,369.54335446541296
2013-12-19 07:10:00+01:00,5259,Holt-Winters,424.37932241674287,398.41465742192054
2013-12-19 07:20:00+01:00,5259,Holt-Winters,477.2926541983717,420.7909907588735
2013-12-19 07:30:00+01:00,5259,Holt-Winters,715.1280017403977,488.0264886321772
2013-12-19 07:40:00+01:00,5259,Holt-Winters,884.7259897742296,733.1185181588743
2013-12-19 07:50:00+01:00,5259,Holt-Winters,785.5410425786724,861.9868648756079
2013-12-19 08:00:00+01:00,5259,Holt-Winters,678.975500358052,908.7582148050762
2013-12-19 08:10:00+01:00,5259,Holt-Winters,819.5874609180453,874.4561506052538
2013-12-19 08:20:00+01:00,5259,Holt-Winters,879.0157005379313,952.2220001701454
2013-12-19 08:30:00+01:00,5259,Holt-Winters,1063.2783320414917,1068.5580326867794
2013-12-19 08:40:00+01:00,5259,Holt-Winters,1343.3223249132536,1185.9291088841076
2013-12-19 08:50:00+01:00,5259,Holt-Winters,1527.7471838812705,1452.4170753540163
2013-12-19 09:00:00+01:00,5259,Holt-Winters,1859.0157025379651,1669.2454629414337
2013-12-19 09:10:00+01:00,5259,Holt-Winters,1937.3192076548362,1912.2160540279003
2013-12-19 09:20:00+01:00,5259,Holt-Winters,2040.3125906510643,2037.7743689805234
2013-12-19 09:30:00+01:00,5259,Holt-Winters,2293.775628972147,2153.0264450431605
2013-12-19 09:40:00+01:00,5259,Holt-Winters,2391.5419637257683,2337.5976378699197
2013-12-19 09:50:00+01:00,5259,Holt-Winters,2310.9871222561455,2421.4332479004343
2013-12-19 10:00:00+01:00,5259,Holt-Winters,2419.895695461014,2473.733181133613
2013-12-19 10:10:00+01:00,5259,Holt-Winters,2641.6396766977205,2462.7004460517846
2013-12-19 10:20:00+01:00,5259,Holt-Winters,2614.3936436630306,2591.9901525201153
2013-12-19 10:30:00+01:00,5259,Holt-Winters,2709.893971472552,2734.814600437866
2013-12-19 10:40:00+01:00,5259,Holt-Winters,2891.0874806920256,2783.3965916843717
2013-12-19 10:50:00+01:00,5259,Holt-Winters,2683.944051361943,2863.368787249763
2013-12-19 11:00:00+01:00,5259,Holt-Winters,2721.8419762033027,2796.43620513939
2013-12-19 11:10:00+01:00,5259,Holt-Winters,2922.367408799394,2787.0132362857566
2013-12-19 11:20:00+01:00,5259,Holt-Winters,2925.501774598717,2876.7036871522864
2013-12-19 11:30:00+01:00,5259,Holt-Winters,2795.059926028684,2944.324419138556
2013-12-19 11:40:00+01:00,5259,Holt-Winters,2981.7653000071327,2863.911322077494
2013-12-19 11:50:00+01:00,5259,Holt-Winters,2826.9609348449253,2924.0556591276136
2013-12-19 12:00:00+01:00,5259,Holt-Winters,2799.4988331022605,2912.877210358793
2013-12-19 12:10:00+01:00,5259,Holt-Winters,3123.963806668343,2877.0045423783836
2013-12-19 12:20:00+01:00,5259,Holt-Winters,3150.143853685589,3051.5631533300043
2013-12-19 12:30:00+01:00,5259,Holt-Winters,3046.845526746643,3223.9411686159838
2013-12-19 12:40:00+01:00,5259,Holt-Winters,3468.6464501176984,3231.434870025571
2013-12-19 12:50:00+01:00,5259,Holt-Winters,3090.926473644791,3418.140416804238
2013-12-19 13:00:00+01:00,5259,Holt-Winters,3197.6743488896745,3298.8614222610263
2013-12-19 13:10:00+01:00,5259,Holt-Winters,3417.012501839945,3243.070297467555
2013-12-19 13:20:00+01:00,5259,Holt-Winters,2906.858555967026,3301.633268081878
2013-12-19 13:30:00+01:00,5259,Holt-Winters,3040.7359607349626,3075.6179116172207
2013-12-19 13:40:00+01:00,5259,Holt-Winters,3329.9262202587715,3053.458613177666
2013-12-19 13:50:00+01:00,5259,Holt-Winters,3320.116155408195,3138.0856891823223
2013-12-19 14:00:00+01:00,5259,Holt-Winters,3093.6795375771712,3246.2016300533473
2013-12-19 14:10:00+01:00,5259,Holt-Winters,3205.8436687984777,3114.8128605145107
2013-12-19 14:20:00+01:00,5259,Holt-Winters,2994.4029861790304,3174.0198910983904
2013-12-19 14:30:00+01:00,5259,Holt-Winters,2840.915662928795,2963.485484183207
2013-12-19 14:40:00+01:00,5259,Holt-Winters,2868.276095611925,2842.0312701411394
2013-12-19 14:50:00+01:00,5259,Holt-Winters,2783.326245552054,2785.6976744603567
2013-12-19 15:00:00+01:00,5259,Holt-Winters,2646.189450258418,2827.171132794035
2013-12-19 15:10:00+01:00,5259,Holt-Winters,2663.997086885471,2687.8159964756155
2013-12-19 15:20:00+01:00,5259,Holt-Winters,2644.5558327475096,2606.776776441935
2013-12-19 15:30:00+01:00,5259,Holt-Winters,2672.2566197831347,2603.204317845078
2013-12-19 15:40:00+01:00,5259,Holt-Winters,2697.1329954610883,2633.4869330104575
2013-12-19 15:50:00+01:00,5259,Holt-Winters,2690.9582444038033,2687.8067660587217
2013-12-19 16:00:00+01:00,5259,Holt-Winters,2776.708383174766,2698.0510825395445
2013-12-19 16:10:00+01:00,5259,Holt-Winters,2705.3882831335427,2734.665075409402
2013-12-19 16:20:00+01:00,5259,Holt-Winters,2695.671883848976,2757.2418888964926
2013-12-19 16:30:00+01:00,5259,Holt-Winters,2693.885508674622,2667.943712691937
2013-12-19 16:40:00+01:00,5259,Holt-Winters,2853.3986313525616,2666.851671428653
2013-12-19 16:50:00+01:00,5259,Holt-Winters,2749.0470964811216,2779.0960206175623
2013-12-19 17:00:00+01:00,5259,Holt-Winters,3048.1581102222667,2738.0988922881725
2013-12-19 17:10:00+01:00,5259,Holt-Winters,3068.623685335,2901.1410965818336
2013-12-19 17:20:00+01:00,5259,Holt-Winters,3087.5913006492756,3024.008160366629
2013-12-19 17:30:00+01:00,5259,Holt-Winters,3060.106700574797,3006.899003871323
2013-12-19 17:40:00+01:00,5259,Holt-Winters,2897.2187597053417,3041.5736990976093
2013-12-19 17:50:00+01:00,5259,Holt-Winters,2815.6305510381144,2931.0706837435823
2013-12-19 18:00:00+01:00,5259,Holt-Winters,2529.0251117469097,2823.6538780216806
2013-12-19 18:10:00+01:00,5259,Holt-Winters,2245.4713092455854,2621.293402921252
2013-12-19 18:20:00+01:00,5259,Holt-Winters,2233.3382046705087,2282.5832917312878
2013-12-19 18:30:00+01:00,5259,Holt-Winters,2286.0046069911095,2175.478055978649
2013-12-19 18:40:00+01:00,5259,Holt-Winters,2205.6169980668956,2135.6346475240243
2013-12-19 18:50:00+01:00,5259,Holt-Winters,1936.19721752822,2073.4782891277687
2013-12-19 19:00:00+01:00,5259,Holt-Winters,1866.6300850091386,1938.8518149713482
2013-12-19 19:10:00+01:00,5259,Holt-Winters,1681.967355372373,1798.2471380245934
2013-12-19 19:20:00+01:00,5259,Holt-Winters,1652.0214797648825,1608.5828737734878
2013-12-19 19:30:00+01:00,5259,Holt-Winters,1538.908685464507,1533.3113203101248
2013-12-19 19:40:00+01:00,5259,Holt-Winters,1475.517316243828,1447.2926017364437
2013-12-19 19:50:00+01:00,5259,Holt-Winters,1352.8420783634906,1390.3658752061554
2013-12-19 20:00:00+01:00,5259,Holt-Winters,1158.3793571493502,1312.9386239145063
2013-12-19 20:10:00+01:00,5259,Holt-Winters,1261.2252550941218,1153.959374849932
2013-12-19 20:20:00+01:00,5259,Holt-Winters,1102.8249053062839,1138.4728367277355
2013-12-19 20:30:00+01:00,5259,Holt-Winters,1114.7931243188307,1056.2646284556554
2013-12-19 20:40:00+01:00,5259,Holt-Winters,1173.9223858322976,1073.3934601615445
2013-12-19 20:50:00+01:00,5259,Holt-Winters,1068.9014145173153,1105.892949341148
2013-12-19 21:00:00+01:00,5259,Holt-Winters,939.7295092216457,1058.1654055047372
2013-12-19 21:10:00+01:00,5259,Holt-Winters,1005.5470820559791,930.3631370035018
2013-12-19 21:20:00+01:00,5259,Holt-Winters,993.173370291629,942.3184286677532
2013-12-19 21:30:00+01:00,5259,Holt-Winters,919.0538027436405,971.926566483756
2013-12-19 21:40:00+01:00,5259,Holt-Winters,906.5616429370438,937.9051220652631
2013-12-19 21:50:00+01:00,5259,Holt-Winters,883.3216822778899,854.3560296674498
2013-12-19 22:00:00+01:00,5259,Holt-Winters,956.2233153901885,868.5584659978122
2013-12-19 22:10:00+01:00,5259,Holt-Winters,833.2599326349705,903.1430383437382
2013-12-19 22:20:00+01:00,5259,Holt-Winters,928.9671459199985,832.3400499222046
2013-12-19 22:30:00+01:00,5259,Holt-Winters,825.7766819098534,885.720865960129
2013-12-19 22:40:00+01:00,5259,Holt-Winters,843.0537623202124,833.9357090718989
2013-12-19 22:50:00+01:00,5259,Holt-Winters,873.6687884017166,805.0576465570641
2013-12-19 23:00:00+01:00,5259,Holt-Winters,799.6934224818923,832.5688634372536
2013-12-19 23:10:00+01:00,5259,Holt-Winters,756.8203074981915,791.0991096307447
2013-12-19 23:20:00+01:00,5259,Holt-Winters,680.1864630686526,768.2807247984049
2013-12-19 23:30:00+01:00,5259,Holt-Winters,654.8073294978052,700.9793298036204
2013-12-19 23:40:00+01:00,5259,Holt-Winters,658.9542062707085,629.161525416368
2013-12-19 23:50:00+01:00,5259,Holt-Winters,670.3718551048993,633.8409295166302
2013-12-20 00:00:00+01:00,5259,Holt-Winters,609.7656917950054,654.4961062367
2013-12-20 00:10:00+01:00,5259,Holt-Winters,572.6031266797195,647.2585420159829
2013-12-20 00:20:00+01:00,5259,Holt-Winters,546.6251282759096,610.370562681757
2013-12-20 00:30:00+01:00,5259,Holt-Winters,445.5344908488901,574.1054449637
2013-12-20 00:40:00+01:00,5259,Holt-Winters,416.47782113461,528.5216892945726
2013-12-20 00:50:00+01:00,5259,Holt-Winters,437.1907459350344,446.3151678701301
2013-12-20 01:00:00+01:00,5259,Holt-Winters,388.09548056227027,442.2456959505595
2013-12-20 01:10:00+01:00,5259,Holt-Winters,445.2629794653566,408.95959134148916
2013-12-20 01:20:00+01:00,5259,Holt-Winters,432.44375929540394,395.88148967107725
2013-12-20 01:30:00+01:00,5259,Holt-Winters,399.5137732502349,407.5117691957733
2013-12-20 01:40:00+01:00,5259,Holt-Winters,385.19984436500135,404.1669282362154
2013-12-20 01:50:00+01:00,5259,Holt-Winters,376.38799503261635,368.3704614180789
2013-12-20 02:00:00+01:00,5259,Holt-Winters,302.25841356939327,329.1511858536449
2013-12-20 02:10:00+01:00,5259,Holt-Winters,334.0398054973535,314.14103797491464
2013-12-20 02:20:00+01:00,5259,Holt-Winters,321.2562842959074,296.9995003817115
2013-12-20 02:30:00+01:00,5259,Holt-Winters,274.6669187819346,276.59457202325024
2013-12-20 02:40:00+01:00,5259,Holt-Winters,295.4777932504251,277.73462572482697
2013-12-20 02:50:00+01:00,5259,Holt-Winters,303.4792118264635,236.75087147298694
2013-12-20 03:00:00+01:00,5259,Holt-Winters,269.9535530110579,264.0748834260117
2013-12-20 03:10:00+01:00,5259,Holt-Winters,264.63656180150366,228.10633147923585
2013-12-20 03:20:00+01:00,5259,Holt-Winters,304.62818202385733,206.5638769612243
2013-12-20 03:30:00+01:00,5259,Holt-Winters,258.4850144043118,254.93284049714288
2013-12-20 03:40:00+01:00,5259,Holt-Winters,254.4398625238072,251.85755377565295
2013-12-20 03:50:00+01:00,5259,Holt-Winters,292.40666612837435,238.06287900552832
2013-12-20 04:00:00+01:00,5259,Holt-Winters,244.99834943848876,239.2499340874433
2013-12-20 04:10:00+01:00,5259,Holt-Winters,281.62977052923833,239.19536871186162
2013-12-20 04:20:00+01:00,5259,Holt-Winters,310.6494945809593,223.1216010240257
2013-12-20 04:30:00+01:00,5259,Holt-Winters,270.85392549476296,250.84767501125654
2013-12-20 04:40:00+01:00,5259,Holt-Winters,288.67058737454704,248.6437708720097
2013-12-20 04:50:00+01:00,5259,Holt-Winters,311.66558400725637,251.6342290016712
2013-12-20 05:00:00+01:00,5259,Holt-Winters,340.3085237739101,277.9363791990898
2013-12-20 05:10:00+01:00,5259,Holt-Winters,257.4002293964514,303.71837157990433
2013-12-20 05:20:00+01:00,5259,Holt-Winters,263.8350412963807,276.04317468289634
2013-12-20 05:30:00+01:00,5259,Holt-Winters,236.58239752559695,289.14591709650193
2013-12-20 05:40:00+01:00,5259,Holt-Winters,278.8231478993851,274.04086168739923
2013-12-20 05:50:00+01:00,5259,Holt-Winters,284.6566310922166,278.27417913137396
2013-12-20 06:00:00+01:00,5259,Holt-Winters,254.33759579480684,292.05874911605713
2013-12-20 06:10:00+01:00,5259,Holt-Winters,276.81293158237366,275.2115615386482
2013-12-20 06:20:00+01:00,5259,Holt-Winters,281.8144032326946,270.7508903140199
2013-12-20 06:30:00+01:00,5259,Holt-Winters,239.2689556428678,295.2031451817476
2013-12-20 06:40:00+01:00,5259,Holt-Winters,286.4894965632516,277.50974588244236
2013-12-20 06:50:00+01:00,5259,Holt-Winters,352.12358950191964,292.5068737999867
2013-12-20 07:00:00+01:00,5259,Holt-Winters,332.0283632298995,367.6379675117403
2013-12-20 07:10:00+01:00,5259,Holt-Winters,333.0471304764933,370.11894845122015
2013-12-20 07:20:00+01:00,5259,Holt-Winters,385.9553604200071,356.3421373874471
2013-12-20 07:30:00+01:00,5259,Holt-Winters,387.94476621409285,405.2456857578288
2013-12-20 07:40:00+01:00,5259,Holt-Winters,561.6152350619359,501.1096642302561
2013-12-20 07:50:00+01:00,5259,Holt-Winters,627.8576660723052,558.4955088469854
2013-12-20 08:00:00+01:00,5259,Holt-Winters,701.8378955616088,671.2834964909943
2013-12-20 08:10:00+01:00,5259,Holt-Winters,829.5209369915339,781.4000647255523
2013-12-20 08:20:00+01:00,5259,Holt-Winters,994.8753891266872,925.6250154883234
2013-12-20 08:30:00+01:00,5259,Holt-Winters,1025.4428321261255,1137.329768244855
2013-12-20 08:40:00+01:00,5259,Holt-Winters,1384.3286153230322,1208.8569488847995
2013-12-20 08:50:00+01:00,5259,Holt-Winters,1571.4777101538743,1496.1186388663748
2013-12-20 09:00:00+01:00,5259,Holt-Winters,1814.9302888953819,1723.0944943876045
2013-12-20 09:10:00+01:00,5259,Holt-Winters,2100.209374837943,1916.9425641678813
2013-12-20 09:20:00+01:00,5259,Holt-Winters,2204.18261002048,2139.534897803675
2013-12-20 09:30:00+01:00,5259,Holt-Winters,2249.3413823213837,2303.345239606941
2013-12-20 09:40:00+01:00,5259,Holt-Winters,2339.186009744743,2385.950110325915
2013-12-20 09:50:00+01:00,5259,Holt-Winters,2431.0934533798672,2411.494873644588
2013-12-20 10:00:00+01:00,5259,Holt-Winters,2359.009569657991,2537.0825060664383
2013-12-20 10:10:00+01:00,5259,Holt-Winters,2436.4667089329178,2455.636361306429
2013-12-20 10:20:00+01:00,5259,Holt-Winters,2569.6574435367143,2463.1130354847733
2013-12-20 10:30:00+01:00,5259,Holt-Winters,2629.2472591825763,2641.3347475289447
2013-12-20 10:40:00+01:00,5259,Holt-Winters,2746.3516938302946,2688.950959368495
2013-12-20 10:50:00+01:00,5259,Holt-Winters,2668.5207708084786,2731.861196834533
2013-12-20 11:00:00+01:00,5259,Holt-Winters,2748.2460270806578,2724.757150623011
2013-12-20 11:10:00+01:00,5259,Holt-Winters,2844.244944838325,2771.884889602188
2013-12-20 11:20:00+01:00,5259,Holt-Winters,2771.447553906784,2827.9206214944084
2013-12-20 11:30:00+01:00,5259,Holt-Winters,2981.771930170417,2832.7685657004145
2013-12-20 11:40:00+01:00,5259,Holt-Winters,3096.7255252515106,2923.9909231470583
2013-12-20 11:50:00+01:00,5259,Holt-Winters,2980.4052971478523,3028.2976599000654
2013-12-20 12:00:00+01:00,5259,Holt-Winters,2922.0238003766917,3059.986627508714
2013-12-20 12:10:00+01:00,5259,Holt-Winters,3167.6195026604228,3024.602100568912
2013-12-20 12:20:00+01:00,5259,Holt-Winters,3094.6331216011554,3149.610909243094
2013-12-20 12:30:00+01:00,5259,Holt-Winters,3288.548019358355,3235.8524640708397
2013-12-20 12:40:00+01:00,5259,Holt-Winters,3428.227485898283,3376.356416172484
2013-12-20 12:50:00+01:00,5259,Holt-Winters,3247.3108841486815,3462.1979883441886
2013-12-20 13:00:00+01:00,5259,Holt-Winters,3309.419942686655,3407.9723738893044
2013-12-20 13:10:00+01:00,5259,Holt-Winters,3445.0587631109474,3358.4485354106782
2013-12-20 13:20:00+01:00,5259,Holt-Winters,3121.7589937345383,3369.4109111998628
2013-12-20 13:30:00+01:00,5259,Holt-Winters,3351.352105353143,3230.0940903362925
2013-12-20 13:40:00+01:00,5259,Holt-Winters,3261.430449238371,3308.460459202655
2013-12-20 13:50:00+01:00,5259,Holt-Winters,3091.6463574471036,3216.094342167287
2013-12-20 14:00:00+01:00,5259,Holt-Winters,3273.648453339278,3137.53259613928
2013-12-20 14:10:00+01:00,5259,Holt-Winters,3073.1974083212835,3156.916204230806
2013-12-20 14:20:00+01:00,5259,Holt-Winters,3069.3202076541907,3109.183117219523
2013-12-20 14:30:00+01:00,5259,Holt-Winters,2959.339887360365,2969.375383212663
2013-12-20 14:40:00+01:00,5259,Holt-Winters,3132.4454292621776,2911.5140328078837
2013-12-20 14:50:00+01:00,5259,Holt-Winters,2841.37919840649,2974.4254429635967
2013-12-20 15:00:00+01:00,5259,Holt-Winters,2857.445818891872,2952.104684486029
2013-12-20 15:10:00+01:00,5259,Holt-Winters,2897.9282040596295,2869.520700291857
2013-12-20 15:20:00+01:00,5259,Holt-Winters,2816.0340689115737,2829.3698441469
2013-12-20 15:30:00+01:00,5259,Holt-Winters,2770.7969375902317,2807.2137422399255
2013-12-20 15:40:00+01:00,5259,Holt-Winters,3127.0876315819837,2782.554736079701
2013-12-20 15:50:00+01:00,5259,Holt-Winters,2878.534011926754,3005.3766627870186
2013-12-20 16:00:00+01:00,5259,Holt-Winters,3007.193346503408,2955.232143934511
2013-12-20 16:10:00+01:00,5259,Holt-Winters,2896.575114355433,2984.058845449946
2013-12-20 16:20:00+01:00,5259,Holt-Winters,2922.5241801053776,2977.826035231608
2013-12-20 16:30:00+01:00,5259,Holt-Winters,2883.4844826857825,2894.285926295883
2013-12-20 16:40:00+01:00,5259,Holt-Winters,2909.833268500605,2873.5036793345635
2013-12-20 16:50:00+01:00,5259,Holt-Winters,2684.6574173828885,2896.171463144773
2013-12-20 17:00:00+01:00,5259,Holt-Winters,2849.2990511941025,2738.4449489357485
2013-12-20 17:10:00+01:00,5259,Holt-Winters,2931.2500008833326,2764.6441433647215
2013-12-20 17:20:00+01:00,5259,Holt-Winters,2573.3012137881137,2859.1204140524164
2013-12-20 17:30:00+01:00,5259,Holt-Winters,2515.5428692862547,2608.46487755023
2013-12-20 17:40:00+01:00,5259,Holt-Winters,2507.943631867917,2513.0976939950365
2013-12-20 17:50:00+01:00,5259,Holt-Winters,2226.5347198116897,2438.091570491284
2013-12-20 18:00:00+01:00,5259,Holt-Winters,2203.546472221539,2238.1891376662015
2013-12-20 18:10:00+01:00,5259,Holt-Winters,2082.3488474930423,2153.186544772715
2013-12-20 18:20:00+01:00,5259,Holt-Winters,1719.5379395826678,1976.816609958648
2013-12-20 18:30:00+01:00,5259,Holt-Winters,1901.2500259255826,1745.5386554363051
2013-12-20 18:40:00+01:00,5259,Holt-Winters,1769.5541082422744,1720.5533954772256
2013-12-20 18:50:00+01:00,5259,Holt-Winters,1628.4906259598765,1637.4978696176263
2013-12-20 19:00:00+01:00,5259,Holt-Winters,1499.522077998501,1570.449219518443
2013-12-20 19:10:00+01:00,5259,Holt-Winters,1488.8445044835007,1429.8748029525345
2013-12-20 19:20:00+01:00,5259,Holt-Winters,1333.2394692139183,1344.007845472816
2013-12-20 19:30:00+01:00,5259,Holt-Winters,1216.8797516469142,1245.8690179253927
2013-12-20 19:40:00+01:00,5259,Holt-Winters,1138.0107118451147,1144.7367712019732
2013-12-20 19:50:00+01:00,5259,Holt-Winters,1066.6330488030633,1070.0165310691098
2013-12-20 20:00:00+01:00,5259,Holt-Winters,1032.1315954881443,1013.6924012540655
2013-12-20 20:10:00+01:00,5259,Holt-Winters,1043.8256016804692,960.4086762609452
2013-12-20 20:20:00+01:00,5259,Holt-Winters,1009.7768222714996,942.9582955618941
2013-12-20 20:30:00+01:00,5259,Holt-Winters,895.5723690141564,931.5720988629546
2013-12-20 20:40:00+01:00,5259,Holt-Winters,914.8564594620601,907.1185873094851
2013-12-20 20:50:00+01:00,5259,Holt-Winters,885.6958424306897,892.3637022311244
2013-12-20 21:00:00+01:00,5259,Holt-Winters,917.4471818523201,864.7194045088789
2013-12-20 21:10:00+01:00,5259,Holt-Winters,873.7311054282055,842.4431406819451
2013-12-20 21:20:00+01:00,5259,Holt-Winters,781.0957406482268,841.2281687781349
2013-12-20 21:30:00+01:00,5259,Holt-Winters,800.365231166556,814.0307387982297
2013-12-20 21:40:00+01:00,5259,Holt-Winters,801.475457713665,805.521589471328
2013-12-20 21:50:00+01:00,5259,Holt-Winters,840.0715195154048,742.4260712218252
2013-12-20 22:00:00+01:00,5259,Holt-Winters,769.939582639189,802.9088191755499
2013-12-20 22:10:00+01:00,5259,Holt-Winters,678.9203261622998,774.4209061095079
2013-12-20 22:20:00+01:00,5259,Holt-Winters,827.2145616200131,689.4913405394184
2013-12-20 22:30:00+01:00,5259,Holt-Winters,803.5615450080104,766.9277103260125
2013-12-20 22:40:00+01:00,5259,Holt-Winters,721.7791567450947,774.6257119916959
2013-12-20 22:50:00+01:00,5259,Holt-Winters,781.7197911937578,716.1041853968236
2013-12-20 23:00:00+01:00,5259,Holt-Winters,704.7131383304658,744.919132964281
2013-12-20 23:10:00+01:00,5259,Holt-Winters,847.9294033318229,701.7216619249976
2013-12-20 23:20:00+01:00,5259,Holt-Winters,711.7117849436646,788.4047868480947
2013-12-20 23:30:00+01:00,5259,Holt-Winters,733.2740668380658,739.968788477188
2013-12-20 23:40:00+01:00,5259,Holt-Winters,672.755801954865,703.3009363682776
2013-12-20 23:50:00+01:00,5259,Holt-Winters,650.9422986067207,684.8660233840221
2013-12-21 00:00:00+01:00,5259,Holt-Winters,660.8227567136173,671.7899000920423
2013-12-21 00:10:00+01:00,5259,Holt-Winters,704.296434104572,688.1528703263856
2013-12-21 00:20:00+01:00,5259,Holt-Winters,598.0852580226956,710.4484156429272
2013-12-21 00:30:00+01:00,5259,Holt-Winters,612.6434791217587,655.0213460139616
2013-12-21 00:40:00+01:00,5259,Holt-Winters,574.4144088865131,666.9335053504286
2013-12-21 00:50:00+01:00,5259,Holt-Winters,538.6332135596473,606.8569808702739
2013-12-21 01:00:00+01:00,5259,Holt-Winters,506.6298449862666,578.2440382096297
2013-12-21 01:10:00+01:00,5259,Holt-Winters,487.7431841080419,540.8927035961631
2013-12-21 01:20:00+01:00,5259,Holt-Winters,479.39101093394993,479.2994867814943
2013-12-21 01:30:00+01:00,5259,Holt-Winters,435.4077734688983,468.45671515754435
2013-12-21 01:40:00+01:00,5259,Holt-Winters,471.4901938912615,447.4341478240839
2013-12-21 01:50:00+01:00,5259,Holt-Winters,396.91701908669586,433.335589862958
2013-12-21 02:00:00+01:00,5259,Holt-Winters,348.55618048721755,366.5163707944274
2013-12-21 02:10:00+01:00,5259,Holt-Winters,479.2811478798862,353.27221652788216
2013-12-21 02:20:00+01:00,5259,Holt-Winters,344.1962320811447,396.61521306935094
2013-12-21 02:30:00+01:00,5259,Holt-Winters,423.16739046153845,334.0905052315616
2013-12-21 02:40:00+01:00,5259,Holt-Winters,399.72093066116963,388.3162467609374
2013-12-21 02:50:00+01:00,5259,Holt-Winters,389.9676207251758,347.7092615214048
2013-12-21 03:00:00+01:00,5259,Holt-Winters,368.2229760012813,363.8736771365291
2013-12-21 03:10:00+01:00,5259,Holt-Winters,400.0104837785859,328.71096495198105
2013-12-21 03:20:00+01:00,5259,Holt-Winters,342.7416116909496,329.35589205145817
2013-12-21 03:30:00+01:00,5259,Holt-Winters,298.1574629510327,330.6011134100087
2013-12-21 03:40:00+01:00,5259,Holt-Winters,299.02449945906835,304.28564686810796
2013-12-21 03:50:00+01:00,5259,Holt-Winters,308.5446257891095,282.13561608737876
2013-12-21 04:00:00+01:00,5259,Holt-Winters,347.9020434248095,262.88475135086713
2013-12-21 04:10:00+01:00,5259,Holt-Winters,346.2134297498721,305.00771378387924
2013-12-21 04:20:00+01:00,5259,Holt-Winters,249.6251589513962,288.1232597707707
2013-12-21 04:30:00+01:00,5259,Holt-Winters,243.9517629097483,240.63293177169524
2013-12-21 04:40:00+01:00,5259,Holt-Winters,255.1974233463325,221.18931135908198
2013-12-21 04:50:00+01:00,5259,Holt-Winters,206.6522474701768,213.00458355530589
2013-12-21 05:00:00+01:00,5259,Holt-Winters,213.54369256121728,192.51387196122894
2013-12-21 05:10:00+01:00,5259,Holt-Winters,264.47837667532394,183.29741326585946
2013-12-21 05:20:00+01:00,5259,Holt-Winters,190.69512700070686,219.78765207851947
2013-12-21 05:30:00+01:00,5259,Holt-Winters,212.31594616003238,219.36253343228293
2013-12-21 05:40:00+01:00,5259,Holt-Winters,240.7087832895014,227.25507516710366
2013-12-21 05:50:00+01:00,5259,Holt-Winters,186.16051295621213,235.49785528173624
2013-12-21 06:00:00+01:00,5259,Holt-Winters,223.51172366540808,215.53110039698706
2013-12-21 06:10:00+01:00,5259,Holt-Winters,219.18959374821284,222.23064158006767
2013-12-21 06:20:00+01:00,5259,Holt-Winters,205.64354163328952,214.25818243853018
2013-12-21 06:30:00+01:00,5259,Holt-Winters,195.7517528564392,226.0449230597888
2013-12-21 06:40:00+01:00,5259,Holt-Winters,246.6940110058072,221.64857852522735
2013-12-21 06:50:00+01:00,5259,Holt-Winters,202.85001935162123,245.87586603845944
2013-12-21 07:00:00+01:00,5259,Holt-Winters,217.6611521814357,260.4662551275144
2013-12-21 07:10:00+01:00,5259,Holt-Winters,227.7935002377545,253.37098578997114
2013-12-21 07:20:00+01:00,5259,Holt-Winters,215.32538154029004,241.21948781691978
2013-12-21 07:30:00+01:00,5259,Holt-Winters,221.06282982090892,252.9599069168179
2013-12-21 07:40:00+01:00,5259,Holt-Winters,259.14686565944163,333.2435150479759
2013-12-21 07:50:00+01:00,5259,Holt-Winters,272.0750102995978,303.35101037601123
2013-12-21 08:00:00+01:00,5259,Holt-Winters,285.7213952330835,342.07538925286684
2013-12-21 08:10:00+01:00,5259,Holt-Winters,278.9579978542687,381.8548171281059
2013-12-21 08:20:00+01:00,5259,Holt-Winters,278.19640363685704,414.28247378828837
2013-12-21 08:30:00+01:00,5259,Holt-Winters,231.95675490143577,475.2096614069873
2013-12-21 08:40:00+01:00,5259,Holt-Winters,309.91586880198565,430.9091222795702
2013-12-21 08:50:00+01:00,5259,Holt-Winters,275.52032006637586,499.9078584770627
2013-12-21 09:00:00+01:00,5259,Holt-Winters,274.77011016799923,493.55694805317256
2013-12-21 09:10:00+01:00,5259,Holt-Winters,374.7631571091056,435.48637133155034
2013-12-21 09:20:00+01:00,5259,Holt-Winters,319.2448484379948,434.2148128991432
2013-12-21 09:30:00+01:00,5259,Holt-Winters,368.69528165664593,405.710573472665
2013-12-21 09:40:00+01:00,5259,Holt-Winters,379.0768350807855,410.5988060864892
2013-12-21 09:50:00+01:00,5259,Holt-Winters,361.6336811808044,366.2775536679637
2013-12-21 10:00:00+01:00,5259,Holt-Winters,431.4110533336061,406.46734222735444
2013-12-21 10:10:00+01:00,5259,Holt-Winters,454.8043007650936,380.02599313389044
2013-12-21 10:20:00+01:00,5259,Holt-Winters,413.95542863761506,395.0330350377242
2013-12-21 10:30:00+01:00,5259,Holt-Winters,484.3036683537533,482.3369698419932
2013-12-21 10:40:00+01:00,5259,Holt-Winters,528.7534777974037,498.11299829190506
2013-12-21 10:50:00+01:00,5259,Holt-Winters,653.6567015600631,489.29697781559156
2013-12-21 11:00:00+01:00,5259,Holt-Winters,439.90820328840334,583.7570449673938
2013-12-21 11:10:00+01:00,5259,Holt-Winters,483.70580595790653,513.1504113424157
2013-12-21 11:20:00+01:00,5259,Holt-Winters,482.59621910821403,482.5983620028171
2013-12-21 11:30:00+01:00,5259,Holt-Winters,496.2711665015353,491.6931253138513
2013-12-21 11:40:00+01:00,5259,Holt-Winters,505.21230230289314,473.3511930878703
2013-12-21 11:50:00+01:00,5259,Holt-Winters,596.3699121189326,464.115317660983
2013-12-21 12:00:00+01:00,5259,Holt-Winters,616.4279149179355,568.154235473792
2013-12-21 12:10:00+01:00,5259,Holt-Winters,672.2705636481325,622.1509801162017
2013-12-21 12:20:00+01:00,5259,Holt-Winters,606.2477551946198,682.7990747043598
2013-12-21 12:30:00+01:00,5259,Holt-Winters,611.7179741562346,742.6969723016754
2013-12-21 12:40:00+01:00,5259,Holt-Winters,520.1665904785704,760.2820122607511
2013-12-21 12:50:00+01:00,5259,Holt-Winters,497.5312488291261,649.4504599330697
2013-12-21 13:00:00+01:00,5259,Holt-Winters,499.46504663771736,595.4401597256215
2013-12-21 13:10:00+01:00,5259,Holt-Winters,581.1545566882066,517.1035811412371
2013-12-21 13:20:00+01:00,5259,Holt-Winters,552.1505820123089,487.163697092114
2013-12-21 13:30:00+01:00,5259,Holt-Winters,646.7218908737548,507.81942600431813
2013-12-21 13:40:00+01:00,5259,Holt-Winters,643.5366994507382,590.5846134030121
2013-12-21 13:50:00+01:00,5259,Holt-Winters,555.0462190267743,553.2218978050321
2013-12-21 14:00:00+01:00,5259,Holt-Winters,589.1825926502294,551.4243395199542
2013-12-21 14:10:00+01:00,5259,Holt-Winters,602.5065195881185,520.8029443205983
2013-12-21 14:20:00+01:00,5259,Holt-Winters,520.0025703398604,573.8303555440044
2013-12-21 14:30:00+01:00,5259,Holt-Winters,454.64689977612414,437.13196689067905
2013-12-21 14:40:00+01:00,5259,Holt-Winters,489.8504686985074,405.28545994694053
2013-12-21 14:50:00+01:00,5259,Holt-Winters,527.1475237923902,397.2660476469358
2013-12-21 15:00:00+01:00,5259,Holt-Winters,500.52725113121187,533.1896875295672
2013-12-21 15:10:00+01:00,5259,Holt-Winters,549.468044484584,503.9666199008652
2013-12-21 15:20:00+01:00,5259,Holt-Winters,474.72380175545965,492.4728533255669
2013-12-21 15:30:00+01:00,5259,Holt-Winters,481.09318129583704,485.4676503801987
2013-12-21 15:40:00+01:00,5259,Holt-Winters,564.0080725936258,495.82133648305114
2013-12-21 15:50:00+01:00,5259,Holt-Winters,470.2981432687622,570.3323757174837
2013-12-21 16:00:00+01:00,5259,Holt-Winters,507.5579026870922,535.2750531538067
2013-12-21 16:10:00+01:00,5259,Holt-Winters,481.7478810599322,517.358670032676
2013-12-21 16:20:00+01:00,5259,Holt-Winters,476.9444924148179,538.150762867302
2013-12-21 16:30:00+01:00,5259,Holt-Winters,472.4902077471912,450.5180040122787
2013-12-21 16:40:00+01:00,5259,Holt-Winters,574.7180812616468,448.399969435825
2013-12-21 16:50:00+01:00,5259,Holt-Winters,477.4722115375465,525.7575420992921
2013-12-21 17:00:00+01:00,5259,Holt-Winters,509.32198016117985,471.37277519327995
2013-12-21 17:10:00+01:00,5259,Holt-Winters,582.4520468808425,468.98265240908523
2013-12-21 17:20:00+01:00,5259,Holt-Winters,560.9600194629929,541.1591097859044
2013-12-21 17:30:00+01:00,5259,Holt-Winters,488.48518669929325,478.0513468150155
2013-12-21 17:40:00+01:00,5259,Holt-Winters,541.7732908366244,466.63407740694106
2013-12-21 17:50:00+01:00,5259,Holt-Winters,444.57495304364204,465.7005165817835
2013-12-21 18:00:00+01:00,5259,Holt-Winters,530.2712473135754,407.68165185059013
2013-12-21 18:10:00+01:00,5259,Holt-Winters,533.8648930680561,453.05404175331086
2013-12-21 18:20:00+01:00,5259,Holt-Winters,513.3554782727032,409.36643192143833
2013-12-21 18:30:00+01:00,5259,Holt-Winters,471.7497672720474,440.4505686593135
2013-12-21 18:40:00+01:00,5259,Holt-Winters,558.7283437514983,404.8033397403138
2013-12-21 18:50:00+01:00,5259,Holt-Winters,478.33829383943737,434.90097893055304
2013-12-21 19:00:00+01:00,5259,Holt-Winters,481.84168611656725,451.1429431876101
2013-12-21 19:10:00+01:00,5259,Holt-Winters,559.3178443509256,421.4449440655314
2013-12-21 19:20:00+01:00,5259,Holt-Winters,554.1040299108319,434.1588788298213
2013-12-21 19:30:00+01:00,5259,Holt-Winters,547.5673449789922,465.300725464599
2013-12-21 19:40:00+01:00,5259,Holt-Winters,554.0688966064087,484.65643188459103
2013-12-21 19:50:00+01:00,5259,Holt-Winters,477.0685541007663,510.9433020633968
2013-12-21 20:00:00+01:00,5259,Holt-Winters,460.97798685699155,491.4170506964736
2013-12-21 20:10:00+01:00,5259,Holt-Winters,512.955477462117,457.284608590185
2013-12-21 20:20:00+01:00,5259,Holt-Winters,443.4748241883863,464.43861541787277
2013-12-21 20:30:00+01:00,5259,Holt-Winters,471.70853621991034,436.60314642880877
2013-12-21 20:40:00+01:00,5259,Holt-Winters,444.98468060330754,482.12310330513236
2013-12-21 20:50:00+01:00,5259,Holt-Winters,426.44876695848075,469.8045087725737
2013-12-21 21:00:00+01:00,5259,Holt-Winters,461.81091854540495,444.2896267876845
2013-12-21 21:10:00+01:00,5259,Holt-Winters,464.0794782758866,420.774101305929
2013-12-21 21:20:00+01:00,5259,Holt-Winters,454.74392250860035,442.66823541264546
2013-12-21 21:30:00+01:00,5259,Holt-Winters,432.80284284180783,473.6807940992866
2013-12-21 21:40:00+01:00,5259,Holt-Winters,455.83199734612964,466.89321836366605
2013-12-21 21:50:00+01:00,5259,Holt-Winters,469.5780585292882,414.3849976835021
2013-12-21 22:00:00+01:00,5259,Holt-Winters,430.8071559309027,462.6134228013639
2013-12-21 22:10:00+01:00,5259,Holt-Winters,462.6189748030378,444.26200064389934
2013-12-21 22:20:00+01:00,5259,Holt-Winters,474.33507177280916,435.8163125952706
2013-12-21 22:30:00+01:00,5259,Holt-Winters,472.1513960141033,468.51022519587315
2013-12-21 22:40:00+01:00,5259,Holt-Winters,466.91733822754884,463.9696042953878
2013-12-21 22:50:00+01:00,5259,Holt-Winters,535.2953671106408,443.55458976033526
2013-12-21 23:00:00+01:00,5259,Holt-Winters,518.0398517561152,495.53692506637293
2013-12-21 23:10:00+01:00,5259,Holt-Winters,441.8685297336875,498.10042940030974
2013-12-21 23:20:00+01:00,5259,Holt-Winters,385.2777834088073,475.4025611472787
2013-12-21 23:30:00+01:00,5259,Holt-Winters,364.3630301112764,417.6500455688528
2013-12-21 23:40:00+01:00,5259,Holt-Winters,409.0307752606185,351.2661078728249
2013-12-21 23:50:00+01:00,5259,Holt-Winters,324.7920558967463,381.0036140483237
2013-12-22 00:00:00+01:00,5259,Holt-Winters,464.26360688625664,355.64022077977955
2013-12-22 00:10:00+01:00,5259,Holt-Winters,556.5269665377868,442.87684377639874
2013-12-22 00:20:00+01:00,5259,Holt-Winters,559.4771915709165,529.7275250061099
2013-12-22 00:30:00+01:00,5259,Holt-Winters,679.3174382911284,570.391798925299
2013-12-22 00:40:00+01:00,5259,Holt-Winters,820.9844151933889,690.9241078009792
2013-12-22 00:50:00+01:00,5259,Holt-Winters,884.4168706116494,788.8677894911343
2013-12-22 01:00:00+01:00,5259,Holt-Winters,1037.0501562580673,893.612793854306
2013-12-22 01:10:00+01:00,5259,Holt-Winters,994.9923338799573,1026.2547362597575
2013-12-22 01:20:00+01:00,5259,Holt-Winters,1163.5909863328466,1028.0412543189314
2013-12-22 01:30:00+01:00,5259,Holt-Winters,957.0944783371459,1144.9371240477496
2013-12-22 01:40:00+01:00,5259,Holt-Winters,955.593120988486,1082.2098730770495
2013-12-22 01:50:00+01:00,5259,Holt-Winters,995.6390309895252,1015.4980407985155
2013-12-22 02:00:00+01:00,5259,Holt-Winters,985.5195969843061,983.7640385725662
2013-12-22 02:10:00+01:00,5259,Holt-Winters,1118.016635630785,1006.1520665216333
2013-12-22 02:20:00+01:00,5259,Holt-Winters,1052.2269054649703,1063.9231038588287
2013-12-22 02:30:00+01:00,5259,Holt-Winters,1061.6436483755772,1045.6447449197335
2013-12-22 02:40:00+01:00,5259,Holt-Winters,835.6273545052373,1076.8383148272462
2013-12-22 02:50:00+01:00,5259,Holt-Winters,1041.6498345756515,900.2396665380654
2013-12-22 03:00:00+01:00,5259,Holt-Winters,999.2084432207956,974.2837110286466
2013-12-22 03:10:00+01:00,5259,Holt-Winters,820.4096753327752,955.9400677962631
2013-12-22 03:20:00+01:00,5259,Holt-Winters,755.2862946812464,838.6956198237857
2013-12-22 03:30:00+01:00,5259,Holt-Winters,766.4912291902295,775.3528730464004
2013-12-22 03:40:00+01:00,5259,Holt-Winters,650.0858972147582,751.2770064356017
2013-12-22 03:50:00+01:00,5259,Holt-Winters,542.8725729823642,662.5791838818327
2013-12-22 04:00:00+01:00,5259,Holt-Winters,566.5800055428884,542.2748265722053
2013-12-22 04:10:00+01:00,5259,Holt-Winters,569.7812050629507,527.1709429826441
2013-12-22 04:20:00+01:00,5259,Holt-Winters,532.1656029289618,488.5089682172978
2013-12-22 04:30:00+01:00,5259,Holt-Winters,370.3822106596509,469.4648715916979
2013-12-22 04:40:00+01:00,5259,Holt-Winters,393.5229093120897,375.0486459316574
2013-12-22 04:50:00+01:00,5259,Holt-Winters,431.681916811538,339.0736121347268
2013-12-22 05:00:00+01:00,5259,Holt-Winters,362.1343392249836,359.7865814496202
2013-12-22 05:10:00+01:00,5259,Holt-Winters,220.06571674622893,328.92438583061545
2013-12-22 05:20:00+01:00,5259,Holt-Winters,183.95947373068947,241.5754895686887
2013-12-22 05:30:00+01:00,5259,Holt-Winters,186.99693125326772,203.67492148707564
2013-12-22 05:40:00+01:00,5259,Holt-Winters,184.61204489387094,185.57139555935916
2013-12-22 05:50:00+01:00,5259,Holt-Winters,196.3765566258161,166.24934609608758
2013-12-22 06:00:00+01:00,5259,Holt-Winters,167.44131018243277,175.53374220585252
2013-12-22 06:10:00+01:00,5259,Holt-Winters,171.16750468724342,160.72456338276353
2013-12-22 06:20:00+01:00,5259,Holt-Winters,191.29348789660648,149.01297946550932
2013-12-22 06:30:00+01:00,5259,Holt-Winters,161.44585840428567,181.17593828028495
2013-12-22 06:40:00+01:00,5259,Holt-Winters,170.60726868700246,176.92223444504128
2013-12-22 06:50:00+01:00,5259,Holt-Winters,174.6964120438389,177.4737542062161
2013-12-22 07:00:00+01:00,5259,Holt-Winters,181.15366366654473,209.71280926254053
2013-12-22 07:10:00+01:00,5259,Holt-Winters,198.82334880430628,207.63700934275647
2013-12-22 07:20:00+01:00,5259,Holt-Winters,179.3857557595679,203.1281867333292
2013-12-22 07:30:00+01:00,5259,Holt-Winters,180.79421022774417,214.97188700362707
2013-12-22 07:40:00+01:00,5259,Holt-Winters,190.4183923606721,292.9471666711259
2013-12-22 07:50:00+01:00,5259,Holt-Winters,172.81428345026018,245.1235599891179
2013-12-22 08:00:00+01:00,5259,Holt-Winters,196.85368227960794,256.8822645988845
2013-12-22 08:10:00+01:00,5259,Holt-Winters,315.680262350671,289.84390803926925
2013-12-22 08:20:00+01:00,5259,Holt-Winters,185.09997106116208,394.53885229355666
2013-12-22 08:30:00+01:00,5259,Holt-Winters,205.30138941465773,415.07172615421047
2013-12-22 08:40:00+01:00,5259,Holt-Winters,277.9974861256037,389.5484301915939
2013-12-22 08:50:00+01:00,5259,Holt-Winters,269.70777420281104,465.0137830782264
2013-12-22 09:00:00+01:00,5259,Holt-Winters,229.31061927433518,477.2900229413341
2013-12-22 09:10:00+01:00,5259,Holt-Winters,251.14210031853492,404.66917854154036
2013-12-22 09:20:00+01:00,5259,Holt-Winters,241.25100792823832,349.03641769900344
2013-12-22 09:30:00+01:00,5259,Holt-Winters,260.74567155355874,320.37178356954536
2013-12-22 09:40:00+01:00,5259,Holt-Winters,289.5527028300238,308.1595901098072
2013-12-22 09:50:00+01:00,5259,Holt-Winters,317.61769735996444,266.9421848413444
2013-12-22 10:00:00+01:00,5259,Holt-Winters,268.85626460928904,336.64532428108174
2013-12-22 10:10:00+01:00,5259,Holt-Winters,294.9297638550197,254.97904037289604
2013-12-22 10:20:00+01:00,5259,Holt-Winters,320.86196267296395,243.97837263542155
2013-12-22 10:30:00+01:00,5259,Holt-Winters,332.91960140738547,359.0428639396748
2013-12-22 10:40:00+01:00,5259,Holt-Winters,343.0650816646425,355.2261496505946
2013-12-22 10:50:00+01:00,5259,Holt-Winters,319.6542865719334,316.71337410913975
2013-12-22 11:00:00+01:00,5259,Holt-Winters,393.042417766831,308.7590084264811
2013-12-22 11:10:00+01:00,5259,Holt-Winters,390.876406972126,359.1777885227954
2013-12-22 11:20:00+01:00,5259,Holt-Winters,340.589554151675,364.495530349559
2013-12-22 11:30:00+01:00,5259,Holt-Winters,336.1698724013714,362.3253913286543
2013-12-22 11:40:00+01:00,5259,Holt-Winters,408.2396749619402,327.0216640784237
2013-12-22 11:50:00+01:00,5259,Holt-Winters,390.36388917421056,346.66460285166687
2013-12-22 12:00:00+01:00,5259,Holt-Winters,392.3363145200971,400.2820826252839
2013-12-22 12:10:00+01:00,5259,Holt-Winters,410.13563625853806,417.87155184644075
2013-12-22 12:20:00+01:00,5259,Holt-Winters,415.60222494395947,438.20237565312993
2013-12-22 12:30:00+01:00,5259,Holt-Winters,443.78903861356304,521.6236312249813
2013-12-22 12:40:00+01:00,5259,Holt-Winters,465.2193084819477,566.0982190916084
2013-12-22 12:50:00+01:00,5259,Holt-Winters,453.28199318523207,536.895919470638
2013-12-22 13:00:00+01:00,5259,Holt-Winters,546.5486725742113,530.3008232073619
2013-12-22 13:10:00+01:00,5259,Holt-Winters,502.91729839246074,528.8210347362663
2013-12-22 13:20:00+01:00,5259,Holt-Winters,499.9190219826488,460.7810193558791
2013-12-22 13:30:00+01:00,5259,Holt-Winters,481.3729202478705,475.0100180714109
2013-12-22 13:40:00+01:00,5259,Holt-Winters,523.123170935564,485.51180122715203
2013-12-22 13:50:00+01:00,5259,Holt-Winters,493.4487436673232,437.55774729794086
2013-12-22 14:00:00+01:00,5259,Holt-Winters,613.0567725915151,465.77374988210516
2013-12-22 14:10:00+01:00,5259,Holt-Winters,622.0890603304966,501.47685135813674
2013-12-22 14:20:00+01:00,5259,Holt-Winters,585.4621186901668,584.8959471503673
2013-12-22 14:30:00+01:00,5259,Holt-Winters,575.9383938328281,489.3768696721814
2013-12-22 14:40:00+01:00,5259,Holt-Winters,565.0086184279836,509.74127883024437
2013-12-22 14:50:00+01:00,5259,Holt-Winters,508.62467116690857,498.27696901103843
2013-12-22 15:00:00+01:00,5259,Holt-Winters,573.5636166169729,574.070602059408
2013-12-22 15:10:00+01:00,5259,Holt-Winters,540.9849537527407,567.2801094948927
2013-12-22 15:20:00+01:00,5259,Holt-Winters,499.3559717014646,517.8275028301714
2013-12-22 15:30:00+01:00,5259,Holt-Winters,538.5697500024035,510.68414426928837
2013-12-22 15:40:00+01:00,5259,Holt-Winters,542.696941996011,540.4802195693383
2013-12-22 15:50:00+01:00,5259,Holt-Winters,526.4453450811504,577.7321904869842
2013-12-22 16:00:00+01:00,5259,Holt-Winters,529.1865180361443,569.8167068175819
2013-12-22 16:10:00+01:00,5259,Holt-Winters,572.53141037445,545.255077372098
2013-12-22 16:20:00+01:00,5259,Holt-Winters,532.5490703277975,603.72763892681
2013-12-22 16:30:00+01:00,5259,Holt-Winters,580.4257017797742,513.930528711293
2013-12-22 16:40:00+01:00,5259,Holt-Winters,647.1941378344806,541.2034345292338
2013-12-22 16:50:00+01:00,5259,Holt-Winters,558.8858470807647,611.594290999597
2013-12-22 17:00:00+01:00,5259,Holt-Winters,547.6402907481691,558.0966963865405
2013-12-22 17:10:00+01:00,5259,Holt-Winters,564.8172401875252,529.8235639012496
2013-12-22 17:20:00+01:00,5259,Holt-Winters,590.0938685002067,555.1836110176783
2013-12-22 17:30:00+01:00,5259,Holt-Winters,563.3900641529069,496.55026176034795
2013-12-22 17:40:00+01:00,5259,Holt-Winters,624.6272690317459,515.4761685938348
2013-12-22 17:50:00+01:00,5259,Holt-Winters,532.3870428965544,535.0485345418776
2013-12-22 18:00:00+01:00,5259,Holt-Winters,516.3780603548381,490.1866028436086
2013-12-22 18:10:00+01:00,5259,Holt-Winters,556.7154424623785,481.14726658071174
2013-12-22 18:20:00+01:00,5259,Holt-Winters,513.0400197957179,431.5937616884434
2013-12-22 18:30:00+01:00,5259,Holt-Winters,496.2418221524428,446.4553380750008
2013-12-22 18:40:00+01:00,5259,Holt-Winters,521.3202442338579,417.99703486270033
2013-12-22 18:50:00+01:00,5259,Holt-Winters,449.2207554296608,415.52340755938934
2013-12-22 19:00:00+01:00,5259,Holt-Winters,456.6103909229529,420.8759369368316
2013-12-22 19:10:00+01:00,5259,Holt-Winters,406.39129585892664,388.9953285172876
2013-12-22 19:20:00+01:00,5259,Holt-Winters,376.73846222527084,325.51165406710066
2013-12-22 19:30:00+01:00,5259,Holt-Winters,331.3847918854457,304.8341009172725
2013-12-22 19:40:00+01:00,5259,Holt-Winters,360.70958539927113,277.1882858159911
2013-12-22 19:50:00+01:00,5259,Holt-Winters,288.14633212943875,296.14500735783093
2013-12-22 20:00:00+01:00,5259,Holt-Winters,307.36151857552045,278.52073312900086
2013-12-22 20:10:00+01:00,5259,Holt-Winters,340.16920562500866,268.88047447334066
2013-12-22 20:20:00+01:00,5259,Holt-Winters,283.19955457706635,278.8657454694102
2013-12-22 20:30:00+01:00,5259,Holt-Winters,283.0353855116062,261.1003381268995
2013-12-22 20:40:00+01:00,5259,Holt-Winters,243.07598688367258,295.66500544267626
2013-12-22 20:50:00+01:00,5259,Holt-Winters,211.08591145628418,270.56398396169527
2013-12-22 21:00:00+01:00,5259,Holt-Winters,229.33756820292317,231.31030630872786
2013-12-22 21:10:00+01:00,5259,Holt-Winters,252.6313130614489,191.50318514119346
2013-12-22 21:20:00+01:00,5259,Holt-Winters,232.55634678925216,218.6487011435997
2013-12-22 21:30:00+01:00,5259,Holt-Winters,243.388519070819,246.88487113586336
2013-12-22 21:40:00+01:00,5259,Holt-Winters,239.44941432823205,258.95132025447805
2013-12-22 21:50:00+01:00,5259,Holt-Winters,226.13971380610454,200.43519512857267
2013-12-22 22:00:00+01:00,5259,Holt-Winters,218.93284740796375,229.72547700775988
2013-12-22 22:10:00+01:00,5259,Holt-Winters,234.47742939064136,220.96655343662576
2013-12-22 22:20:00+01:00,5259,Holt-Winters,231.8749365765658,208.16795751676443
2013-12-22 22:30:00+01:00,5259,Holt-Winters,213.8835519887023,230.4288634489334
2013-12-22 22:40:00+01:00,5259,Holt-Winters,209.93727813102177,211.5559832443072
2013-12-22 22:50:00+01:00,5259,Holt-Winters,209.09282901295396,185.1733609306062
2013-12-22 23:00:00+01:00,5259,Holt-Winters,213.30539053501704,193.53974071871153
2013-12-22 23:10:00+01:00,5259,Holt-Winters,238.217008095928,187.68982020217194
2013-12-22 23:20:00+01:00,5259,Holt-Winters,188.3727524420056,222.26272363435788
2013-12-22 23:30:00+01:00,5259,Holt-Winters,219.61611599364346,198.32789142950386
2013-12-22 23:40:00+01:00,5259,Holt-Winters,247.00484513486882,179.85791436840344
2013-12-22 23:50:00+01:00,5259,Holt-Winters,202.4136809705029,222.6014315842354
